frame,t,person_id,lm_idx,lm_name,x_px,y_px,x_world,y_world,z_world,visibility,presence
0,0.0000,0,0,nose,678.77,382.95,0.0669,-0.6502,0.0097,0.999,1.000
0,0.0000,0,1,left_eye_inner,671.78,373.52,0.0428,-0.6642,-0.0209,0.999,1.000
0,0.0000,0,2,left_eye,667.65,372.97,0.0442,-0.6639,-0.0125,0.999,1.000
0,0.0000,0,3,left_eye_outer,663.65,372.57,0.0438,-0.6656,-0.0159,0.999,1.000
0,0.0000,0,4,right_eye_inner,682.47,375.07,0.0840,-0.6782,-0.0471,1.000,1.000
0,0.0000,0,5,right_eye,685.88,375.44,0.0867,-0.6767,-0.0594,1.000,1.000
0,0.0000,0,6,right_eye_outer,689.21,375.62,0.0939,-0.6655,-0.0378,1.000,1.000
0,0.0000,0,7,left_ear,657.27,379.54,-0.0419,-0.6153,-0.1042,0.999,1.000
0,0.0000,0,8,right_ear,692.82,381.79,0.0975,-0.5667,-0.1461,1.000,1.000
0,0.0000,0,9,mouth_left,673.42,393.08,0.0502,-0.6261,0.0029,0.999,1.000
0,0.0000,0,10,mouth_right,683.31,394.42,0.0883,-0.5897,-0.0389,0.999,1.000
0,0.0000,0,11,left_shoulder,620.24,443.30,-0.1029,-0.4487,0.0094,1.000,1.000
0,0.0000,0,12,right_shoulder,701.82,452.78,0.1333,-0.4938,-0.0941,1.000,1.000
0,0.0000,0,13,left_elbow,638.32,527.81,-0.0268,-0.2776,0.1065,0.014,1.000
0,0.0000,0,14,right_elbow,714.05,552.77,0.1739,-0.2006,-0.0518,0.885,1.000
0,0.0000,0,15,left_wrist,694.14,540.63,0.1520,-0.2173,0.3027,0.003,1.000
0,0.0000,0,16,right_wrist,739.39,543.46,0.2342,-0.1942,0.0870,0.774,1.000
0,0.0000,0,17,left_pinky,705.87,547.50,0.1763,-0.2372,0.3500,0.005,1.000
0,0.0000,0,18,right_pinky,747.83,546.33,0.2923,-0.2368,0.0629,0.681,1.000
0,0.0000,0,19,left_index,714.50,544.71,0.1927,-0.2359,0.3475,0.005,1.000
0,0.0000,0,20,right_index,743.74,535.71,0.3041,-0.2923,0.0758,0.645,1.000
0,0.0000,0,21,left_thumb,711.53,531.96,0.1787,-0.2017,0.3074,0.005,1.000
0,0.0000,0,22,right_thumb,739.70,533.74,0.2377,-0.2252,0.0896,0.449,1.000
0,0.0000,0,23,left_hip,641.09,608.61,-0.0742,-0.0010,0.0922,1.000,1.000
0,0.0000,0,24,right_hip,679.60,612.70,0.0759,-0.0056,-0.0936,1.000,1.000
0,0.0000,0,25,left_knee,646.96,704.22,-0.0725,0.3728,0.2708,0.379,1.000
0,0.0000,0,26,right_knee,680.77,723.49,0.0928,0.3360,0.0209,0.948,1.000
0,0.0000,0,27,left_ankle,612.83,806.82,-0.1475,0.6803,0.3849,0.761,1.000
0,0.0000,0,28,right_ankle,670.44,839.52,0.0279,0.7046,0.1140,0.961,1.000
0,0.0000,0,29,left_heel,603.54,826.42,-0.1726,0.7154,0.4087,0.901,1.000
0,0.0000,0,30,right_heel,656.97,861.68,0.0249,0.7362,0.0923,0.914,1.000
0,0.0000,0,31,left_foot_index,643.43,813.05,-0.1047,0.7121,0.4716,0.527,1.000
0,0.0000,0,32,right_foot_index,719.72,851.23,0.1229,0.7225,0.0974,0.778,1.000
1,0.0400,0,0,nose,681.94,382.93,0.0821,-0.6462,0.0216,1.000,1.000
1,0.0400,0,1,left_eye_inner,675.76,373.63,0.0564,-0.6620,-0.0102,0.999,1.000
1,0.0400,0,2,left_eye,672.12,373.25,0.0577,-0.6617,-0.0016,0.999,1.000
1,0.0400,0,3,left_eye_outer,668.80,372.99,0.0573,-0.6635,-0.0047,1.000,1.000
1,0.0400,0,4,right_eye_inner,686.03,375.43,0.0991,-0.6760,-0.0366,1.000,1.000
1,0.0400,0,5,right_eye,689.82,376.09,0.1016,-0.6741,-0.0485,1.000,1.000
1,0.0400,0,6,right_eye_outer,693.48,376.59,0.1087,-0.6626,-0.0271,1.000,1.000
1,0.0400,0,7,left_ear,660.59,379.44,-0.0325,-0.6191,-0.0935,1.000,1.000
1,0.0400,0,8,right_ear,696.79,382.68,0.1074,-0.5672,-0.1381,1.000,1.000
1,0.0400,0,9,mouth_left,677.16,393.21,0.0637,-0.6237,0.0151,0.999,1.000
1,0.0400,0,10,mouth_right,686.80,395.21,0.1015,-0.5861,-0.0264,1.000,1.000
1,0.0400,0,11,left_shoulder,623.27,442.22,-0.1028,-0.4534,0.0215,1.000,1.000
1,0.0400,0,12,right_shoulder,702.28,452.92,0.1433,-0.4943,-0.0846,1.000,1.000
1,0.0400,0,13,left_elbow,633.67,524.61,-0.0351,-0.2953,0.1474,0.014,1.000
1,0.0400,0,14,right_elbow,717.35,551.62,0.1850,-0.1995,-0.0385,0.887,1.000
1,0.0400,0,15,left_wrist,690.59,527.98,0.1471,-0.2636,0.3939,0.003,1.000
1,0.0400,0,16,right_wrist,737.73,539.81,0.2389,-0.2025,0.1169,0.769,1.000
1,0.0400,0,17,left_pinky,702.88,532.77,0.1700,-0.2885,0.4474,0.005,1.000
1,0.0400,0,18,right_pinky,747.05,542.85,0.2940,-0.2449,0.0955,0.693,1.000
1,0.0400,0,19,left_index,710.91,529.77,0.1863,-0.2893,0.4442,0.005,1.000
1,0.0400,0,20,right_index,742.95,533.93,0.3073,-0.2978,0.1094,0.660,1.000
1,0.0400,0,21,left_thumb,706.42,524.26,0.1744,-0.2499,0.3997,0.005,1.000
1,0.0400,0,22,right_thumb,738.70,532.03,0.2417,-0.2330,0.1203,0.471,1.000
1,0.0400,0,23,left_hip,643.80,609.06,-0.0769,-0.0029,0.0922,1.000,1.000
1,0.0400,0,24,right_hip,681.70,613.00,0.0785,-0.0039,-0.0936,1.000,1.000
1,0.0400,0,25,left_knee,649.46,704.63,-0.0631,0.3547,0.2696,0.398,1.000
1,0.0400,0,26,right_knee,680.70,723.52,0.1023,0.3270,0.0309,0.950,1.000
1,0.0400,0,27,left_ankle,617.59,804.38,-0.1128,0.6695,0.3880,0.757,1.000
1,0.0400,0,28,right_ankle,671.87,838.25,0.0344,0.6907,0.1266,0.963,1.000
1,0.0400,0,29,left_heel,606.44,825.81,-0.1355,0.7054,0.4115,0.895,1.000
1,0.0400,0,30,right_heel,658.84,861.13,0.0318,0.7222,0.1043,0.916,1.000
1,0.0400,0,31,left_foot_index,653.60,814.55,-0.0666,0.6994,0.4761,0.534,1.000
1,0.0400,0,32,right_foot_index,720.78,847.78,0.1345,0.7030,0.1140,0.793,1.000
2,0.0800,0,0,nose,683.59,384.43,0.0825,-0.6442,0.0205,1.000,1.000
2,0.0800,0,1,left_eye_inner,677.35,376.00,0.0617,-0.6627,-0.0136,0.999,1.000
2,0.0800,0,2,left_eye,673.66,375.59,0.0630,-0.6623,-0.0051,0.999,1.000
2,0.0800,0,3,left_eye_outer,670.10,375.26,0.0627,-0.6643,-0.0080,0.999,1.000
2,0.0800,0,4,right_eye_inner,687.56,377.28,0.1046,-0.6758,-0.0377,1.000,1.000
2,0.0800,0,5,right_eye,690.90,377.69,0.1074,-0.6741,-0.0499,1.000,1.000
2,0.0800,0,6,right_eye_outer,694.34,377.88,0.1143,-0.6630,-0.0282,1.000,1.000
2,0.0800,0,7,left_ear,661.94,381.90,-0.0250,-0.6233,-0.1072,1.000,1.000
2,0.0800,0,8,right_ear,696.34,383.96,0.1209,-0.5700,-0.1387,1.000,1.000
2,0.0800,0,9,mouth_left,678.39,394.63,0.0624,-0.6220,0.0109,0.999,1.000
2,0.0800,0,10,mouth_right,687.90,396.01,0.1022,-0.5838,-0.0282,1.000,1.000
2,0.0800,0,11,left_shoulder,622.94,441.50,-0.1060,-0.4547,0.0006,1.000,1.000
2,0.0800,0,12,right_shoulder,704.03,455.37,0.1547,-0.4930,-0.0821,1.000,1.000
2,0.0800,0,13,left_elbow,630.47,524.14,-0.0460,-0.2934,0.1103,0.019,1.000
2,0.0800,0,14,right_elbow,718.64,551.35,0.1989,-0.2006,-0.0377,0.869,1.000
2,0.0800,0,15,left_wrist,684.72,528.63,0.1269,-0.2511,0.3297,0.003,1.000
2,0.0800,0,16,right_wrist,739.82,540.25,0.2463,-0.2031,0.1061,0.749,1.000
2,0.0800,0,17,left_pinky,695.77,536.58,0.1487,-0.2703,0.3789,0.005,1.000
2,0.0800,0,18,right_pinky,750.19,542.76,0.3016,-0.2434,0.0847,0.664,1.000
2,0.0800,0,19,left_index,704.11,533.83,0.1668,-0.2699,0.3774,0.005,1.000
2,0.0800,0,20,right_index,746.23,534.17,0.3106,-0.2953,0.0958,0.633,1.000
2,0.0800,0,21,left_thumb,701.38,525.58,0.1538,-0.2360,0.3358,0.005,1.000
2,0.0800,0,22,right_thumb,741.58,532.85,0.2479,-0.2334,0.1082,0.451,1.000
2,0.0800,0,23,left_hip,642.98,609.08,-0.0778,-0.0013,0.0863,1.000,1.000
2,0.0800,0,24,right_hip,682.89,612.66,0.0795,-0.0056,-0.0878,1.000,1.000
2,0.0800,0,25,left_knee,649.04,702.78,-0.0556,0.3719,0.2593,0.452,1.000
2,0.0800,0,26,right_knee,680.87,720.15,0.1070,0.3313,0.0150,0.949,1.000
2,0.0800,0,27,left_ankle,621.47,804.05,-0.1059,0.6868,0.3742,0.780,1.000
2,0.0800,0,28,right_ankle,672.86,836.86,0.0401,0.7008,0.0941,0.960,1.000
2,0.0800,0,29,left_heel,610.98,826.03,-0.1288,0.7222,0.3977,0.900,1.000
2,0.0800,0,30,right_heel,658.64,858.17,0.0374,0.7321,0.0706,0.909,1.000
2,0.0800,0,31,left_foot_index,654.34,813.05,-0.0619,0.7138,0.4592,0.539,1.000
2,0.0800,0,32,right_foot_index,721.57,847.29,0.1400,0.7184,0.0745,0.782,1.000
3,0.1200,0,0,nose,683.41,386.91,0.0822,-0.6443,0.0331,1.000,1.000
3,0.1200,0,1,left_eye_inner,677.70,377.78,0.0616,-0.6625,0.0002,1.000,1.000
3,0.1200,0,2,left_eye,674.11,377.37,0.0629,-0.6619,0.0084,1.000,1.000
3,0.1200,0,3,left_eye_outer,670.67,377.10,0.0627,-0.6642,0.0052,1.000,1.000
3,0.1200,0,4,right_eye_inner,687.03,379.27,0.1043,-0.6763,-0.0244,1.000,1.000
3,0.1200,0,5,right_eye,690.36,379.74,0.1072,-0.6749,-0.0367,1.000,1.000
3,0.1200,0,6,right_eye_outer,693.75,380.00,0.1145,-0.6641,-0.0151,1.000,1.000
3,0.1200,0,7,left_ear,664.36,382.67,-0.0254,-0.6224,-0.0960,1.000,1.000
3,0.1200,0,8,right_ear,696.98,385.88,0.1243,-0.5719,-0.1263,1.000,1.000
3,0.1200,0,9,mouth_left,677.95,397.13,0.0617,-0.6215,0.0224,1.000,1.000
3,0.1200,0,10,mouth_right,687.32,398.69,0.1033,-0.5843,-0.0166,1.000,1.000
3,0.1200,0,11,left_shoulder,621.90,443.76,-0.1062,-0.4514,0.0001,1.000,1.000
3,0.1200,0,12,right_shoulder,706.84,458.56,0.1538,-0.4926,-0.0652,1.000,1.000
3,0.1200,0,13,left_elbow,640.10,529.07,-0.0238,-0.2943,0.0909,0.044,1.000
3,0.1200,0,14,right_elbow,720.99,552.79,0.2050,-0.2012,-0.0161,0.894,1.000
3,0.1200,0,15,left_wrist,695.10,523.65,0.1464,-0.2684,0.2889,0.009,1.000
3,0.1200,0,16,right_wrist,740.06,539.50,0.2463,-0.2059,0.1262,0.801,1.000
3,0.1200,0,17,left_pinky,704.13,530.26,0.1653,-0.2899,0.3332,0.013,1.000
3,0.1200,0,18,right_pinky,749.34,542.14,0.2996,-0.2457,0.1063,0.721,1.000
3,0.1200,0,19,left_index,710.79,526.26,0.1804,-0.2937,0.3336,0.012,1.000
3,0.1200,0,20,right_index,745.01,534.81,0.3057,-0.2990,0.1147,0.693,1.000
3,0.1200,0,21,left_thumb,705.62,520.35,0.1718,-0.2563,0.2948,0.012,1.000
3,0.1200,0,22,right_thumb,740.56,533.01,0.2464,-0.2360,0.1278,0.517,1.000
3,0.1200,0,23,left_hip,642.88,608.86,-0.0790,0.0013,0.0783,1.000,1.000
3,0.1200,0,24,right_hip,684.88,612.74,0.0806,-0.0082,-0.0803,1.000,1.000
3,0.1200,0,25,left_knee,648.89,707.01,-0.0585,0.3805,0.2447,0.527,1.000
3,0.1200,0,26,right_knee,678.96,721.23,0.1005,0.3278,0.0185,0.955,1.000
3,0.1200,0,27,left_ankle,623.16,811.01,-0.0912,0.6975,0.3603,0.795,1.000
3,0.1200,0,28,right_ankle,672.98,836.50,0.0463,0.7010,0.0915,0.960,1.000
3,0.1200,0,29,left_heel,614.96,830.17,-0.1126,0.7328,0.3839,0.908,1.000
3,0.1200,0,30,right_heel,659.47,859.01,0.0444,0.7322,0.0669,0.917,1.000
3,0.1200,0,31,left_foot_index,660.06,815.58,-0.0493,0.7191,0.4480,0.562,1.000
3,0.1200,0,32,right_foot_index,722.74,846.66,0.1365,0.7117,0.0738,0.796,1.000
4,0.1600,0,0,nose,682.41,391.45,0.0770,-0.6342,0.0114,1.000,1.000
4,0.1600,0,1,left_eye_inner,676.28,382.29,0.0520,-0.6523,-0.0223,1.000,1.000
4,0.1600,0,2,left_eye,672.62,381.59,0.0534,-0.6523,-0.0137,1.000,1.000
4,0.1600,0,3,left_eye_outer,669.28,381.09,0.0530,-0.6538,-0.0163,1.000,1.000
4,0.1600,0,4,right_eye_inner,686.73,384.26,0.0956,-0.6644,-0.0473,1.000,1.000
4,0.1600,0,5,right_eye,690.32,384.72,0.0979,-0.6626,-0.0589,1.000,1.000
4,0.1600,0,6,right_eye_outer,693.61,384.93,0.1045,-0.6510,-0.0376,1.000,1.000
4,0.1600,0,7,left_ear,661.11,387.64,-0.0336,-0.6142,-0.1049,1.000,1.000
4,0.1600,0,8,right_ear,694.92,390.34,0.1034,-0.5574,-0.1445,1.000,1.000
4,0.1600,0,9,mouth_left,676.59,401.75,0.0600,-0.6123,0.0050,1.000,1.000
4,0.1600,0,10,mouth_right,686.71,402.91,0.0958,-0.5736,-0.0348,1.000,1.000
4,0.1600,0,11,left_shoulder,624.45,447.27,-0.0983,-0.4556,0.0160,1.000,1.000
4,0.1600,0,12,right_shoulder,706.89,462.05,0.1446,-0.4861,-0.0864,1.000,1.000
4,0.1600,0,13,left_elbow,645.74,529.94,-0.0102,-0.3074,0.1464,0.028,1.000
4,0.1600,0,14,right_elbow,718.66,558.02,0.1932,-0.1950,-0.0348,0.904,1.000
4,0.1600,0,15,left_wrist,705.12,522.82,0.1772,-0.2881,0.3918,0.008,1.000
4,0.1600,0,16,right_wrist,739.22,544.43,0.2402,-0.2020,0.1198,0.789,1.000
4,0.1600,0,17,left_pinky,713.10,527.06,0.2019,-0.3185,0.4455,0.012,1.000
4,0.1600,0,18,right_pinky,748.72,544.10,0.2957,-0.2457,0.1006,0.712,1.000
4,0.1600,0,19,left_index,719.14,513.29,0.2172,-0.3221,0.4407,0.012,1.000
4,0.1600,0,20,right_index,744.24,535.86,0.3062,-0.2971,0.1120,0.685,1.000
4,0.1600,0,21,left_thumb,717.57,516.46,0.2035,-0.2755,0.3974,0.012,1.000
4,0.1600,0,22,right_thumb,739.72,535.13,0.2422,-0.2326,0.1227,0.502,1.000
4,0.1600,0,23,left_hip,643.92,613.25,-0.0770,-0.0050,0.0898,1.000,1.000
4,0.1600,0,24,right_hip,682.62,618.50,0.0788,-0.0017,-0.0910,1.000,1.000
4,0.1600,0,25,left_knee,646.30,709.13,-0.0743,0.3663,0.2637,0.469,1.000
4,0.1600,0,26,right_knee,679.50,726.15,0.1069,0.3271,0.0224,0.957,1.000
4,0.1600,0,27,left_ankle,627.64,810.68,-0.0988,0.6803,0.3983,0.774,1.000
4,0.1600,0,28,right_ankle,672.16,838.39,0.0322,0.6846,0.1249,0.962,1.000
4,0.1600,0,29,left_heel,619.05,831.49,-0.1188,0.7156,0.4229,0.900,1.000
4,0.1600,0,30,right_heel,658.30,862.42,0.0285,0.7155,0.1045,0.917,1.000
4,0.1600,0,31,left_foot_index,659.35,814.05,-0.0536,0.7040,0.4865,0.570,1.000
4,0.1600,0,32,right_foot_index,719.75,846.85,0.1278,0.6977,0.1167,0.807,1.000
5,0.2000,0,0,nose,679.79,392.39,0.0593,-0.6603,0.0103,1.000,1.000
5,0.2000,0,1,left_eye_inner,672.97,382.46,0.0331,-0.6731,-0.0192,1.000,1.000
5,0.2000,0,2,left_eye,669.11,382.03,0.0350,-0.6726,-0.0106,0.999,1.000
5,0.2000,0,3,left_eye_outer,665.28,381.65,0.0343,-0.6741,-0.0138,1.000,1.000
5,0.2000,0,4,right_eye_inner,683.15,383.23,0.0739,-0.6868,-0.0464,1.000,1.000
5,0.2000,0,5,right_eye,686.40,383.29,0.0766,-0.6851,-0.0579,1.000,1.000
5,0.2000,0,6,right_eye_outer,689.59,383.24,0.0840,-0.6738,-0.0368,1.000,1.000
5,0.2000,0,7,left_ear,658.52,388.80,-0.0463,-0.6196,-0.0951,1.000,1.000
5,0.2000,0,8,right_ear,692.62,389.95,0.0874,-0.5726,-0.1418,1.000,1.000
5,0.2000,0,9,mouth_left,674.14,401.88,0.0466,-0.6354,0.0064,0.999,1.000
5,0.2000,0,10,mouth_right,684.08,402.65,0.0828,-0.5987,-0.0362,1.000,1.000
5,0.2000,0,11,left_shoulder,626.23,448.99,-0.0930,-0.4538,0.0302,1.000,1.000
5,0.2000,0,12,right_shoulder,708.04,463.44,0.1384,-0.4994,-0.0951,1.000,1.000
5,0.2000,0,13,left_elbow,652.34,533.55,-0.0076,-0.2914,0.1451,0.017,1.000
5,0.2000,0,14,right_elbow,719.80,557.32,0.1944,-0.2023,-0.0460,0.942,1.000
5,0.2000,0,15,left_wrist,706.53,532.61,0.1737,-0.2554,0.3614,0.006,1.000
5,0.2000,0,16,right_wrist,741.42,542.39,0.2436,-0.1989,0.1067,0.864,1.000
5,0.2000,0,17,left_pinky,712.34,542.04,0.1981,-0.2844,0.4139,0.010,1.000
5,0.2000,0,18,right_pinky,750.76,545.75,0.2977,-0.2448,0.0871,0.790,1.000
5,0.2000,0,19,left_index,717.42,531.77,0.2147,-0.2876,0.4071,0.009,1.000
5,0.2000,0,20,right_index,746.87,536.64,0.3058,-0.2993,0.0983,0.764,1.000
5,0.2000,0,21,left_thumb,715.11,531.26,0.2004,-0.2434,0.3651,0.010,1.000
5,0.2000,0,22,right_thumb,742.32,534.89,0.2454,-0.2300,0.1096,0.592,1.000
5,0.2000,0,23,left_hip,644.49,614.04,-0.0760,-0.0008,0.0967,1.000,1.000
5,0.2000,0,24,right_hip,682.55,617.22,0.0777,-0.0059,-0.0978,1.000,1.000
5,0.2000,0,25,left_knee,649.28,708.13,-0.0915,0.3693,0.2628,0.402,1.000
5,0.2000,0,26,right_knee,683.89,724.26,0.1063,0.3254,0.0120,0.966,1.000
5,0.2000,0,27,left_ankle,631.24,813.49,-0.1085,0.7042,0.3668,0.782,1.000
5,0.2000,0,28,right_ankle,674.97,838.51,0.0282,0.6935,0.0903,0.971,1.000
5,0.2000,0,29,left_heel,621.99,835.07,-0.1270,0.7428,0.3888,0.907,1.000
5,0.2000,0,30,right_heel,661.65,860.11,0.0238,0.7252,0.0676,0.928,1.000
5,0.2000,0,31,left_foot_index,661.43,819.70,-0.0538,0.7306,0.4478,0.624,1.000
5,0.2000,0,32,right_foot_index,721.44,846.34,0.1249,0.7079,0.0760,0.852,1.000
6,0.2400,0,0,nose,681.14,394.07,0.0629,-0.6403,0.0092,1.000,1.000
6,0.2400,0,1,left_eye_inner,674.60,385.44,0.0390,-0.6573,-0.0235,0.999,1.000
6,0.2400,0,2,left_eye,670.96,385.17,0.0405,-0.6570,-0.0151,0.999,1.000
6,0.2400,0,3,left_eye_outer,667.63,385.01,0.0401,-0.6586,-0.0179,0.999,1.000
6,0.2400,0,4,right_eye_inner,684.99,386.41,0.0813,-0.6695,-0.0484,1.000,1.000
6,0.2400,0,5,right_eye,688.34,386.67,0.0840,-0.6678,-0.0604,1.000,1.000
6,0.2400,0,6,right_eye_outer,691.45,386.74,0.0908,-0.6564,-0.0388,1.000,1.000
6,0.2400,0,7,left_ear,660.33,392.13,-0.0428,-0.6166,-0.1072,1.000,1.000
6,0.2400,0,8,right_ear,693.00,392.16,0.0950,-0.5628,-0.1448,1.000,1.000
6,0.2400,0,9,mouth_left,675.89,404.83,0.0471,-0.6182,0.0024,0.999,1.000
6,0.2400,0,10,mouth_right,685.85,405.43,0.0840,-0.5801,-0.0377,1.000,1.000
6,0.2400,0,11,left_shoulder,626.67,449.68,-0.1007,-0.4523,0.0132,1.000,1.000
6,0.2400,0,12,right_shoulder,709.52,461.46,0.1413,-0.4930,-0.0914,1.000,1.000
6,0.2400,0,13,left_elbow,645.68,531.64,-0.0149,-0.2852,0.1219,0.018,1.000
6,0.2400,0,14,right_elbow,721.77,556.49,0.1976,-0.1980,-0.0396,0.907,1.000
6,0.2400,0,15,left_wrist,702.88,532.30,0.1629,-0.2556,0.3305,0.004,1.000
6,0.2400,0,16,right_wrist,739.65,542.24,0.2406,-0.2081,0.1104,0.822,1.000
6,0.2400,0,17,left_pinky,711.13,537.47,0.1856,-0.2831,0.3795,0.007,1.000
6,0.2400,0,18,right_pinky,750.10,542.28,0.2947,-0.2521,0.0896,0.745,1.000
6,0.2400,0,19,left_index,719.39,533.56,0.2018,-0.2881,0.3750,0.007,1.000
6,0.2400,0,20,right_index,744.77,533.09,0.3024,-0.3060,0.1003,0.718,1.000
6,0.2400,0,21,left_thumb,716.85,525.77,0.1885,-0.2438,0.3350,0.007,1.000
6,0.2400,0,22,right_thumb,740.49,532.37,0.2414,-0.2396,0.1127,0.532,1.000
6,0.2400,0,23,left_hip,645.73,613.12,-0.0767,-0.0010,0.0898,1.000,1.000
6,0.2400,0,24,right_hip,684.90,616.99,0.0785,-0.0058,-0.0912,1.000,1.000
6,0.2400,0,25,left_knee,648.70,707.40,-0.0664,0.3728,0.2584,0.394,1.000
6,0.2400,0,26,right_knee,684.16,722.40,0.1084,0.3228,0.0188,0.953,1.000
6,0.2400,0,27,left_ankle,637.59,810.80,-0.0796,0.6971,0.3810,0.741,1.000
6,0.2400,0,28,right_ankle,676.17,833.46,0.0329,0.6859,0.1122,0.955,1.000
6,0.2400,0,29,left_heel,630.41,831.31,-0.0980,0.7334,0.4047,0.882,1.000
6,0.2400,0,30,right_heel,663.06,857.35,0.0292,0.7168,0.0908,0.897,1.000
6,0.2400,0,31,left_foot_index,665.20,814.05,-0.0298,0.7163,0.4642,0.527,1.000
6,0.2400,0,32,right_foot_index,722.31,844.27,0.1293,0.6995,0.0993,0.778,1.000
7,0.2800,0,0,nose,682.16,393.77,0.0758,-0.6373,0.0269,1.000,1.000
7,0.2800,0,1,left_eye_inner,675.79,384.11,0.0490,-0.6545,-0.0028,1.000,1.000
7,0.2800,0,2,left_eye,672.23,383.58,0.0503,-0.6543,0.0057,1.000,1.000
7,0.2800,0,3,left_eye_outer,669.19,383.17,0.0500,-0.6558,0.0029,1.000,1.000
7,0.2800,0,4,right_eye_inner,686.16,385.41,0.0908,-0.6676,-0.0305,1.000,1.000
7,0.2800,0,5,right_eye,689.82,385.61,0.0934,-0.6657,-0.0420,1.000,1.000
7,0.2800,0,6,right_eye_outer,693.11,385.61,0.1003,-0.6543,-0.0209,1.000,1.000
7,0.2800,0,7,left_ear,661.44,389.07,-0.0398,-0.6160,-0.0777,1.000,1.000
7,0.2800,0,8,right_ear,694.43,391.02,0.0943,-0.5634,-0.1285,1.000,1.000
7,0.2800,0,9,mouth_left,676.96,404.60,0.0587,-0.6156,0.0231,1.000,1.000
7,0.2800,0,10,mouth_right,686.66,405.17,0.0946,-0.5777,-0.0202,1.000,1.000
7,0.2800,0,11,left_shoulder,625.36,449.12,-0.0976,-0.4511,0.0426,1.000,1.000
7,0.2800,0,12,right_shoulder,706.80,459.24,0.1426,-0.4995,-0.0812,1.000,1.000
7,0.2800,0,13,left_elbow,654.94,526.36,0.0016,-0.2987,0.1669,0.037,1.000
7,0.2800,0,14,right_elbow,722.40,550.15,0.2077,-0.2123,-0.0338,0.954,1.000
7,0.2800,0,15,left_wrist,711.33,524.54,0.1876,-0.2792,0.4058,0.014,1.000
7,0.2800,0,16,right_wrist,743.18,536.72,0.2506,-0.2127,0.1228,0.905,1.000
7,0.2800,0,17,left_pinky,717.42,529.62,0.2101,-0.3083,0.4605,0.019,1.000
7,0.2800,0,18,right_pinky,751.55,540.00,0.3019,-0.2551,0.1040,0.851,1.000
7,0.2800,0,19,left_index,725.28,525.88,0.2254,-0.3141,0.4541,0.018,1.000
7,0.2800,0,20,right_index,746.55,531.02,0.3108,-0.3048,0.1147,0.833,1.000
7,0.2800,0,21,left_thumb,719.49,516.35,0.2137,-0.2681,0.4105,0.019,1.000
7,0.2800,0,22,right_thumb,742.11,529.19,0.2512,-0.2414,0.1259,0.695,1.000
7,0.2800,0,23,left_hip,647.35,608.64,-0.0762,0.0028,0.0930,1.000,1.000
7,0.2800,0,24,right_hip,685.58,613.71,0.0780,-0.0096,-0.0942,1.000,1.000
7,0.2800,0,25,left_knee,651.20,706.78,-0.0563,0.3803,0.2429,0.434,1.000
7,0.2800,0,26,right_knee,685.65,720.00,0.1131,0.3209,0.0139,0.954,1.000
7,0.2800,0,27,left_ankle,639.27,811.67,-0.0673,0.7011,0.3427,0.735,1.000
7,0.2800,0,28,right_ankle,675.53,830.90,0.0358,0.6872,0.0984,0.957,1.000
7,0.2800,0,29,left_heel,632.16,832.60,-0.0858,0.7378,0.3640,0.885,1.000
7,0.2800,0,30,right_heel,662.00,854.40,0.0320,0.7192,0.0755,0.915,1.000
7,0.2800,0,31,left_foot_index,667.43,814.24,-0.0221,0.7247,0.4265,0.558,1.000
7,0.2800,0,32,right_foot_index,722.39,842.41,0.1309,0.6986,0.0903,0.802,1.000
8,0.3200,0,0,nose,680.94,390.01,0.0535,-0.6552,0.0213,1.000,1.000
8,0.3200,0,1,left_eye_inner,673.15,381.25,0.0301,-0.6721,-0.0111,1.000,1.000
8,0.3200,0,2,left_eye,669.68,381.21,0.0312,-0.6719,-0.0027,1.000,1.000
8,0.3200,0,3,left_eye_outer,666.56,381.25,0.0307,-0.6732,-0.0055,1.000,1.000
8,0.3200,0,4,right_eye_inner,683.24,382.04,0.0713,-0.6862,-0.0341,1.000,1.000
8,0.3200,0,5,right_eye,686.82,382.44,0.0740,-0.6846,-0.0455,1.000,1.000
8,0.3200,0,6,right_eye_outer,690.07,382.59,0.0814,-0.6735,-0.0248,1.000,1.000
8,0.3200,0,7,left_ear,660.27,389.13,-0.0484,-0.6266,-0.0980,1.000,1.000
8,0.3200,0,8,right_ear,691.70,388.76,0.0916,-0.5762,-0.1283,1.000,1.000
8,0.3200,0,9,mouth_left,676.21,400.78,0.0391,-0.6302,0.0134,1.000,1.000
8,0.3200,0,10,mouth_right,686.29,401.27,0.0782,-0.5930,-0.0239,1.000,1.000
8,0.3200,0,11,left_shoulder,629.72,447.19,-0.1003,-0.4571,0.0199,1.000,1.000
8,0.3200,0,12,right_shoulder,704.60,458.16,0.1354,-0.5018,-0.0744,1.000,1.000
8,0.3200,0,13,left_elbow,652.88,528.05,-0.0004,-0.3034,0.1425,0.025,1.000
8,0.3200,0,14,right_elbow,721.48,551.86,0.1856,-0.2113,-0.0317,0.963,1.000
8,0.3200,0,15,left_wrist,708.76,526.93,0.1872,-0.2698,0.3744,0.025,1.000
8,0.3200,0,16,right_wrist,744.00,538.34,0.2436,-0.2195,0.1021,0.918,1.000
8,0.3200,0,17,left_pinky,718.29,533.63,0.2091,-0.2969,0.4276,0.036,1.000
8,0.3200,0,18,right_pinky,752.58,536.59,0.2976,-0.2703,0.0836,0.878,1.000
8,0.3200,0,19,left_index,721.12,518.12,0.2239,-0.2991,0.4233,0.035,1.000
8,0.3200,0,20,right_index,747.14,529.15,0.3087,-0.3232,0.0944,0.867,1.000
8,0.3200,0,21,left_thumb,717.95,524.03,0.2129,-0.2578,0.3800,0.033,1.000
8,0.3200,0,22,right_thumb,741.97,528.85,0.2462,-0.2504,0.1045,0.753,1.000
8,0.3200,0,23,left_hip,649.14,608.96,-0.0764,0.0020,0.0846,1.000,1.000
8,0.3200,0,24,right_hip,687.87,614.87,0.0776,-0.0091,-0.0852,1.000,1.000
8,0.3200,0,25,left_knee,650.55,704.96,-0.0620,0.3858,0.2357,0.533,1.000
8,0.3200,0,26,right_knee,686.81,717.78,0.1030,0.3190,0.0272,0.941,1.000
8,0.3200,0,27,left_ankle,639.43,810.38,-0.0894,0.7128,0.3310,0.839,1.000
8,0.3200,0,28,right_ankle,678.27,826.14,0.0386,0.6922,0.1060,0.963,1.000
8,0.3200,0,29,left_heel,632.70,830.97,-0.1100,0.7508,0.3523,0.937,1.000
8,0.3200,0,30,right_heel,664.02,849.25,0.0346,0.7246,0.0848,0.928,1.000
8,0.3200,0,31,left_foot_index,667.45,814.63,-0.0452,0.7387,0.4061,0.713,1.000
8,0.3200,0,32,right_foot_index,723.20,839.76,0.1254,0.7113,0.0960,0.851,1.000
9,0.3600,0,0,nose,680.49,389.94,0.0534,-0.6569,0.0190,1.000,1.000
9,0.3600,0,1,left_eye_inner,672.89,381.31,0.0320,-0.6742,-0.0125,1.000,1.000
9,0.3600,0,2,left_eye,669.52,381.24,0.0332,-0.6737,-0.0043,1.000,1.000
9,0.3600,0,3,left_eye_outer,666.46,381.25,0.0326,-0.6750,-0.0073,1.000,1.000
9,0.3600,0,4,right_eye_inner,682.78,381.92,0.0721,-0.6882,-0.0347,1.000,1.000
9,0.3600,0,5,right_eye,686.23,382.19,0.0753,-0.6867,-0.0464,1.000,1.000
9,0.3600,0,6,right_eye_outer,689.42,382.29,0.0824,-0.6760,-0.0255,1.000,1.000
9,0.3600,0,7,left_ear,659.87,389.08,-0.0415,-0.6295,-0.1009,1.000,1.000
9,0.3600,0,8,right_ear,691.00,388.40,0.0972,-0.5809,-0.1253,1.000,1.000
9,0.3600,0,9,mouth_left,675.98,400.67,0.0398,-0.6322,0.0108,1.000,1.000
9,0.3600,0,10,mouth_right,685.72,401.05,0.0792,-0.5954,-0.0256,1.000,1.000
9,0.3600,0,11,left_shoulder,629.69,447.40,-0.0955,-0.4584,0.0183,1.000,1.000
9,0.3600,0,12,right_shoulder,701.48,457.72,0.1414,-0.5083,-0.0732,1.000,1.000
9,0.3600,0,13,left_elbow,655.04,526.50,0.0074,-0.3015,0.1228,0.037,1.000
9,0.3600,0,14,right_elbow,720.11,548.94,0.1815,-0.2127,-0.0382,0.980,1.000
9,0.3600,0,15,left_wrist,711.02,521.31,0.1948,-0.2728,0.3282,0.055,1.000
9,0.3600,0,16,right_wrist,743.78,537.49,0.2449,-0.2174,0.0812,0.958,1.000
9,0.3600,0,17,left_pinky,720.19,530.18,0.2161,-0.2994,0.3761,0.081,1.000
9,0.3600,0,18,right_pinky,753.15,538.75,0.3004,-0.2654,0.0608,0.936,1.000
9,0.3600,0,19,left_index,724.75,516.09,0.2307,-0.3047,0.3735,0.077,1.000
9,0.3600,0,20,right_index,747.97,530.39,0.3132,-0.3201,0.0707,0.930,1.000
9,0.3600,0,21,left_thumb,721.30,517.85,0.2197,-0.2625,0.3331,0.070,1.000
9,0.3600,0,22,right_thumb,742.14,528.51,0.2487,-0.2482,0.0830,0.859,1.000
9,0.3600,0,23,left_hip,647.57,605.09,-0.0771,0.0046,0.0826,1.000,1.000
9,0.3600,0,24,right_hip,686.05,610.44,0.0782,-0.0117,-0.0834,1.000,1.000
9,0.3600,0,25,left_knee,649.80,707.34,-0.0522,0.3974,0.2130,0.706,1.000
9,0.3600,0,26,right_knee,689.19,716.17,0.1187,0.3129,0.0149,0.969,1.000
9,0.3600,0,27,left_ankle,640.29,813.01,-0.0718,0.7272,0.2822,0.919,1.000
9,0.3600,0,28,right_ankle,678.26,823.46,0.0517,0.6915,0.0823,0.978,1.000
9,0.3600,0,29,left_heel,635.04,834.61,-0.0911,0.7658,0.3013,0.967,1.000
9,0.3600,0,30,right_heel,664.75,847.41,0.0480,0.7248,0.0598,0.955,1.000
9,0.3600,0,31,left_foot_index,670.88,815.22,-0.0211,0.7552,0.3531,0.840,1.000
9,0.3600,0,32,right_foot_index,722.21,839.38,0.1418,0.7153,0.0714,0.908,1.000
10,0.4000,0,0,nose,679.01,391.96,0.0591,-0.6471,-0.0097,1.000,1.000
10,0.4000,0,1,left_eye_inner,672.55,383.22,0.0372,-0.6632,-0.0401,1.000,1.000
10,0.4000,0,2,left_eye,669.74,382.81,0.0388,-0.6627,-0.0319,1.000,1.000
10,0.4000,0,3,left_eye_outer,667.31,382.54,0.0383,-0.6643,-0.0348,1.000,1.000
10,0.4000,0,4,right_eye_inner,682.22,384.29,0.0762,-0.6752,-0.0643,1.000,1.000
10,0.4000,0,5,right_eye,685.96,384.44,0.0794,-0.6734,-0.0763,1.000,1.000
10,0.4000,0,6,right_eye_outer,689.73,384.35,0.0860,-0.6623,-0.0546,1.000,1.000
10,0.4000,0,7,left_ear,660.64,389.33,-0.0319,-0.6193,-0.1183,1.000,1.000
10,0.4000,0,8,right_ear,691.46,389.43,0.0958,-0.5670,-0.1479,1.000,1.000
10,0.4000,0,9,mouth_left,675.20,402.39,0.0489,-0.6239,-0.0144,1.000,1.000
10,0.4000,0,10,mouth_right,684.65,403.15,0.0839,-0.5864,-0.0532,1.000,1.000
10,0.4000,0,11,left_shoulder,631.62,447.32,-0.0746,-0.4528,0.0120,1.000,1.000
10,0.4000,0,12,right_shoulder,706.46,456.49,0.1492,-0.4998,-0.0969,1.000,1.000
10,0.4000,0,13,left_elbow,654.21,529.52,0.0154,-0.2813,0.1050,0.049,1.000
10,0.4000,0,14,right_elbow,719.86,547.95,0.1897,-0.2052,-0.0495,0.969,1.000
10,0.4000,0,15,left_wrist,712.40,525.14,0.1907,-0.2605,0.2811,0.024,1.000
10,0.4000,0,16,right_wrist,742.04,536.96,0.2468,-0.2147,0.0827,0.945,1.000
10,0.4000,0,17,left_pinky,722.61,524.96,0.2130,-0.2894,0.3238,0.035,1.000
10,0.4000,0,18,right_pinky,751.11,539.05,0.3041,-0.2563,0.0595,0.909,1.000
10,0.4000,0,19,left_index,726.21,515.70,0.2303,-0.2993,0.3191,0.034,1.000
10,0.4000,0,20,right_index,746.97,530.21,0.3169,-0.3145,0.0682,0.898,1.000
10,0.4000,0,21,left_thumb,722.70,520.50,0.2157,-0.2515,0.2841,0.033,1.000
10,0.4000,0,22,right_thumb,741.77,529.01,0.2508,-0.2466,0.0844,0.792,1.000
10,0.4000,0,23,left_hip,645.92,606.70,-0.0751,0.0044,0.0895,1.000,1.000
10,0.4000,0,24,right_hip,684.37,610.74,0.0768,-0.0111,-0.0907,1.000,1.000
10,0.4000,0,25,left_knee,651.17,706.19,-0.0542,0.3943,0.2258,0.532,1.000
10,0.4000,0,26,right_knee,695.54,711.21,0.1457,0.3049,-0.0046,0.973,1.000
10,0.4000,0,27,left_ankle,640.31,810.15,-0.0825,0.7167,0.3146,0.848,1.000
10,0.4000,0,28,right_ankle,678.79,821.93,0.0522,0.6796,0.0755,0.973,1.000
10,0.4000,0,29,left_heel,633.65,830.98,-0.1020,0.7529,0.3358,0.937,1.000
10,0.4000,0,30,right_heel,665.68,846.84,0.0475,0.7123,0.0534,0.941,1.000
10,0.4000,0,31,left_foot_index,666.88,816.25,-0.0354,0.7455,0.3938,0.722,1.000
10,0.4000,0,32,right_foot_index,724.46,838.22,0.1480,0.7064,0.0642,0.878,1.000
11,0.4400,0,0,nose,678.99,390.56,0.0800,-0.6472,-0.0106,1.000,1.000
11,0.4400,0,1,left_eye_inner,672.27,380.80,0.0565,-0.6638,-0.0382,1.000,1.000
11,0.4400,0,2,left_eye,669.36,380.62,0.0584,-0.6634,-0.0300,1.000,1.000
11,0.4400,0,3,left_eye_outer,666.66,380.57,0.0577,-0.6649,-0.0327,1.000,1.000
11,0.4400,0,4,right_eye_inner,681.85,382.20,0.0945,-0.6750,-0.0646,1.000,1.000
11,0.4400,0,5,right_eye,685.35,382.63,0.0977,-0.6730,-0.0764,1.000,1.000
11,0.4400,0,6,right_eye_outer,688.73,382.75,0.1041,-0.6622,-0.0545,1.000,1.000
11,0.4400,0,7,left_ear,660.00,386.79,-0.0161,-0.6181,-0.1074,1.000,1.000
11,0.4400,0,8,right_ear,691.03,387.09,0.1028,-0.5639,-0.1459,1.000,1.000
11,0.4400,0,9,mouth_left,674.50,401.61,0.0691,-0.6232,-0.0123,1.000,1.000
11,0.4400,0,10,mouth_right,683.77,401.88,0.1011,-0.5852,-0.0534,1.000,1.000
11,0.4400,0,11,left_shoulder,634.13,447.16,-0.0640,-0.4516,0.0255,1.000,1.000
11,0.4400,0,12,right_shoulder,695.92,455.50,0.1608,-0.4932,-0.0988,1.000,1.000
11,0.4400,0,13,left_elbow,654.75,528.23,0.0244,-0.2894,0.1283,0.049,1.000
11,0.4400,0,14,right_elbow,720.57,547.46,0.2160,-0.2053,-0.0541,0.975,1.000
11,0.4400,0,15,left_wrist,709.73,519.33,0.2023,-0.2742,0.3210,0.022,1.000
11,0.4400,0,16,right_wrist,748.14,530.99,0.2863,-0.2190,0.0881,0.944,1.000
11,0.4400,0,17,left_pinky,716.66,526.37,0.2249,-0.3023,0.3673,0.033,1.000
11,0.4400,0,18,right_pinky,757.31,535.09,0.3467,-0.2594,0.0651,0.908,1.000
11,0.4400,0,19,left_index,723.94,510.06,0.2429,-0.3109,0.3617,0.032,1.000
11,0.4400,0,20,right_index,751.71,524.90,0.3606,-0.3168,0.0747,0.897,1.000
11,0.4400,0,21,left_thumb,720.03,512.17,0.2273,-0.2643,0.3242,0.033,1.000
11,0.4400,0,22,right_thumb,745.93,522.76,0.2909,-0.2512,0.0904,0.791,1.000
11,0.4400,0,23,left_hip,644.30,602.51,-0.0753,0.0024,0.0941,1.000,1.000
11,0.4400,0,24,right_hip,678.63,607.31,0.0772,-0.0091,-0.0954,1.000,1.000
11,0.4400,0,25,left_knee,648.97,701.69,-0.0394,0.3879,0.2214,0.543,1.000
11,0.4400,0,26,right_knee,701.21,711.63,0.1865,0.3147,-0.0397,0.979,1.000
11,0.4400,0,27,left_ankle,639.84,809.07,-0.0736,0.7139,0.2972,0.829,1.000
11,0.4400,0,28,right_ankle,681.55,822.69,0.0763,0.6812,0.0342,0.973,1.000
11,0.4400,0,29,left_heel,633.08,829.14,-0.0934,0.7505,0.3172,0.934,1.000
11,0.4400,0,30,right_heel,669.15,845.69,0.0699,0.7131,0.0122,0.944,1.000
11,0.4400,0,31,left_foot_index,670.92,816.95,-0.0171,0.7455,0.3840,0.684,1.000
11,0.4400,0,32,right_foot_index,723.52,839.65,0.1691,0.7084,0.0328,0.872,1.000
12,0.4800,0,0,nose,681.14,396.50,0.0911,-0.6552,-0.0068,1.000,1.000
12,0.4800,0,1,left_eye_inner,672.65,387.03,0.0657,-0.6721,-0.0294,1.000,1.000
12,0.4800,0,2,left_eye,669.02,386.62,0.0677,-0.6720,-0.0209,1.000,1.000
12,0.4800,0,3,left_eye_outer,665.90,386.44,0.0670,-0.6734,-0.0244,1.000,1.000
12,0.4800,0,4,right_eye_inner,682.45,388.53,0.0998,-0.6839,-0.0601,1.000,1.000
12,0.4800,0,5,right_eye,685.41,388.71,0.1035,-0.6819,-0.0718,1.000,1.000
12,0.4800,0,6,right_eye_outer,688.10,388.64,0.1106,-0.6719,-0.0500,1.000,1.000
12,0.4800,0,7,left_ear,660.50,392.53,-0.0144,-0.6295,-0.0861,1.000,1.000
12,0.4800,0,8,right_ear,689.03,393.51,0.0967,-0.5765,-0.1407,1.000,1.000
12,0.4800,0,9,mouth_left,676.31,405.21,0.0769,-0.6333,-0.0033,1.000,1.000
12,0.4800,0,10,mouth_right,685.26,406.23,0.1091,-0.5945,-0.0497,1.000,1.000
12,0.4800,0,11,left_shoulder,635.87,452.77,-0.0599,-0.4609,0.0410,1.000,1.000
12,0.4800,0,12,right_shoulder,682.82,457.82,0.1337,-0.4996,-0.0905,1.000,1.000
12,0.4800,0,13,left_elbow,666.32,523.21,0.0395,-0.3173,0.1432,0.074,1.000
12,0.4800,0,14,right_elbow,710.80,547.76,0.2065,-0.2086,-0.0524,0.983,1.000
12,0.4800,0,15,left_wrist,718.49,508.87,0.2293,-0.3257,0.3303,0.040,1.000
12,0.4800,0,16,right_wrist,744.51,534.24,0.2821,-0.2321,0.0926,0.960,1.000
12,0.4800,0,17,left_pinky,724.69,515.02,0.2563,-0.3548,0.3749,0.057,1.000
12,0.4800,0,18,right_pinky,755.13,537.17,0.3412,-0.2734,0.0689,0.932,1.000
12,0.4800,0,19,left_index,730.45,503.68,0.2731,-0.3641,0.3675,0.056,1.000
12,0.4800,0,20,right_index,751.17,530.03,0.3552,-0.3355,0.0772,0.924,1.000
12,0.4800,0,21,left_thumb,727.03,505.00,0.2560,-0.3178,0.3312,0.058,1.000
12,0.4800,0,22,right_thumb,745.70,528.00,0.2875,-0.2655,0.0944,0.842,1.000
12,0.4800,0,23,left_hip,646.37,604.16,-0.0652,0.0054,0.0931,1.000,1.000
12,0.4800,0,24,right_hip,676.36,607.08,0.0670,-0.0121,-0.0948,1.000,1.000
12,0.4800,0,25,left_knee,648.81,705.70,-0.0448,0.4125,0.1647,0.513,1.000
12,0.4800,0,26,right_knee,706.91,713.50,0.1763,0.3214,-0.0630,0.967,1.000
12,0.4800,0,27,left_ankle,636.85,814.59,-0.0669,0.7515,0.1942,0.795,1.000
12,0.4800,0,28,right_ankle,681.39,822.13,0.0930,0.7123,-0.0043,0.959,1.000
12,0.4800,0,29,left_heel,632.37,834.19,-0.0856,0.7896,0.2093,0.921,1.000
12,0.4800,0,30,right_heel,666.52,844.14,0.0896,0.7469,-0.0301,0.917,1.000
12,0.4800,0,31,left_foot_index,667.81,821.89,-0.0073,0.7818,0.2619,0.688,1.000
12,0.4800,0,32,right_foot_index,726.24,843.79,0.1942,0.7390,-0.0217,0.841,1.000
13,0.5200,0,0,nose,676.80,398.65,0.0901,-0.6466,-0.0319,1.000,1.000
13,0.5200,0,1,left_eye_inner,669.02,389.56,0.0653,-0.6639,-0.0536,1.000,1.000
13,0.5200,0,2,left_eye,665.94,389.54,0.0672,-0.6639,-0.0450,1.000,1.000
13,0.5200,0,3,left_eye_outer,663.12,389.68,0.0664,-0.6652,-0.0480,1.000,1.000
13,0.5200,0,4,right_eye_inner,679.34,390.60,0.0981,-0.6752,-0.0841,1.000,1.000
13,0.5200,0,5,right_eye,683.07,391.01,0.1015,-0.6730,-0.0960,1.000,1.000
13,0.5200,0,6,right_eye_outer,686.61,391.14,0.1079,-0.6628,-0.0741,1.000,1.000
13,0.5200,0,7,left_ear,656.75,396.07,-0.0121,-0.6235,-0.0993,1.000,1.000
13,0.5200,0,8,right_ear,688.48,395.86,0.0891,-0.5683,-0.1569,1.000,1.000
13,0.5200,0,9,mouth_left,672.27,408.02,0.0775,-0.6252,-0.0256,1.000,1.000
13,0.5200,0,10,mouth_right,682.33,408.74,0.1057,-0.5867,-0.0722,1.000,1.000
13,0.5200,0,11,left_shoulder,635.64,455.31,-0.0592,-0.4575,0.0407,1.000,1.000
13,0.5200,0,12,right_shoulder,685.36,458.86,0.1367,-0.4956,-0.1083,1.000,1.000
13,0.5200,0,13,left_elbow,656.89,531.49,0.0284,-0.3017,0.1502,0.080,1.000
13,0.5200,0,14,right_elbow,712.21,550.68,0.2040,-0.2109,-0.0738,0.985,1.000
13,0.5200,0,15,left_wrist,711.43,518.73,0.2170,-0.2979,0.3374,0.058,1.000
13,0.5200,0,16,right_wrist,748.46,535.28,0.2936,-0.2413,0.0709,0.945,1.000
13,0.5200,0,17,left_pinky,722.32,515.88,0.2424,-0.3266,0.3825,0.079,1.000
13,0.5200,0,18,right_pinky,758.37,534.99,0.3566,-0.2841,0.0450,0.905,1.000
13,0.5200,0,19,left_index,726.58,509.84,0.2617,-0.3344,0.3740,0.078,1.000
13,0.5200,0,20,right_index,751.75,524.98,0.3712,-0.3449,0.0563,0.893,1.000
13,0.5200,0,21,left_thumb,723.03,511.30,0.2438,-0.2878,0.3385,0.081,1.000
13,0.5200,0,22,right_thumb,745.71,524.23,0.3001,-0.2749,0.0737,0.791,1.000
13,0.5200,0,23,left_hip,642.84,606.75,-0.0672,0.0035,0.1006,1.000,1.000
13,0.5200,0,24,right_hip,676.83,611.63,0.0692,-0.0101,-0.1017,1.000,1.000
13,0.5200,0,25,left_knee,646.81,708.24,-0.0288,0.3979,0.2055,0.477,1.000
13,0.5200,0,26,right_knee,712.73,712.63,0.2116,0.3190,-0.0599,0.978,1.000
13,0.5200,0,27,left_ankle,635.65,812.75,-0.0715,0.7357,0.2777,0.767,1.000
13,0.5200,0,28,right_ankle,680.26,823.09,0.0886,0.6933,0.0183,0.968,1.000
13,0.5200,0,29,left_heel,631.45,831.26,-0.0928,0.7739,0.2977,0.901,1.000
13,0.5200,0,30,right_heel,662.96,842.09,0.0811,0.7255,-0.0040,0.926,1.000
13,0.5200,0,31,left_foot_index,665.76,821.12,-0.0156,0.7688,0.3596,0.663,1.000
13,0.5200,0,32,right_foot_index,727.06,845.00,0.1888,0.7216,0.0157,0.877,1.000
14,0.5600,0,0,nose,679.58,399.82,0.1031,-0.6488,-0.0191,1.000,1.000
14,0.5600,0,1,left_eye_inner,671.13,389.82,0.0763,-0.6647,-0.0353,1.000,1.000
14,0.5600,0,2,left_eye,668.16,389.50,0.0787,-0.6644,-0.0269,1.000,1.000
14,0.5600,0,3,left_eye_outer,665.50,389.41,0.0778,-0.6658,-0.0306,1.000,1.000
14,0.5600,0,4,right_eye_inner,680.46,391.18,0.1059,-0.6757,-0.0690,1.000,1.000
14,0.5600,0,5,right_eye,683.36,391.49,0.1096,-0.6736,-0.0808,1.000,1.000
14,0.5600,0,6,right_eye_outer,686.15,391.50,0.1162,-0.6637,-0.0589,1.000,1.000
14,0.5600,0,7,left_ear,660.38,396.15,-0.0007,-0.6227,-0.0687,1.000,1.000
14,0.5600,0,8,right_ear,686.98,396.46,0.0882,-0.5681,-0.1387,1.000,1.000
14,0.5600,0,9,mouth_left,675.84,408.87,0.0918,-0.6281,-0.0089,1.000,1.000
14,0.5600,0,10,mouth_right,684.39,409.92,0.1172,-0.5894,-0.0592,1.000,1.000
14,0.5600,0,11,left_shoulder,641.92,454.86,-0.0393,-0.4585,0.0713,1.000,1.000
14,0.5600,0,12,right_shoulder,683.47,459.00,0.1277,-0.5008,-0.1015,1.000,1.000
14,0.5600,0,13,left_elbow,664.81,525.87,0.0628,-0.3071,0.1692,0.096,1.000
14,0.5600,0,14,right_elbow,706.47,549.65,0.1916,-0.2123,-0.0844,0.991,1.000
14,0.5600,0,15,left_wrist,729.20,516.07,0.2681,-0.3010,0.3348,0.057,1.000
14,0.5600,0,16,right_wrist,749.77,537.61,0.2953,-0.2269,0.0373,0.970,1.000
14,0.5600,0,17,left_pinky,738.78,515.98,0.2950,-0.3304,0.3759,0.078,1.000
14,0.5600,0,18,right_pinky,760.57,539.35,0.3566,-0.2678,0.0101,0.947,1.000
14,0.5600,0,19,left_index,740.21,510.76,0.3119,-0.3395,0.3659,0.078,1.000
14,0.5600,0,20,right_index,757.57,532.03,0.3739,-0.3291,0.0216,0.940,1.000
14,0.5600,0,21,left_thumb,736.12,510.69,0.2944,-0.2922,0.3339,0.081,1.000
14,0.5600,0,22,right_thumb,752.55,530.27,0.3036,-0.2593,0.0404,0.874,1.000
14,0.5600,0,23,left_hip,644.83,604.39,-0.0620,0.0041,0.1058,1.000,1.000
14,0.5600,0,24,right_hip,675.01,608.57,0.0640,-0.0105,-0.1070,1.000,1.000
14,0.5600,0,25,left_knee,644.95,706.31,-0.0365,0.4021,0.1783,0.365,1.000
14,0.5600,0,26,right_knee,712.90,711.45,0.1995,0.3170,-0.0871,0.973,1.000
14,0.5600,0,27,left_ankle,632.55,814.79,-0.0817,0.7403,0.2239,0.650,1.000
14,0.5600,0,28,right_ankle,678.26,822.57,0.0860,0.6954,-0.0325,0.956,1.000
14,0.5600,0,29,left_heel,629.95,833.03,-0.1030,0.7779,0.2412,0.872,1.000
14,0.5600,0,30,right_heel,658.70,841.98,0.0793,0.7286,-0.0579,0.919,1.000
14,0.5600,0,31,left_foot_index,661.57,822.38,-0.0215,0.7731,0.3007,0.571,1.000
14,0.5600,0,32,right_foot_index,725.99,847.15,0.1849,0.7210,-0.0393,0.849,1.000
15,0.6000,0,0,nose,681.70,398.13,0.1095,-0.6626,-0.0064,1.000,1.000
15,0.6000,0,1,left_eye_inner,672.73,388.94,0.0769,-0.6763,-0.0212,1.000,1.000
15,0.6000,0,2,left_eye,669.46,388.95,0.0795,-0.6766,-0.0130,1.000,1.000
15,0.6000,0,3,left_eye_outer,666.70,389.13,0.0787,-0.6775,-0.0162,1.000,1.000
15,0.6000,0,4,right_eye_inner,682.18,390.07,0.1083,-0.6875,-0.0569,1.000,1.000
15,0.6000,0,5,right_eye,685.08,390.50,0.1120,-0.6850,-0.0680,1.000,1.000
15,0.6000,0,6,right_eye_outer,687.81,390.67,0.1188,-0.6753,-0.0461,1.000,1.000
15,0.6000,0,7,left_ear,661.44,395.81,-0.0043,-0.6304,-0.0531,1.000,1.000
15,0.6000,0,8,right_ear,688.22,396.13,0.0847,-0.5727,-0.1305,1.000,1.000
15,0.6000,0,9,mouth_left,677.69,407.92,0.0988,-0.6411,0.0059,1.000,1.000
15,0.6000,0,10,mouth_right,686.21,408.42,0.1241,-0.6011,-0.0465,1.000,1.000
15,0.6000,0,11,left_shoulder,640.65,454.43,-0.0429,-0.4674,0.0878,1.000,1.000
15,0.6000,0,12,right_shoulder,682.74,461.01,0.1217,-0.5048,-0.0945,1.000,1.000
15,0.6000,0,13,left_elbow,663.60,527.61,0.0435,-0.3250,0.2173,0.115,1.000
15,0.6000,0,14,right_elbow,706.36,548.05,0.1846,-0.2210,-0.0692,0.994,1.000
15,0.6000,0,15,left_wrist,719.22,514.35,0.2444,-0.3293,0.4424,0.068,1.000
15,0.6000,0,16,right_wrist,755.81,535.34,0.2965,-0.2458,0.0684,0.985,1.000
15,0.6000,0,17,left_pinky,727.99,509.54,0.2684,-0.3616,0.4919,0.092,1.000
15,0.6000,0,18,right_pinky,764.20,532.51,0.3577,-0.2933,0.0438,0.974,1.000
15,0.6000,0,19,left_index,733.22,505.86,0.2832,-0.3703,0.4820,0.093,1.000
15,0.6000,0,20,right_index,760.17,526.07,0.3761,-0.3535,0.0582,0.971,1.000
15,0.6000,0,21,left_thumb,730.41,508.31,0.2703,-0.3215,0.4432,0.097,1.000
15,0.6000,0,22,right_thumb,756.76,525.86,0.3041,-0.2797,0.0724,0.934,1.000
15,0.6000,0,23,left_hip,646.59,605.22,-0.0593,0.0036,0.1103,1.000,1.000
15,0.6000,0,24,right_hip,674.44,610.50,0.0610,-0.0108,-0.1117,1.000,1.000
15,0.6000,0,25,left_knee,645.71,703.44,-0.0340,0.3918,0.1732,0.335,1.000
15,0.6000,0,26,right_knee,712.07,713.84,0.1882,0.3154,-0.0965,0.979,1.000
15,0.6000,0,27,left_ankle,633.85,812.99,-0.0850,0.7413,0.1900,0.667,1.000
15,0.6000,0,28,right_ankle,674.98,825.78,0.0699,0.7004,-0.0562,0.966,1.000
15,0.6000,0,29,left_heel,628.54,833.29,-0.1058,0.7811,0.2037,0.896,1.000
15,0.6000,0,30,right_heel,657.31,845.94,0.0633,0.7352,-0.0829,0.937,1.000
15,0.6000,0,31,left_foot_index,671.43,824.00,-0.0151,0.7836,0.2603,0.630,1.000
15,0.6000,0,32,right_foot_index,724.37,851.46,0.1792,0.7345,-0.0667,0.883,1.000
16,0.6400,0,0,nose,684.98,397.01,0.1219,-0.6336,-0.0785,1.000,1.000
16,0.6400,0,1,left_eye_inner,676.29,389.21,0.0924,-0.6511,-0.0888,1.000,1.000
16,0.6400,0,2,left_eye,673.21,388.90,0.0940,-0.6515,-0.0800,0.999,1.000
16,0.6400,0,3,left_eye_outer,670.71,388.67,0.0931,-0.6523,-0.0831,1.000,1.000
16,0.6400,0,4,right_eye_inner,685.04,390.06,0.1154,-0.6595,-0.1257,1.000,1.000
16,0.6400,0,5,right_eye,687.79,390.16,0.1189,-0.6573,-0.1378,1.000,1.000
16,0.6400,0,6,right_eye_outer,690.23,389.95,0.1246,-0.6474,-0.1153,1.000,1.000
16,0.6400,0,7,left_ear,663.72,395.59,0.0096,-0.6206,-0.0901,1.000,1.000
16,0.6400,0,8,right_ear,688.62,394.79,0.0693,-0.5556,-0.1795,1.000,1.000
16,0.6400,0,9,mouth_left,681.51,406.87,0.1084,-0.6168,-0.0573,0.999,1.000
16,0.6400,0,10,mouth_right,688.51,407.14,0.1260,-0.5752,-0.1133,1.000,1.000
16,0.6400,0,11,left_shoulder,642.70,452.97,-0.0317,-0.4607,0.0703,1.000,1.000
16,0.6400,0,12,right_shoulder,681.85,458.67,0.1073,-0.4918,-0.1329,1.000,1.000
16,0.6400,0,13,left_elbow,664.10,524.13,0.0673,-0.3093,0.1810,0.068,1.000
16,0.6400,0,14,right_elbow,708.54,547.10,0.1735,-0.2047,-0.1367,0.994,1.000
16,0.6400,0,15,left_wrist,728.29,514.61,0.2603,-0.3074,0.3392,0.072,1.000
16,0.6400,0,16,right_wrist,758.30,532.85,0.2895,-0.2335,-0.0344,0.982,1.000
16,0.6400,0,17,left_pinky,736.83,509.76,0.2847,-0.3400,0.3789,0.099,1.000
16,0.6400,0,18,right_pinky,768.69,530.73,0.3527,-0.2789,-0.0692,0.964,1.000
16,0.6400,0,19,left_index,740.48,502.57,0.3000,-0.3505,0.3672,0.103,1.000
16,0.6400,0,20,right_index,764.42,522.24,0.3710,-0.3413,-0.0546,0.960,1.000
16,0.6400,0,21,left_thumb,737.36,507.25,0.2851,-0.2993,0.3375,0.108,1.000
16,0.6400,0,22,right_thumb,759.44,523.01,0.2986,-0.2666,-0.0311,0.909,1.000
16,0.6400,0,23,left_hip,648.27,603.74,-0.0516,0.0046,0.1107,1.000,1.000
16,0.6400,0,24,right_hip,677.24,610.22,0.0534,-0.0111,-0.1113,1.000,1.000
16,0.6400,0,25,left_knee,644.28,705.28,-0.0347,0.3947,0.1447,0.425,1.000
16,0.6400,0,26,right_knee,710.99,713.94,0.1583,0.3270,-0.0684,0.971,1.000
16,0.6400,0,27,left_ankle,632.85,812.93,-0.0815,0.7467,0.1771,0.782,1.000
16,0.6400,0,28,right_ankle,673.52,819.98,0.0441,0.7077,0.0049,0.968,1.000
16,0.6400,0,29,left_heel,627.57,834.88,-0.1036,0.7855,0.1926,0.897,1.000
16,0.6400,0,30,right_heel,653.00,840.34,0.0391,0.7415,-0.0196,0.915,1.000
16,0.6400,0,31,left_foot_index,665.68,829.38,-0.0281,0.7888,0.2274,0.748,1.000
16,0.6400,0,32,right_foot_index,718.59,852.93,0.1609,0.7409,-0.0223,0.891,1.000
17,0.6800,0,0,nose,683.09,402.86,0.1145,-0.6490,-0.0039,0.999,1.000
17,0.6800,0,1,left_eye_inner,673.97,394.04,0.0771,-0.6589,-0.0172,0.998,1.000
17,0.6800,0,2,left_eye,670.66,394.10,0.0788,-0.6595,-0.0096,0.998,1.000
17,0.6800,0,3,left_eye_outer,667.75,394.30,0.0785,-0.6601,-0.0123,0.999,1.000
17,0.6800,0,4,right_eye_inner,683.39,394.55,0.1096,-0.6701,-0.0538,0.999,1.000
17,0.6800,0,5,right_eye,686.26,394.70,0.1138,-0.6676,-0.0644,0.999,1.000
17,0.6800,0,6,right_eye_outer,688.80,394.61,0.1200,-0.6579,-0.0426,1.000,1.000
17,0.6800,0,7,left_ear,660.90,399.96,-0.0038,-0.6096,-0.0479,0.999,1.000
17,0.6800,0,8,right_ear,689.89,398.80,0.0852,-0.5502,-0.1271,0.999,1.000
17,0.6800,0,9,mouth_left,679.74,413.09,0.1050,-0.6260,0.0095,0.998,1.000
17,0.6800,0,10,mouth_right,687.75,412.67,0.1300,-0.5863,-0.0436,0.999,1.000
17,0.6800,0,11,left_shoulder,642.90,456.74,-0.0410,-0.4487,0.0894,1.000,1.000
17,0.6800,0,12,right_shoulder,685.32,463.62,0.1233,-0.4912,-0.0972,1.000,1.000
17,0.6800,0,13,left_elbow,667.69,526.69,0.0508,-0.3076,0.2126,0.042,1.000
17,0.6800,0,14,right_elbow,711.74,548.36,0.1893,-0.2148,-0.0612,0.990,1.000
17,0.6800,0,15,left_wrist,725.72,512.22,0.2635,-0.3302,0.4523,0.011,1.000
17,0.6800,0,16,right_wrist,762.56,531.44,0.3121,-0.2550,0.0888,0.972,1.000
17,0.6800,0,17,left_pinky,734.39,507.20,0.2885,-0.3723,0.4999,0.018,1.000
17,0.6800,0,18,right_pinky,772.30,529.79,0.3767,-0.3125,0.0649,0.957,1.000
17,0.6800,0,19,left_index,739.86,502.78,0.3008,-0.3843,0.4917,0.019,1.000
17,0.6800,0,20,right_index,769.73,523.62,0.3945,-0.3755,0.0806,0.952,1.000
17,0.6800,0,21,left_thumb,736.94,505.33,0.2893,-0.3243,0.4535,0.021,1.000
17,0.6800,0,22,right_thumb,765.12,523.11,0.3189,-0.2913,0.0936,0.894,1.000
17,0.6800,0,23,left_hip,648.25,605.70,-0.0567,0.0040,0.1096,1.000,1.000
17,0.6800,0,24,right_hip,676.67,612.04,0.0583,-0.0121,-0.1117,1.000,1.000
17,0.6800,0,25,left_knee,644.29,707.64,-0.0459,0.3914,0.1477,0.223,1.000
17,0.6800,0,26,right_knee,706.10,721.19,0.1627,0.3392,-0.1073,0.968,1.000
17,0.6800,0,27,left_ankle,633.30,819.86,-0.0785,0.7441,0.1528,0.586,1.000
17,0.6800,0,28,right_ankle,666.46,827.85,0.0496,0.7038,-0.0832,0.951,1.000
17,0.6800,0,29,left_heel,628.17,840.71,-0.0984,0.7844,0.1646,0.876,1.000
17,0.6800,0,30,right_heel,647.62,851.21,0.0428,0.7375,-0.1108,0.914,1.000
17,0.6800,0,31,left_foot_index,665.81,831.47,-0.0173,0.7984,0.2140,0.507,1.000
17,0.6800,0,32,right_foot_index,715.04,859.49,0.1635,0.7427,-0.1029,0.815,0.999
18,0.7200,0,0,nose,679.49,406.03,0.0860,-0.6418,-0.0197,1.000,1.000
18,0.7200,0,1,left_eye_inner,673.16,397.60,0.0556,-0.6564,-0.0346,0.999,1.000
18,0.7200,0,2,left_eye,670.26,397.38,0.0577,-0.6570,-0.0262,0.999,1.000
18,0.7200,0,3,left_eye_outer,667.53,397.27,0.0568,-0.6573,-0.0297,0.999,1.000
18,0.7200,0,4,right_eye_inner,681.20,397.83,0.0837,-0.6646,-0.0671,1.000,1.000
18,0.7200,0,5,right_eye,683.85,397.67,0.0876,-0.6623,-0.0787,1.000,1.000
18,0.7200,0,6,right_eye_outer,686.53,397.35,0.0922,-0.6530,-0.0569,1.000,1.000
18,0.7200,0,7,left_ear,662.71,403.56,-0.0144,-0.6104,-0.0535,1.000,1.000
18,0.7200,0,8,right_ear,690.39,402.97,0.0601,-0.5486,-0.1250,1.000,1.000
18,0.7200,0,9,mouth_left,677.20,416.05,0.0807,-0.6194,-0.0065,0.999,1.000
18,0.7200,0,10,mouth_right,684.78,416.06,0.0987,-0.5787,-0.0569,0.999,1.000
18,0.7200,0,11,left_shoulder,650.57,459.76,-0.0315,-0.4529,0.1004,1.000,1.000
18,0.7200,0,12,right_shoulder,689.50,467.80,0.1225,-0.4874,-0.0940,1.000,1.000
18,0.7200,0,13,left_elbow,679.29,519.89,0.0855,-0.3384,0.2212,0.039,1.000
18,0.7200,0,14,right_elbow,713.55,546.70,0.1974,-0.2185,-0.1249,0.990,1.000
18,0.7200,0,15,left_wrist,737.91,507.92,0.2822,-0.3437,0.3954,0.099,1.000
18,0.7200,0,16,right_wrist,766.81,531.80,0.3278,-0.2484,-0.0617,0.972,1.000
18,0.7200,0,17,left_pinky,746.62,501.53,0.3081,-0.3787,0.4367,0.137,1.000
18,0.7200,0,18,right_pinky,777.70,530.57,0.3979,-0.2907,-0.1005,0.953,1.000
18,0.7200,0,19,left_index,749.77,496.41,0.3224,-0.3898,0.4274,0.140,1.000
18,0.7200,0,20,right_index,773.81,521.46,0.4209,-0.3495,-0.0848,0.946,1.000
18,0.7200,0,21,left_thumb,746.27,500.36,0.3059,-0.3348,0.3939,0.138,1.000
18,0.7200,0,22,right_thumb,768.36,521.36,0.3401,-0.2802,-0.0576,0.872,1.000
18,0.7200,0,23,left_hip,653.16,607.76,-0.0516,0.0022,0.1112,1.000,1.000
18,0.7200,0,24,right_hip,677.12,612.86,0.0534,-0.0088,-0.1109,1.000,1.000
18,0.7200,0,25,left_knee,646.29,709.73,-0.0371,0.3884,0.1479,0.219,1.000
18,0.7200,0,26,right_knee,706.50,721.70,0.1553,0.3429,-0.1303,0.971,1.000
18,0.7200,0,27,left_ankle,633.64,817.56,-0.0964,0.7300,0.2024,0.511,1.000
18,0.7200,0,28,right_ankle,660.97,828.98,0.0084,0.7012,-0.0835,0.951,1.000
18,0.7200,0,29,left_heel,623.44,837.66,-0.1214,0.7673,0.2199,0.772,1.000
18,0.7200,0,30,right_heel,639.78,848.82,-0.0011,0.7343,-0.1090,0.880,1.000
18,0.7200,0,31,left_foot_index,663.04,831.21,-0.0358,0.7797,0.2684,0.432,1.000
18,0.7200,0,32,right_foot_index,704.56,864.02,0.1064,0.7448,-0.1046,0.831,1.000
19,0.7600,0,0,nose,686.62,407.02,0.0863,-0.6629,-0.0079,1.000,1.000
19,0.7600,0,1,left_eye_inner,680.61,399.41,0.0522,-0.6747,-0.0165,1.000,1.000
19,0.7600,0,2,left_eye,678.25,399.22,0.0548,-0.6754,-0.0085,1.000,1.000
19,0.7600,0,3,left_eye_outer,676.05,399.13,0.0540,-0.6756,-0.0119,1.000,1.000
19,0.7600,0,4,right_eye_inner,687.52,399.63,0.0790,-0.6823,-0.0533,1.000,1.000
19,0.7600,0,5,right_eye,689.86,399.53,0.0829,-0.6797,-0.0646,1.000,1.000
19,0.7600,0,6,right_eye_outer,692.31,399.32,0.0874,-0.6697,-0.0429,1.000,1.000
19,0.7600,0,7,left_ear,670.11,405.56,-0.0167,-0.6205,-0.0252,1.000,1.000
19,0.7600,0,8,right_ear,695.46,405.37,0.0454,-0.5623,-0.1112,1.000,1.000
19,0.7600,0,9,mouth_left,684.64,416.78,0.0842,-0.6382,0.0103,1.000,1.000
19,0.7600,0,10,mouth_right,691.13,416.92,0.0982,-0.5983,-0.0452,1.000,1.000
19,0.7600,0,11,left_shoulder,660.68,464.76,-0.0179,-0.4685,0.1249,1.000,1.000
19,0.7600,0,12,right_shoulder,693.56,468.23,0.1046,-0.4950,-0.0898,1.000,1.000
19,0.7600,0,13,left_elbow,684.32,526.46,0.0775,-0.3372,0.2125,0.101,1.000
19,0.7600,0,14,right_elbow,720.76,549.41,0.1680,-0.2268,-0.1005,0.995,1.000
19,0.7600,0,15,left_wrist,739.38,512.53,0.2553,-0.3503,0.3477,0.130,1.000
19,0.7600,0,16,right_wrist,771.21,533.62,0.2980,-0.2685,0.0126,0.989,1.000
19,0.7600,0,17,left_pinky,749.55,505.61,0.2810,-0.3883,0.3833,0.190,1.000
19,0.7600,0,18,right_pinky,783.00,531.86,0.3695,-0.3131,-0.0196,0.978,1.000
19,0.7600,0,19,left_index,753.07,501.65,0.2912,-0.4011,0.3730,0.195,1.000
19,0.7600,0,20,right_index,779.63,526.09,0.3887,-0.3753,-0.0018,0.975,1.000
19,0.7600,0,21,left_thumb,748.66,505.39,0.2760,-0.3440,0.3439,0.199,1.000
19,0.7600,0,22,right_thumb,773.83,525.59,0.3088,-0.3034,0.0176,0.941,1.000
19,0.7600,0,23,left_hip,661.08,612.52,-0.0380,0.0016,0.1145,1.000,1.000
19,0.7600,0,24,right_hip,682.25,617.23,0.0403,-0.0084,-0.1144,1.000,1.000
19,0.7600,0,25,left_knee,652.30,716.72,-0.0428,0.3950,0.1260,0.626,1.000
19,0.7600,0,26,right_knee,707.27,728.75,0.1212,0.3171,-0.1329,0.995,1.000
19,0.7600,0,27,left_ankle,635.53,822.72,-0.1138,0.7378,0.1487,0.872,1.000
19,0.7600,0,28,right_ankle,658.12,829.03,-0.0430,0.6843,-0.0806,0.989,1.000
19,0.7600,0,29,left_heel,622.68,842.33,-0.1396,0.7760,0.1628,0.939,1.000
19,0.7600,0,30,right_heel,637.99,846.88,-0.0559,0.7187,-0.1053,0.963,1.000
19,0.7600,0,31,left_foot_index,668.30,845.44,-0.0580,0.8016,0.2027,0.850,1.000
19,0.7600,0,32,right_foot_index,695.94,873.00,0.0490,0.7565,-0.1009,0.960,1.000
20,0.8000,0,0,nose,694.89,407.88,0.0805,-0.6462,-0.0130,1.000,1.000
20,0.8000,0,1,left_eye_inner,687.56,400.98,0.0461,-0.6568,-0.0250,1.000,1.000
20,0.8000,0,2,left_eye,685.01,401.41,0.0486,-0.6572,-0.0171,1.000,1.000
20,0.8000,0,3,left_eye_outer,682.85,401.74,0.0479,-0.6580,-0.0204,1.000,1.000
20,0.8000,0,4,right_eye_inner,694.74,400.66,0.0756,-0.6665,-0.0609,1.000,1.000
20,0.8000,0,5,right_eye,697.18,400.81,0.0793,-0.6639,-0.0719,1.000,1.000
20,0.8000,0,6,right_eye_outer,699.71,400.76,0.0844,-0.6545,-0.0500,1.000,1.000
20,0.8000,0,7,left_ear,677.41,409.43,-0.0243,-0.6054,-0.0403,1.000,1.000
20,0.8000,0,8,right_ear,702.12,406.42,0.0490,-0.5482,-0.1227,1.000,1.000
20,0.8000,0,9,mouth_left,692.01,419.37,0.0773,-0.6234,0.0033,1.000,1.000
20,0.8000,0,10,mouth_right,699.33,418.22,0.0945,-0.5841,-0.0505,1.000,1.000
20,0.8000,0,11,left_shoulder,667.23,465.80,-0.0374,-0.4530,0.1146,1.000,1.000
20,0.8000,0,12,right_shoulder,698.32,471.25,0.1086,-0.4867,-0.1000,1.000,1.000
20,0.8000,0,13,left_elbow,690.16,530.37,0.0623,-0.3271,0.2341,0.041,1.000
20,0.8000,0,14,right_elbow,728.99,550.97,0.1967,-0.2198,-0.0966,0.993,1.000
20,0.8000,0,15,left_wrist,745.23,515.76,0.2471,-0.3376,0.4310,0.057,1.000
20,0.8000,0,16,right_wrist,781.01,529.75,0.3151,-0.2752,0.0312,0.979,1.000
20,0.8000,0,17,left_pinky,750.23,511.48,0.2724,-0.3788,0.4776,0.084,1.000
20,0.8000,0,18,right_pinky,789.02,522.09,0.3829,-0.3295,-0.0001,0.961,1.000
20,0.8000,0,19,left_index,754.52,507.19,0.2819,-0.3899,0.4671,0.085,1.000
20,0.8000,0,20,right_index,784.17,516.20,0.3980,-0.3896,0.0183,0.954,1.000
20,0.8000,0,21,left_thumb,752.65,510.15,0.2688,-0.3298,0.4300,0.086,1.000
20,0.8000,0,22,right_thumb,780.16,518.53,0.3229,-0.3104,0.0369,0.889,1.000
20,0.8000,0,23,left_hip,667.20,616.02,-0.0445,0.0024,0.1195,1.000,1.000
20,0.8000,0,24,right_hip,689.84,621.60,0.0465,-0.0099,-0.1200,1.000,1.000
20,0.8000,0,25,left_knee,664.21,717.38,-0.0492,0.3816,0.1801,0.202,1.000
20,0.8000,0,26,right_knee,707.12,731.32,0.1049,0.3150,-0.1506,0.991,1.000
20,0.8000,0,27,left_ankle,636.38,824.26,-0.1076,0.7317,0.2403,0.544,1.000
20,0.8000,0,28,right_ankle,655.49,839.36,-0.0593,0.6881,-0.1235,0.976,1.000
20,0.8000,0,29,left_heel,623.77,845.87,-0.1311,0.7718,0.2574,0.813,1.000
20,0.8000,0,30,right_heel,635.84,856.79,-0.0700,0.7227,-0.1515,0.926,1.000
20,0.8000,0,31,left_foot_index,677.01,837.35,-0.0400,0.7753,0.3063,0.526,1.000
20,0.8000,0,32,right_foot_index,696.57,873.01,0.0498,0.7325,-0.1537,0.915,1.000
21,0.8400,0,0,nose,703.34,412.43,0.0878,-0.6337,-0.0168,1.000,1.000
21,0.8400,0,1,left_eye_inner,693.92,404.14,0.0589,-0.6448,-0.0200,1.000,1.000
21,0.8400,0,2,left_eye,691.32,404.46,0.0604,-0.6453,-0.0126,1.000,1.000
21,0.8400,0,3,left_eye_outer,689.13,404.84,0.0596,-0.6458,-0.0155,1.000,1.000
21,0.8400,0,4,right_eye_inner,701.58,404.23,0.0798,-0.6566,-0.0584,1.000,1.000
21,0.8400,0,5,right_eye,704.01,404.29,0.0838,-0.6545,-0.0702,1.000,1.000
21,0.8400,0,6,right_eye_outer,706.55,404.10,0.0900,-0.6456,-0.0489,1.000,1.000
21,0.8400,0,7,left_ear,684.59,411.99,-0.0180,-0.6043,-0.0121,1.000,1.000
21,0.8400,0,8,right_ear,707.26,410.08,0.0388,-0.5532,-0.1093,1.000,1.000
21,0.8400,0,9,mouth_left,701.22,424.41,0.0771,-0.6153,0.0070,0.999,1.000
21,0.8400,0,10,mouth_right,707.47,422.79,0.0932,-0.5776,-0.0512,0.999,1.000
21,0.8400,0,11,left_shoulder,672.16,471.52,-0.0341,-0.4546,0.1410,1.000,1.000
21,0.8400,0,12,right_shoulder,701.59,469.40,0.0815,-0.5059,-0.0884,1.000,1.000
21,0.8400,0,13,left_elbow,709.27,534.32,0.0894,-0.3294,0.2283,0.029,1.000
21,0.8400,0,14,right_elbow,738.62,547.70,0.1732,-0.2520,-0.1196,0.991,1.000
21,0.8400,0,15,left_wrist,760.83,517.17,0.2735,-0.3413,0.3589,0.200,1.000
21,0.8400,0,16,right_wrist,789.80,528.24,0.2910,-0.2940,-0.0329,0.977,1.000
21,0.8400,0,17,left_pinky,768.89,509.93,0.2962,-0.3819,0.3932,0.285,1.000
21,0.8400,0,18,right_pinky,798.11,522.83,0.3484,-0.3500,-0.0732,0.963,1.000
21,0.8400,0,19,left_index,770.71,504.60,0.3043,-0.3941,0.3861,0.295,1.000
21,0.8400,0,20,right_index,793.08,515.71,0.3686,-0.4129,-0.0548,0.958,1.000
21,0.8400,0,21,left_thumb,768.29,507.53,0.2943,-0.3361,0.3568,0.286,1.000
21,0.8400,0,22,right_thumb,789.25,518.19,0.2994,-0.3283,-0.0283,0.906,1.000
21,0.8400,0,23,left_hip,676.63,614.23,-0.0387,0.0097,0.1191,1.000,1.000
21,0.8400,0,24,right_hip,701.34,618.58,0.0400,-0.0172,-0.1181,1.000,1.000
21,0.8400,0,25,left_knee,684.92,722.96,-0.0289,0.3781,0.1539,0.297,1.000
21,0.8400,0,26,right_knee,707.65,732.29,0.0666,0.3283,-0.1366,0.986,1.000
21,0.8400,0,27,left_ankle,637.97,823.50,-0.1546,0.7187,0.1945,0.657,1.000
21,0.8400,0,28,right_ankle,651.72,840.86,-0.1142,0.6940,-0.1340,0.985,1.000
21,0.8400,0,29,left_heel,626.21,846.12,-0.1853,0.7600,0.2120,0.898,1.000
21,0.8400,0,30,right_heel,633.19,860.91,-0.1291,0.7266,-0.1628,0.956,1.000
21,0.8400,0,31,left_foot_index,679.93,842.12,-0.1021,0.7842,0.2554,0.705,1.000
21,0.8400,0,32,right_foot_index,696.65,879.12,-0.0160,0.7449,-0.1778,0.958,1.000
22,0.8800,0,0,nose,706.67,415.00,0.0696,-0.6653,0.0072,1.000,1.000
22,0.8800,0,1,left_eye_inner,698.62,408.54,0.0303,-0.6723,-0.0031,1.000,1.000
22,0.8800,0,2,left_eye,696.27,409.02,0.0325,-0.6735,0.0047,1.000,1.000
22,0.8800,0,3,left_eye_outer,694.32,409.66,0.0322,-0.6736,0.0015,1.000,1.000
22,0.8800,0,4,right_eye_inner,705.64,408.78,0.0598,-0.6841,-0.0407,1.000,1.000
22,0.8800,0,5,right_eye,708.00,409.31,0.0632,-0.6805,-0.0528,1.000,1.000
22,0.8800,0,6,right_eye_outer,710.24,409.74,0.0680,-0.6717,-0.0311,1.000,1.000
22,0.8800,0,7,left_ear,689.97,415.85,-0.0418,-0.6220,-0.0138,1.000,1.000
22,0.8800,0,8,right_ear,712.24,414.41,0.0314,-0.5651,-0.1053,1.000,1.000
22,0.8800,0,9,mouth_left,705.23,425.08,0.0676,-0.6415,0.0244,1.000,1.000
22,0.8800,0,10,mouth_right,713.09,425.08,0.0847,-0.6029,-0.0326,1.000,1.000
22,0.8800,0,11,left_shoulder,687.42,473.58,-0.0335,-0.4604,0.1378,1.000,1.000
22,0.8800,0,12,right_shoulder,711.06,477.99,0.1030,-0.5158,-0.0902,1.000,1.000
22,0.8800,0,13,left_elbow,721.08,532.19,0.1011,-0.3467,0.2559,0.114,1.000
22,0.8800,0,14,right_elbow,746.68,547.65,0.2029,-0.2623,-0.0873,0.994,1.000
22,0.8800,0,15,left_wrist,772.31,512.34,0.2910,-0.3818,0.4440,0.258,1.000
22,0.8800,0,16,right_wrist,799.24,527.97,0.3160,-0.3104,0.0280,0.992,1.000
22,0.8800,0,17,left_pinky,783.39,505.02,0.3153,-0.4278,0.4833,0.338,1.000
22,0.8800,0,18,right_pinky,808.33,525.00,0.3830,-0.3564,-0.0090,0.988,1.000
22,0.8800,0,19,left_index,784.19,502.40,0.3195,-0.4488,0.4710,0.350,1.000
22,0.8800,0,20,right_index,806.10,520.32,0.4041,-0.4214,0.0112,0.986,1.000
22,0.8800,0,21,left_thumb,781.06,505.36,0.3124,-0.3786,0.4416,0.342,1.000
22,0.8800,0,22,right_thumb,802.33,521.58,0.3265,-0.3458,0.0328,0.962,1.000
22,0.8800,0,23,left_hip,686.11,624.23,-0.0331,0.0107,0.1230,1.000,1.000
22,0.8800,0,24,right_hip,703.15,628.58,0.0349,-0.0189,-0.1235,1.000,1.000
22,0.8800,0,25,left_knee,706.18,730.91,0.0245,0.3856,0.1519,0.254,1.000
22,0.8800,0,26,right_knee,704.89,737.89,0.0321,0.3385,-0.1770,0.995,1.000
22,0.8800,0,27,left_ankle,648.65,824.01,-0.1329,0.6957,0.2271,0.493,1.000
22,0.8800,0,28,right_ankle,648.96,853.01,-0.1604,0.7162,-0.1865,0.990,1.000
22,0.8800,0,29,left_heel,629.58,841.24,-0.1703,0.7313,0.2469,0.818,1.000
22,0.8800,0,30,right_heel,631.20,869.65,-0.1733,0.7523,-0.2187,0.966,1.000
22,0.8800,0,31,left_foot_index,682.82,847.94,-0.0918,0.7777,0.3059,0.553,1.000
22,0.8800,0,32,right_foot_index,695.63,881.45,-0.0639,0.7632,-0.2290,0.969,1.000
23,0.9200,0,0,nose,719.10,418.87,0.1049,-0.6587,-0.0003,1.000,1.000
23,0.9200,0,1,left_eye_inner,712.33,412.97,0.0685,-0.6662,-0.0028,1.000,1.000
23,0.9200,0,2,left_eye,710.31,413.11,0.0716,-0.6668,0.0049,1.000,1.000
23,0.9200,0,3,left_eye_outer,708.49,413.31,0.0710,-0.6675,0.0015,1.000,1.000
23,0.9200,0,4,right_eye_inner,717.70,413.07,0.0922,-0.6766,-0.0448,1.000,1.000
23,0.9200,0,5,right_eye,719.29,413.22,0.0953,-0.6731,-0.0583,1.000,1.000
23,0.9200,0,6,right_eye_outer,720.87,413.23,0.1007,-0.6647,-0.0358,1.000,1.000
23,0.9200,0,7,left_ear,702.93,420.92,-0.0070,-0.6223,0.0099,1.000,1.000
23,0.9200,0,8,right_ear,722.16,419.23,0.0439,-0.5653,-0.1007,1.000,1.000
23,0.9200,0,9,mouth_left,718.46,428.48,0.0987,-0.6372,0.0238,1.000,1.000
23,0.9200,0,10,mouth_right,723.08,428.10,0.1105,-0.5986,-0.0384,1.000,1.000
23,0.9200,0,11,left_shoulder,693.93,478.89,-0.0107,-0.4642,0.1703,1.000,1.000
23,0.9200,0,12,right_shoulder,716.09,481.40,0.1013,-0.5065,-0.0842,1.000,1.000
23,0.9200,0,13,left_elbow,732.37,530.43,0.1109,-0.3527,0.2496,0.062,1.000
23,0.9200,0,14,right_elbow,756.65,548.93,0.2099,-0.2566,-0.0877,0.996,1.000
23,0.9200,0,15,left_wrist,780.23,512.85,0.2899,-0.3761,0.3486,0.221,1.000
23,0.9200,0,16,right_wrist,809.56,527.25,0.3275,-0.3218,0.0246,0.995,1.000
23,0.9200,0,17,left_pinky,787.91,507.85,0.3143,-0.4222,0.3764,0.317,1.000
23,0.9200,0,18,right_pinky,817.43,520.20,0.3905,-0.3716,-0.0149,0.991,1.000
23,0.9200,0,19,left_index,789.25,502.62,0.3190,-0.4392,0.3642,0.323,1.000
23,0.9200,0,20,right_index,812.31,514.93,0.4118,-0.4400,0.0092,0.990,1.000
23,0.9200,0,21,left_thumb,787.47,505.58,0.3093,-0.3727,0.3426,0.306,1.000
23,0.9200,0,22,right_thumb,809.36,517.28,0.3378,-0.3593,0.0305,0.970,1.000
23,0.9200,0,23,left_hip,694.41,624.69,-0.0251,0.0077,0.1299,1.000,1.000
23,0.9200,0,24,right_hip,704.53,628.43,0.0267,-0.0160,-0.1301,1.000,1.000
23,0.9200,0,25,left_knee,717.44,732.25,0.0480,0.3838,0.1768,0.144,1.000
23,0.9200,0,26,right_knee,705.49,742.65,0.0214,0.3338,-0.1788,0.995,1.000
23,0.9200,0,27,left_ankle,660.01,818.00,-0.1129,0.6800,0.3062,0.260,1.000
23,0.9200,0,28,right_ankle,649.22,855.30,-0.1684,0.6986,-0.1764,0.987,1.000
23,0.9200,0,29,left_heel,641.21,828.98,-0.1496,0.7143,0.3317,0.661,1.000
23,0.9200,0,30,right_heel,633.43,873.66,-0.1798,0.7311,-0.2080,0.952,1.000
23,0.9200,0,31,left_foot_index,691.42,838.60,-0.0611,0.7479,0.3862,0.379,1.000
23,0.9200,0,32,right_foot_index,697.53,881.46,-0.0602,0.7230,-0.2292,0.965,1.000
24,0.9600,0,0,nose,724.86,423.72,0.1049,-0.6312,-0.0312,1.000,1.000
24,0.9600,0,1,left_eye_inner,717.28,417.98,0.0753,-0.6417,-0.0313,1.000,1.000
24,0.9600,0,2,left_eye,715.28,418.06,0.0768,-0.6426,-0.0237,1.000,1.000
24,0.9600,0,3,left_eye_outer,713.49,418.26,0.0761,-0.6435,-0.0266,1.000,1.000
24,0.9600,0,4,right_eye_inner,722.80,418.15,0.0908,-0.6518,-0.0704,1.000,1.000
24,0.9600,0,5,right_eye,724.58,418.21,0.0945,-0.6493,-0.0820,1.000,1.000
24,0.9600,0,6,right_eye_outer,726.52,418.04,0.1006,-0.6394,-0.0602,1.000,1.000
24,0.9600,0,7,left_ear,708.99,424.98,0.0050,-0.6136,-0.0017,1.000,1.000
24,0.9600,0,8,right_ear,728.32,423.02,0.0361,-0.5546,-0.1082,1.000,1.000
24,0.9600,0,9,mouth_left,724.80,433.69,0.0995,-0.6173,-0.0013,1.000,1.000
24,0.9600,0,10,mouth_right,729.27,432.89,0.1085,-0.5780,-0.0614,1.000,1.000
24,0.9600,0,11,left_shoulder,704.81,479.18,0.0282,-0.4750,0.1613,1.000,1.000
24,0.9600,0,12,right_shoulder,715.16,478.84,0.0672,-0.5122,-0.0904,1.000,1.000
24,0.9600,0,13,left_elbow,738.50,533.24,0.1380,-0.3535,0.2548,0.071,1.000
24,0.9600,0,14,right_elbow,764.29,546.95,0.1875,-0.2602,-0.1347,0.991,1.000
24,0.9600,0,15,left_wrist,789.50,515.80,0.2970,-0.3742,0.3634,0.312,1.000
24,0.9600,0,16,right_wrist,817.28,520.03,0.3156,-0.3345,-0.0799,0.992,1.000
24,0.9600,0,17,left_pinky,797.36,512.52,0.3171,-0.4121,0.3900,0.436,1.000
24,0.9600,0,18,right_pinky,824.96,510.87,0.3725,-0.3876,-0.1337,0.989,1.000
24,0.9600,0,19,left_index,796.61,505.38,0.3217,-0.4265,0.3786,0.445,1.000
24,0.9600,0,20,right_index,818.97,505.06,0.3936,-0.4554,-0.1130,0.987,1.000
24,0.9600,0,21,left_thumb,794.92,507.13,0.3152,-0.3696,0.3573,0.430,1.000
24,0.9600,0,22,right_thumb,816.40,508.83,0.3254,-0.3706,-0.0757,0.965,1.000
24,0.9600,0,23,left_hip,709.58,625.70,0.0016,0.0077,0.1216,1.000,1.000
24,0.9600,0,24,right_hip,704.63,626.20,-0.0002,-0.0149,-0.1198,1.000,1.000
24,0.9600,0,25,left_knee,750.62,720.70,0.1501,0.3428,0.1018,0.506,1.000
24,0.9600,0,26,right_knee,705.10,743.65,-0.0176,0.3293,-0.1640,0.993,1.000
24,0.9600,0,27,left_ankle,664.80,809.95,-0.1240,0.6137,0.1749,0.581,1.000
24,0.9600,0,28,right_ankle,651.53,854.52,-0.1855,0.7142,-0.1422,0.992,1.000
24,0.9600,0,29,left_heel,644.52,817.20,-0.1743,0.6431,0.1957,0.837,1.000
24,0.9600,0,30,right_heel,635.64,875.40,-0.1967,0.7490,-0.1748,0.970,1.000
24,0.9600,0,31,left_foot_index,688.51,843.69,-0.1243,0.7016,0.2342,0.738,1.000
24,0.9600,0,32,right_foot_index,700.71,884.52,-0.0845,0.7570,-0.2221,0.984,0.999
25,1.0000,0,0,nose,735.58,420.22,0.0942,-0.6512,-0.1001,1.000,1.000
25,1.0000,0,1,left_eye_inner,727.12,414.04,0.0701,-0.6628,-0.0933,1.000,1.000
25,1.0000,0,2,left_eye,725.12,414.50,0.0722,-0.6624,-0.0858,1.000,1.000
25,1.0000,0,3,left_eye_outer,723.58,415.02,0.0708,-0.6638,-0.0892,1.000,1.000
25,1.0000,0,4,right_eye_inner,732.22,414.54,0.0757,-0.6695,-0.1371,1.000,1.000
25,1.0000,0,5,right_eye,733.53,415.14,0.0789,-0.6673,-0.1504,1.000,1.000
25,1.0000,0,6,right_eye_outer,734.95,415.49,0.0846,-0.6570,-0.1279,1.000,1.000
25,1.0000,0,7,left_ear,720.23,422.29,0.0114,-0.6315,-0.0334,1.000,1.000
25,1.0000,0,8,right_ear,734.38,421.68,0.0012,-0.5735,-0.1543,1.000,1.000
25,1.0000,0,9,mouth_left,735.32,431.79,0.0923,-0.6343,-0.0627,1.000,1.000
25,1.0000,0,10,mouth_right,739.29,431.58,0.0896,-0.5968,-0.1280,1.000,1.000
25,1.0000,0,11,left_shoulder,718.93,481.99,0.0415,-0.4788,0.1475,1.000,1.000
25,1.0000,0,12,right_shoulder,726.12,484.13,0.0501,-0.5215,-0.1363,1.000,1.000
25,1.0000,0,13,left_elbow,757.76,539.56,0.1408,-0.3337,0.1410,0.045,1.000
25,1.0000,0,14,right_elbow,772.28,547.54,0.1758,-0.2723,-0.1587,0.996,1.000
25,1.0000,0,15,left_wrist,804.17,514.46,0.2801,-0.3590,0.0568,0.285,1.000
25,1.0000,0,16,right_wrist,826.38,518.27,0.3054,-0.3575,-0.0679,0.997,1.000
25,1.0000,0,17,left_pinky,811.47,506.15,0.2991,-0.3958,0.0539,0.429,1.000
25,1.0000,0,18,right_pinky,832.79,507.01,0.3624,-0.4053,-0.1157,0.995,1.000
25,1.0000,0,19,left_index,810.53,503.32,0.3006,-0.4160,0.0435,0.432,1.000
25,1.0000,0,20,right_index,826.54,499.86,0.3718,-0.4745,-0.1014,0.994,1.000
25,1.0000,0,21,left_thumb,808.53,505.87,0.2924,-0.3562,0.0452,0.384,1.000
25,1.0000,0,22,right_thumb,823.88,504.21,0.3127,-0.3931,-0.0646,0.984,1.000
25,1.0000,0,23,left_hip,719.63,629.43,0.0123,0.0054,0.1326,1.000,1.000
25,1.0000,0,24,right_hip,715.89,632.00,-0.0099,-0.0121,-0.1313,1.000,1.000
25,1.0000,0,25,left_knee,758.39,717.34,0.1323,0.3491,0.1733,0.181,1.000
25,1.0000,0,26,right_knee,707.21,746.05,-0.0378,0.3171,-0.1355,0.991,1.000
25,1.0000,0,27,left_ankle,686.98,803.96,-0.1005,0.6429,0.2996,0.365,1.000
25,1.0000,0,28,right_ankle,653.35,855.70,-0.2508,0.7033,-0.0917,0.991,1.000
25,1.0000,0,29,left_heel,669.04,814.20,-0.1446,0.6737,0.3244,0.592,1.000
25,1.0000,0,30,right_heel,633.39,873.97,-0.2665,0.7374,-0.1229,0.951,1.000
25,1.0000,0,31,left_foot_index,715.95,836.28,-0.0782,0.7311,0.3576,0.645,1.000
25,1.0000,0,32,right_foot_index,698.55,888.00,-0.1543,0.7436,-0.1798,0.986,1.000
26,1.0400,0,0,nose,743.51,422.62,0.1340,-0.6661,-0.0954,1.000,1.000
26,1.0400,0,1,left_eye_inner,736.27,417.64,0.0976,-0.6844,-0.1016,1.000,1.000
26,1.0400,0,2,left_eye,734.71,418.01,0.0993,-0.6856,-0.0916,1.000,1.000
26,1.0400,0,3,left_eye_outer,733.48,418.37,0.0983,-0.6860,-0.0945,1.000,1.000
26,1.0400,0,4,right_eye_inner,739.79,418.42,0.1123,-0.6903,-0.1397,1.000,1.000
26,1.0400,0,5,right_eye,740.52,419.22,0.1131,-0.6865,-0.1534,1.000,1.000
26,1.0400,0,6,right_eye_outer,741.32,419.77,0.1145,-0.6784,-0.1301,1.000,1.000
26,1.0400,0,7,left_ear,728.70,426.62,0.0345,-0.6512,-0.0519,1.000,1.000
26,1.0400,0,8,right_ear,740.71,426.73,0.0346,-0.5885,-0.1681,1.000,1.000
26,1.0400,0,9,mouth_left,744.62,432.76,0.1392,-0.6436,-0.0651,1.000,1.000
26,1.0400,0,10,mouth_right,747.94,433.78,0.1304,-0.6046,-0.1265,1.000,1.000
26,1.0400,0,11,left_shoulder,733.69,481.07,0.0681,-0.4864,0.1177,1.000,1.000
26,1.0400,0,12,right_shoulder,736.86,481.99,0.1174,-0.5310,-0.1288,1.000,1.000
26,1.0400,0,13,left_elbow,761.50,534.92,0.1840,-0.3917,0.2708,0.200,1.000
26,1.0400,0,14,right_elbow,780.66,547.48,0.2187,-0.2889,-0.2412,0.985,1.000
26,1.0400,0,15,left_wrist,814.90,508.19,0.3604,-0.4289,0.4291,0.491,1.000
26,1.0400,0,16,right_wrist,834.33,516.34,0.3481,-0.3704,-0.2758,0.978,1.000
26,1.0400,0,17,left_pinky,824.54,498.28,0.3863,-0.4801,0.4679,0.523,1.000
26,1.0400,0,18,right_pinky,842.00,505.84,0.4065,-0.4128,-0.3434,0.968,1.000
26,1.0400,0,19,left_index,821.51,495.37,0.3997,-0.5006,0.4455,0.546,1.000
26,1.0400,0,20,right_index,834.87,498.37,0.4295,-0.4662,-0.3153,0.963,1.000
26,1.0400,0,21,left_thumb,818.78,499.24,0.3811,-0.4229,0.4226,0.536,1.000
26,1.0400,0,22,right_thumb,831.75,503.02,0.3634,-0.3999,-0.2732,0.906,1.000
26,1.0400,0,23,left_hip,720.17,629.96,0.0011,-0.0011,0.1321,1.000,1.000
26,1.0400,0,24,right_hip,717.43,630.75,0.0017,-0.0056,-0.1288,1.000,1.000
26,1.0400,0,25,left_knee,772.77,712.48,0.1778,0.3341,0.1935,0.129,1.000
26,1.0400,0,26,right_knee,712.20,742.53,0.0099,0.3389,-0.1638,0.993,1.000
26,1.0400,0,27,left_ankle,708.34,802.60,0.0018,0.6728,0.3718,0.260,1.000
26,1.0400,0,28,right_ankle,655.07,858.72,-0.1878,0.7142,-0.1546,0.993,1.000
26,1.0400,0,29,left_heel,687.83,814.16,-0.0369,0.7026,0.3999,0.409,1.000
26,1.0400,0,30,right_heel,635.63,875.51,-0.1967,0.7478,-0.1894,0.957,1.000
26,1.0400,0,31,left_foot_index,742.96,833.31,0.0505,0.7217,0.4122,0.414,1.000
26,1.0400,0,32,right_foot_index,703.99,886.00,-0.0809,0.7446,-0.2448,0.983,1.000
27,1.0800,0,0,nose,748.26,427.82,0.0861,-0.6354,-0.0684,1.000,1.000
27,1.0800,0,1,left_eye_inner,740.85,422.52,0.0586,-0.6498,-0.0684,1.000,1.000
27,1.0800,0,2,left_eye,738.85,422.86,0.0598,-0.6504,-0.0598,1.000,1.000
27,1.0800,0,3,left_eye_outer,736.93,423.48,0.0588,-0.6514,-0.0633,1.000,1.000
27,1.0800,0,4,right_eye_inner,746.33,422.37,0.0686,-0.6579,-0.1075,1.000,1.000
27,1.0800,0,5,right_eye,747.97,422.50,0.0719,-0.6559,-0.1201,1.000,1.000
27,1.0800,0,6,right_eye_outer,749.53,422.36,0.0761,-0.6466,-0.0982,1.000,1.000
27,1.0800,0,7,left_ear,733.73,430.42,-0.0040,-0.6216,-0.0217,1.000,1.000
27,1.0800,0,8,right_ear,748.65,428.02,0.0075,-0.5631,-0.1353,1.000,1.000
27,1.0800,0,9,mouth_left,748.89,437.23,0.0870,-0.6206,-0.0372,1.000,1.000
27,1.0800,0,10,mouth_right,753.21,436.78,0.0875,-0.5817,-0.0991,1.000,1.000
27,1.0800,0,11,left_shoulder,739.65,479.76,0.0457,-0.4764,0.1411,1.000,1.000
27,1.0800,0,12,right_shoulder,742.87,480.23,0.0498,-0.5284,-0.1127,1.000,1.000
27,1.0800,0,13,left_elbow,778.18,536.84,0.1673,-0.3696,0.2303,0.167,1.000
27,1.0800,0,14,right_elbow,785.42,543.40,0.1615,-0.3027,-0.2384,0.994,1.000
27,1.0800,0,15,left_wrist,826.84,512.26,0.3311,-0.3864,0.2850,0.624,1.000
27,1.0800,0,16,right_wrist,840.28,509.75,0.3071,-0.3834,-0.3002,0.994,1.000
27,1.0800,0,17,left_pinky,834.61,508.54,0.3526,-0.4256,0.3078,0.673,1.000
27,1.0800,0,18,right_pinky,849.23,495.29,0.3663,-0.4332,-0.3740,0.991,1.000
27,1.0800,0,19,left_index,830.82,501.66,0.3608,-0.4477,0.2907,0.689,1.000
27,1.0800,0,20,right_index,842.18,488.15,0.3926,-0.5015,-0.3515,0.989,1.000
27,1.0800,0,21,left_thumb,828.12,502.84,0.3494,-0.3825,0.2764,0.666,1.000
27,1.0800,0,22,right_thumb,838.69,493.66,0.3230,-0.4179,-0.2979,0.968,1.000
27,1.0800,0,23,left_hip,738.02,630.56,0.0105,0.0037,0.1257,1.000,1.000
27,1.0800,0,24,right_hip,729.19,630.72,-0.0088,-0.0100,-0.1223,1.000,1.000
27,1.0800,0,25,left_knee,782.04,710.23,0.1532,0.3173,0.1509,0.261,1.000
27,1.0800,0,26,right_knee,715.94,740.82,-0.0432,0.3155,-0.1651,0.992,1.000
27,1.0800,0,27,left_ankle,728.54,807.94,-0.0160,0.6452,0.2816,0.548,1.000
27,1.0800,0,28,right_ankle,658.39,857.62,-0.2448,0.6933,-0.1388,0.992,1.000
27,1.0800,0,29,left_heel,708.98,823.83,-0.0550,0.6789,0.3063,0.731,1.000
27,1.0800,0,30,right_heel,636.49,874.61,-0.2580,0.7274,-0.1718,0.952,1.000
27,1.0800,0,31,left_foot_index,767.84,835.11,0.0289,0.6937,0.3195,0.708,1.000
27,1.0800,0,32,right_foot_index,700.42,889.16,-0.1686,0.7376,-0.2341,0.985,1.000
28,1.1200,0,0,nose,755.83,428.71,0.0942,-0.6728,-0.0826,1.000,1.000
28,1.1200,0,1,left_eye_inner,746.84,421.86,0.0593,-0.6853,-0.0859,1.000,1.000
28,1.1200,0,2,left_eye,744.46,422.22,0.0600,-0.6868,-0.0760,1.000,1.000
28,1.1200,0,3,left_eye_outer,742.28,422.84,0.0593,-0.6870,-0.0793,1.000,1.000
28,1.1200,0,4,right_eye_inner,753.09,422.32,0.0716,-0.6941,-0.1233,1.000,1.000
28,1.1200,0,5,right_eye,754.65,422.68,0.0742,-0.6911,-0.1352,1.000,1.000
28,1.1200,0,6,right_eye_outer,756.15,422.80,0.0762,-0.6827,-0.1135,1.000,1.000
28,1.1200,0,7,left_ear,739.48,429.58,-0.0042,-0.6381,-0.0353,1.000,1.000
28,1.1200,0,8,right_ear,756.55,428.19,0.0050,-0.5784,-0.1507,1.000,1.000
28,1.1200,0,9,mouth_left,754.65,437.88,0.1012,-0.6497,-0.0520,1.000,1.000
28,1.1200,0,10,mouth_right,759.45,437.89,0.0971,-0.6107,-0.1125,1.000,1.000
28,1.1200,0,11,left_shoulder,740.90,482.00,0.0356,-0.4827,0.1258,1.000,1.000
28,1.1200,0,12,right_shoulder,755.24,484.55,0.0752,-0.5295,-0.1153,1.000,1.000
28,1.1200,0,13,left_elbow,771.79,537.21,0.1418,-0.3912,0.2917,0.087,1.000
28,1.1200,0,14,right_elbow,792.92,542.34,0.1616,-0.3059,-0.2631,0.971,1.000
28,1.1200,0,15,left_wrist,821.79,516.03,0.3250,-0.4092,0.4724,0.381,1.000
28,1.1200,0,16,right_wrist,846.24,511.07,0.3082,-0.3778,-0.3553,0.969,1.000
28,1.1200,0,17,left_pinky,830.85,509.76,0.3477,-0.4546,0.5154,0.457,1.000
28,1.1200,0,18,right_pinky,858.61,503.51,0.3709,-0.4282,-0.4315,0.965,1.000
28,1.1200,0,19,left_index,829.68,505.72,0.3580,-0.4730,0.4957,0.489,1.000
28,1.1200,0,20,right_index,851.41,495.88,0.3950,-0.4826,-0.4054,0.958,1.000
28,1.1200,0,21,left_thumb,825.76,506.58,0.3461,-0.4013,0.4676,0.473,1.000
28,1.1200,0,22,right_thumb,846.52,497.89,0.3245,-0.4076,-0.3531,0.898,1.000
28,1.1200,0,23,left_hip,741.61,633.16,0.0046,-0.0008,0.1256,1.000,1.000
28,1.1200,0,24,right_hip,738.32,636.00,-0.0024,-0.0057,-0.1210,1.000,1.000
28,1.1200,0,25,left_knee,793.05,714.54,0.1656,0.3175,0.1597,0.091,1.000
28,1.1200,0,26,right_knee,726.89,742.54,-0.0302,0.3199,-0.1699,0.982,1.000
28,1.1200,0,27,left_ankle,746.12,814.44,0.0525,0.6683,0.3130,0.339,1.000
28,1.1200,0,28,right_ankle,662.11,854.93,-0.2610,0.6941,-0.1415,0.989,1.000
28,1.1200,0,29,left_heel,730.15,830.35,0.0176,0.7028,0.3382,0.476,1.000
28,1.1200,0,30,right_heel,642.08,869.00,-0.2778,0.7278,-0.1746,0.926,1.000
28,1.1200,0,31,left_foot_index,789.08,839.22,0.1056,0.7153,0.3461,0.532,1.000
28,1.1200,0,32,right_foot_index,699.99,889.63,-0.1938,0.7417,-0.2319,0.980,1.000
29,1.1600,0,0,nose,763.04,430.02,0.0709,-0.6424,-0.0659,1.000,1.000
29,1.1600,0,1,left_eye_inner,754.48,424.37,0.0388,-0.6550,-0.0666,1.000,1.000
29,1.1600,0,2,left_eye,752.09,424.83,0.0396,-0.6568,-0.0580,1.000,1.000
29,1.1600,0,3,left_eye_outer,750.06,425.41,0.0391,-0.6566,-0.0603,1.000,1.000
29,1.1600,0,4,right_eye_inner,760.82,424.38,0.0533,-0.6651,-0.1043,1.000,1.000
29,1.1600,0,5,right_eye,762.70,424.58,0.0566,-0.6623,-0.1146,1.000,1.000
29,1.1600,0,6,right_eye_outer,764.45,424.46,0.0598,-0.6536,-0.0940,1.000,1.000
29,1.1600,0,7,left_ear,747.29,432.65,-0.0284,-0.6209,-0.0197,1.000,1.000
29,1.1600,0,8,right_ear,763.86,428.86,-0.0116,-0.5613,-0.1323,1.000,1.000
29,1.1600,0,9,mouth_left,763.41,438.97,0.0715,-0.6263,-0.0324,1.000,1.000
29,1.1600,0,10,mouth_right,768.35,438.24,0.0725,-0.5868,-0.0934,1.000,1.000
29,1.1600,0,11,left_shoulder,742.06,484.03,-0.0033,-0.4751,0.1458,1.000,1.000
29,1.1600,0,12,right_shoulder,762.02,483.49,0.0304,-0.5216,-0.1082,1.000,1.000
29,1.1600,0,13,left_elbow,778.12,540.82,0.0988,-0.3722,0.3089,0.091,1.000
29,1.1600,0,14,right_elbow,797.61,544.30,0.1295,-0.2890,-0.2286,0.992,1.000
29,1.1600,0,15,left_wrist,829.77,515.92,0.2910,-0.4058,0.5077,0.431,1.000
29,1.1600,0,16,right_wrist,853.49,507.70,0.2832,-0.3754,-0.2678,0.989,1.000
29,1.1600,0,17,left_pinky,838.72,509.31,0.3105,-0.4520,0.5504,0.498,1.000
29,1.1600,0,18,right_pinky,863.32,497.83,0.3475,-0.4357,-0.3315,0.984,1.000
29,1.1600,0,19,left_index,839.07,505.06,0.3222,-0.4672,0.5337,0.522,1.000
29,1.1600,0,20,right_index,857.51,489.86,0.3675,-0.4955,-0.3068,0.981,1.000
29,1.1600,0,21,left_thumb,835.71,506.87,0.3130,-0.3984,0.5051,0.501,1.000
29,1.1600,0,22,right_thumb,853.92,493.31,0.2960,-0.4099,-0.2633,0.950,1.000
29,1.1600,0,23,left_hip,756.25,632.09,0.0062,0.0030,0.1231,1.000,1.000
29,1.1600,0,24,right_hip,754.60,635.23,-0.0045,-0.0100,-0.1193,1.000,1.000
29,1.1600,0,25,left_knee,799.06,718.02,0.1616,0.3159,0.1332,0.324,1.000
29,1.1600,0,26,right_knee,748.68,746.01,-0.0262,0.3245,-0.1961,0.995,1.000
29,1.1600,0,27,left_ankle,758.98,818.98,0.0507,0.6666,0.2485,0.729,1.000
29,1.1600,0,28,right_ankle,670.93,848.27,-0.2833,0.6691,-0.1639,0.995,1.000
29,1.1600,0,29,left_heel,742.16,835.32,0.0158,0.7052,0.2699,0.825,1.000
29,1.1600,0,30,right_heel,645.18,860.55,-0.3064,0.7004,-0.1935,0.959,1.000
29,1.1600,0,31,left_foot_index,801.53,847.34,0.0986,0.7267,0.2853,0.859,1.000
29,1.1600,0,32,right_foot_index,700.68,895.27,-0.2209,0.7373,-0.2383,0.992,1.000
30,1.2000,0,0,nose,772.58,432.51,0.0772,-0.6571,-0.0480,1.000,1.000
30,1.2000,0,1,left_eye_inner,764.48,427.45,0.0420,-0.6673,-0.0460,1.000,1.000
30,1.2000,0,2,left_eye,762.92,427.97,0.0439,-0.6698,-0.0367,1.000,1.000
30,1.2000,0,3,left_eye_outer,761.69,428.50,0.0433,-0.6686,-0.0389,1.000,1.000
30,1.2000,0,4,right_eye_inner,768.30,427.31,0.0575,-0.6782,-0.0856,1.000,1.000
30,1.2000,0,5,right_eye,769.50,427.58,0.0604,-0.6747,-0.0970,1.000,1.000
30,1.2000,0,6,right_eye_outer,770.72,427.55,0.0633,-0.6663,-0.0760,1.000,1.000
30,1.2000,0,7,left_ear,757.01,436.53,-0.0244,-0.6269,0.0014,1.000,1.000
30,1.2000,0,8,right_ear,769.32,433.66,-0.0117,-0.5704,-0.1180,1.000,1.000
30,1.2000,0,9,mouth_left,774.48,442.16,0.0790,-0.6374,-0.0137,1.000,1.000
30,1.2000,0,10,mouth_right,777.84,441.59,0.0788,-0.5982,-0.0779,1.000,1.000
30,1.2000,0,11,left_shoulder,752.67,488.31,0.0054,-0.4816,0.1606,1.000,1.000
30,1.2000,0,12,right_shoulder,769.48,488.21,0.0256,-0.5354,-0.0998,1.000,1.000
30,1.2000,0,13,left_elbow,780.09,542.17,0.0871,-0.3966,0.3253,0.192,1.000
30,1.2000,0,14,right_elbow,801.22,547.19,0.1042,-0.3256,-0.2238,0.997,1.000
30,1.2000,0,15,left_wrist,835.47,518.26,0.2790,-0.4354,0.5261,0.538,1.000
30,1.2000,0,16,right_wrist,854.81,512.69,0.2480,-0.4151,-0.2559,0.995,1.000
30,1.2000,0,17,left_pinky,844.90,509.68,0.2974,-0.4851,0.5690,0.600,1.000
30,1.2000,0,18,right_pinky,866.35,501.94,0.3094,-0.4758,-0.3101,0.992,1.000
30,1.2000,0,19,left_index,843.91,504.36,0.3093,-0.5019,0.5482,0.632,1.000
30,1.2000,0,20,right_index,859.85,495.35,0.3326,-0.5353,-0.2793,0.992,1.000
30,1.2000,0,21,left_thumb,840.59,508.00,0.3013,-0.4303,0.5220,0.627,1.000
30,1.2000,0,22,right_thumb,855.46,499.70,0.2621,-0.4507,-0.2508,0.979,1.000
30,1.2000,0,23,left_hip,764.41,635.34,0.0049,0.0045,0.1251,1.000,1.000
30,1.2000,0,24,right_hip,764.91,639.08,-0.0032,-0.0118,-0.1215,1.000,1.000
30,1.2000,0,25,left_knee,803.42,725.71,0.1338,0.3237,0.1005,0.442,1.000
30,1.2000,0,26,right_knee,782.47,741.61,0.0239,0.3174,-0.2097,0.995,1.000
30,1.2000,0,27,left_ankle,757.06,825.81,-0.0155,0.6686,0.1711,0.767,1.000
30,1.2000,0,28,right_ankle,685.41,844.57,-0.2526,0.6363,-0.2101,0.995,1.000
30,1.2000,0,29,left_heel,736.02,843.66,-0.0542,0.7056,0.1887,0.897,1.000
30,1.2000,0,30,right_heel,659.10,847.79,-0.2806,0.6641,-0.2394,0.975,1.000
30,1.2000,0,31,left_foot_index,800.98,853.72,0.0252,0.7405,0.2078,0.900,1.000
30,1.2000,0,32,right_foot_index,702.44,901.58,-0.2125,0.7151,-0.2546,0.994,1.000
31,1.2400,0,0,nose,779.18,443.15,0.0754,-0.6688,0.0077,1.000,1.000
31,1.2400,0,1,left_eye_inner,770.60,439.61,0.0391,-0.6756,0.0115,1.000,1.000
31,1.2400,0,2,left_eye,768.94,440.23,0.0414,-0.6785,0.0215,1.000,1.000
31,1.2400,0,3,left_eye_outer,767.59,440.88,0.0406,-0.6769,0.0182,1.000,1.000
31,1.2400,0,4,right_eye_inner,774.17,439.44,0.0556,-0.6894,-0.0274,1.000,1.000
31,1.2400,0,5,right_eye,775.00,439.85,0.0578,-0.6850,-0.0401,1.000,1.000
31,1.2400,0,6,right_eye_outer,775.91,440.13,0.0610,-0.6781,-0.0188,1.000,1.000
31,1.2400,0,7,left_ear,763.22,449.05,-0.0216,-0.6262,0.0559,1.000,1.000
31,1.2400,0,8,right_ear,775.15,447.13,-0.0086,-0.5764,-0.0635,1.000,1.000
31,1.2400,0,9,mouth_left,780.96,452.35,0.0792,-0.6451,0.0394,0.999,1.000
31,1.2400,0,10,mouth_right,783.78,452.03,0.0787,-0.6075,-0.0238,0.999,1.000
31,1.2400,0,11,left_shoulder,765.03,496.02,0.0026,-0.4705,0.1990,1.000,1.000
31,1.2400,0,12,right_shoulder,779.42,497.71,0.0308,-0.5428,-0.0638,1.000,1.000
31,1.2400,0,13,left_elbow,788.65,547.21,0.0824,-0.3782,0.3541,0.224,1.000
31,1.2400,0,14,right_elbow,803.43,550.54,0.0795,-0.3150,-0.2123,0.997,1.000
31,1.2400,0,15,left_wrist,837.90,521.53,0.2875,-0.4390,0.5725,0.322,1.000
31,1.2400,0,16,right_wrist,854.43,516.43,0.2177,-0.4052,-0.2869,0.996,1.000
31,1.2400,0,17,left_pinky,844.07,514.96,0.3025,-0.4939,0.6193,0.385,1.000
31,1.2400,0,18,right_pinky,866.40,508.60,0.2731,-0.4675,-0.3373,0.994,1.000
31,1.2400,0,19,left_index,847.85,512.07,0.3150,-0.5162,0.6006,0.416,1.000
31,1.2400,0,20,right_index,862.06,501.98,0.3008,-0.5310,-0.3015,0.994,1.000
31,1.2400,0,21,left_thumb,845.86,513.03,0.3108,-0.4374,0.5709,0.405,1.000
31,1.2400,0,22,right_thumb,857.90,505.60,0.2324,-0.4417,-0.2798,0.986,1.000
31,1.2400,0,23,left_hip,769.84,639.09,-0.0082,0.0060,0.1287,1.000,1.000
31,1.2400,0,24,right_hip,773.38,641.32,0.0099,-0.0131,-0.1249,1.000,1.000
31,1.2400,0,25,left_knee,802.06,738.99,0.0819,0.3618,0.1405,0.258,1.000
31,1.2400,0,26,right_knee,807.78,752.28,0.0805,0.3176,-0.2111,0.996,1.000
31,1.2400,0,27,left_ankle,753.22,833.30,-0.0251,0.6841,0.2315,0.718,1.000
31,1.2400,0,28,right_ankle,717.27,834.38,-0.2126,0.5990,-0.1818,0.994,1.000
31,1.2400,0,29,left_heel,731.19,847.66,-0.0608,0.7191,0.2517,0.879,1.000
31,1.2400,0,30,right_heel,692.33,832.85,-0.2436,0.6217,-0.2069,0.981,1.000
31,1.2400,0,31,left_foot_index,798.62,853.69,0.0131,0.7461,0.2710,0.876,1.000
31,1.2400,0,32,right_foot_index,712.66,894.22,-0.2003,0.6713,-0.1950,0.993,1.000
32,1.2800,0,0,nose,780.10,455.88,0.0328,-0.6728,-0.0029,1.000,1.000
32,1.2800,0,1,left_eye_inner,771.80,451.02,-0.0027,-0.6821,-0.0068,0.999,1.000
32,1.2800,0,2,left_eye,769.91,450.96,-0.0015,-0.6852,0.0027,0.999,1.000
32,1.2800,0,3,left_eye_outer,768.32,450.98,-0.0022,-0.6833,0.0006,0.999,1.000
32,1.2800,0,4,right_eye_inner,777.01,451.75,0.0163,-0.6943,-0.0399,1.000,1.000
32,1.2800,0,5,right_eye,778.68,452.08,0.0194,-0.6907,-0.0507,1.000,1.000
32,1.2800,0,6,right_eye_outer,780.44,452.17,0.0222,-0.6826,-0.0301,1.000,1.000
32,1.2800,0,7,left_ear,765.22,457.06,-0.0577,-0.6357,0.0158,1.000,1.000
32,1.2800,0,8,right_ear,781.55,457.07,-0.0311,-0.5817,-0.0771,0.999,1.000
32,1.2800,0,9,mouth_left,782.32,464.26,0.0371,-0.6495,0.0227,0.998,1.000
32,1.2800,0,10,mouth_right,785.56,463.99,0.0420,-0.6114,-0.0329,0.998,1.000
32,1.2800,0,11,left_shoulder,769.92,498.58,-0.0373,-0.4979,0.1623,1.000,1.000
32,1.2800,0,12,right_shoulder,782.45,508.20,0.0260,-0.5565,-0.0631,1.000,1.000
32,1.2800,0,13,left_elbow,795.20,535.61,0.0411,-0.4522,0.3307,0.049,1.000
32,1.2800,0,14,right_elbow,807.67,551.62,0.1080,-0.3664,-0.1866,0.996,1.000
32,1.2800,0,15,left_wrist,830.71,515.09,0.2189,-0.4983,0.5772,0.287,1.000
32,1.2800,0,16,right_wrist,862.45,514.78,0.2218,-0.4566,-0.2309,0.993,1.000
32,1.2800,0,17,left_pinky,840.28,522.12,0.2292,-0.5455,0.6261,0.416,1.000
32,1.2800,0,18,right_pinky,872.71,502.87,0.2710,-0.5266,-0.2740,0.991,1.000
32,1.2800,0,19,left_index,845.35,518.92,0.2368,-0.5579,0.6154,0.444,1.000
32,1.2800,0,20,right_index,868.32,498.43,0.2878,-0.5780,-0.2473,0.991,1.000
32,1.2800,0,21,left_thumb,843.41,521.56,0.2388,-0.4917,0.5779,0.431,1.000
32,1.2800,0,22,right_thumb,864.80,503.07,0.2289,-0.4910,-0.2263,0.981,1.000
32,1.2800,0,23,left_hip,779.36,644.93,-0.0140,0.0031,0.1150,1.000,1.000
32,1.2800,0,24,right_hip,787.53,651.04,0.0150,-0.0109,-0.1109,1.000,1.000
32,1.2800,0,25,left_knee,811.61,742.79,0.0649,0.3604,0.1185,0.537,1.000
32,1.2800,0,26,right_knee,830.41,751.78,0.1175,0.3110,-0.1680,0.995,1.000
32,1.2800,0,27,left_ankle,763.49,835.68,-0.0513,0.6849,0.1450,0.808,1.000
32,1.2800,0,28,right_ankle,745.90,829.69,-0.1427,0.5922,-0.1429,0.990,1.000
32,1.2800,0,29,left_heel,745.68,848.66,-0.0869,0.7220,0.1585,0.931,1.000
32,1.2800,0,30,right_heel,719.60,830.17,-0.1704,0.6165,-0.1668,0.975,1.000
32,1.2800,0,31,left_foot_index,798.64,863.23,-0.0292,0.7564,0.1879,0.875,1.000
32,1.2800,0,32,right_foot_index,751.19,885.81,-0.1282,0.6692,-0.1454,0.982,1.000
33,1.3200,0,0,nose,788.72,457.13,0.0261,-0.6855,-0.0473,0.993,1.000
33,1.3200,0,1,left_eye_inner,780.18,453.57,-0.0101,-0.6886,-0.0503,0.983,1.000
33,1.3200,0,2,left_eye,778.34,454.14,-0.0093,-0.6915,-0.0371,0.986,1.000
33,1.3200,0,3,left_eye_outer,776.85,454.71,-0.0098,-0.6890,-0.0399,0.988,1.000
33,1.3200,0,4,right_eye_inner,785.18,453.88,0.0029,-0.7036,-0.0857,0.993,1.000
33,1.3200,0,5,right_eye,786.53,454.52,0.0051,-0.6991,-0.0991,0.997,1.000
33,1.3200,0,6,right_eye_outer,787.86,454.95,0.0086,-0.6918,-0.0777,0.997,1.000
33,1.3200,0,7,left_ear,774.09,461.67,-0.0656,-0.6478,-0.0138,0.992,1.000
33,1.3200,0,8,right_ear,787.36,460.78,-0.0525,-0.5962,-0.1169,0.992,1.000
33,1.3200,0,9,mouth_left,791.15,466.60,0.0304,-0.6653,-0.0146,0.972,1.000
33,1.3200,0,10,mouth_right,793.44,466.39,0.0355,-0.6275,-0.0762,0.980,1.000
33,1.3200,0,11,left_shoulder,775.73,502.65,-0.0430,-0.5269,0.1239,1.000,1.000
33,1.3200,0,12,right_shoulder,788.42,512.90,-0.0245,-0.5695,-0.0978,1.000,1.000
33,1.3200,0,13,left_elbow,776.45,504.42,-0.0406,-0.5561,0.3106,0.041,1.000
33,1.3200,0,14,right_elbow,810.45,553.14,0.0470,-0.3801,-0.2550,0.993,1.000
33,1.3200,0,15,left_wrist,787.65,475.43,0.0426,-0.6679,0.5594,0.049,1.000
33,1.3200,0,16,right_wrist,864.02,512.28,0.1564,-0.4946,-0.3569,0.996,1.000
33,1.3200,0,17,left_pinky,780.80,466.33,0.0206,-0.7221,0.6099,0.095,1.000
33,1.3200,0,18,right_pinky,875.39,500.88,0.2011,-0.5578,-0.4139,0.996,1.000
33,1.3200,0,19,left_index,786.22,461.89,0.0247,-0.7437,0.5984,0.103,1.000
33,1.3200,0,20,right_index,871.76,496.60,0.2198,-0.6234,-0.3827,0.996,1.000
33,1.3200,0,21,left_thumb,787.09,466.91,0.0605,-0.6687,0.5637,0.098,1.000
33,1.3200,0,22,right_thumb,867.88,501.48,0.1645,-0.5338,-0.3530,0.991,1.000
33,1.3200,0,23,left_hip,792.47,651.12,0.0004,0.0027,0.1200,1.000,1.000
33,1.3200,0,24,right_hip,797.25,656.82,-0.0010,-0.0092,-0.1166,1.000,1.000
33,1.3200,0,25,left_knee,833.61,742.24,0.1227,0.3179,0.0863,0.240,1.000
33,1.3200,0,26,right_knee,841.38,747.69,0.1207,0.3089,-0.1572,0.953,1.000
33,1.3200,0,27,left_ankle,776.47,830.94,-0.0051,0.6645,0.0975,0.687,1.000
33,1.3200,0,28,right_ankle,766.98,833.99,-0.1298,0.6263,-0.1203,0.965,1.000
33,1.3200,0,29,left_heel,757.95,844.15,-0.0428,0.7010,0.1097,0.849,1.000
33,1.3200,0,30,right_heel,745.70,843.75,-0.1509,0.6560,-0.1471,0.929,1.000
33,1.3200,0,31,left_foot_index,808.01,862.76,0.0168,0.7346,0.1162,0.851,1.000
33,1.3200,0,32,right_foot_index,792.29,877.34,-0.0751,0.6769,-0.1493,0.961,1.000
34,1.3600,0,0,nose,795.10,454.07,0.0224,-0.6532,-0.0572,0.999,1.000
34,1.3600,0,1,left_eye_inner,786.90,451.27,-0.0113,-0.6632,-0.0602,0.998,1.000
34,1.3600,0,2,left_eye,785.58,451.88,-0.0101,-0.6665,-0.0486,0.998,1.000
34,1.3600,0,3,left_eye_outer,784.52,452.43,-0.0101,-0.6646,-0.0516,0.999,1.000
34,1.3600,0,4,right_eye_inner,789.68,451.76,-0.0017,-0.6759,-0.0936,0.999,1.000
34,1.3600,0,5,right_eye,790.16,452.70,0.0015,-0.6721,-0.1057,1.000,1.000
34,1.3600,0,6,right_eye_outer,790.63,453.54,0.0033,-0.6638,-0.0842,1.000,1.000
34,1.3600,0,7,left_ear,781.57,459.44,-0.0610,-0.6326,-0.0125,0.999,1.000
34,1.3600,0,8,right_ear,789.54,460.03,-0.0609,-0.5739,-0.1126,0.999,1.000
34,1.3600,0,9,mouth_left,797.87,463.38,0.0273,-0.6371,-0.0240,0.997,1.000
34,1.3600,0,10,mouth_right,799.04,463.55,0.0278,-0.5964,-0.0832,0.998,1.000
34,1.3600,0,11,left_shoulder,791.29,498.83,-0.0268,-0.4922,0.1444,1.000,1.000
34,1.3600,0,12,right_shoulder,791.16,510.20,-0.0301,-0.5516,-0.0919,1.000,1.000
34,1.3600,0,13,left_elbow,804.18,526.17,0.0319,-0.4566,0.3127,0.045,1.000
34,1.3600,0,14,right_elbow,812.33,548.51,0.0367,-0.3577,-0.2712,0.995,1.000
34,1.3600,0,15,left_wrist,845.47,509.50,0.1920,-0.5212,0.5340,0.044,1.000
34,1.3600,0,16,right_wrist,867.42,508.11,0.1771,-0.4477,-0.3848,0.995,1.000
34,1.3600,0,17,left_pinky,849.67,507.96,0.1997,-0.5640,0.5776,0.077,1.000
34,1.3600,0,18,right_pinky,882.77,495.90,0.2328,-0.5046,-0.4492,0.994,1.000
34,1.3600,0,19,left_index,854.66,505.21,0.2093,-0.5825,0.5629,0.085,1.000
34,1.3600,0,20,right_index,878.89,490.69,0.2559,-0.5663,-0.4195,0.993,1.000
34,1.3600,0,21,left_thumb,853.98,507.01,0.2156,-0.5175,0.5326,0.090,1.000
34,1.3600,0,22,right_thumb,873.52,496.58,0.1902,-0.4814,-0.3817,0.984,1.000
34,1.3600,0,23,left_hip,802.72,639.30,0.0021,0.0094,0.1138,1.000,1.000
34,1.3600,0,24,right_hip,804.03,643.74,-0.0014,-0.0167,-0.1103,1.000,1.000
34,1.3600,0,25,left_knee,838.14,741.33,0.1412,0.3531,0.0165,0.522,1.000
34,1.3600,0,26,right_knee,860.90,734.18,0.1827,0.2581,-0.1806,0.980,1.000
34,1.3600,0,27,left_ankle,769.05,841.09,-0.0416,0.7013,-0.0012,0.882,1.000
34,1.3600,0,28,right_ankle,808.53,828.29,-0.0143,0.6353,-0.1648,0.988,1.000
34,1.3600,0,29,left_heel,756.02,853.36,-0.0868,0.7377,0.0072,0.923,1.000
34,1.3600,0,30,right_heel,784.98,842.07,-0.0290,0.6731,-0.1989,0.955,1.000
34,1.3600,0,31,left_foot_index,795.50,871.89,-0.0457,0.7863,-0.0064,0.944,1.000
34,1.3600,0,32,right_foot_index,834.99,872.21,0.0718,0.7108,-0.2255,0.985,1.000
35,1.4000,0,0,nose,799.43,449.92,-0.0213,-0.6593,-0.0550,1.000,1.000
35,1.4000,0,1,left_eye_inner,791.44,449.36,-0.0546,-0.6706,-0.0538,1.000,1.000
35,1.4000,0,2,left_eye,789.97,450.28,-0.0537,-0.6725,-0.0451,1.000,1.000
35,1.4000,0,3,left_eye_outer,788.74,451.07,-0.0543,-0.6727,-0.0490,1.000,1.000
35,1.4000,0,4,right_eye_inner,794.82,449.33,-0.0502,-0.6741,-0.0949,1.000,1.000
35,1.4000,0,5,right_eye,795.61,450.18,-0.0452,-0.6733,-0.1083,1.000,1.000
35,1.4000,0,6,right_eye_outer,796.39,450.90,-0.0417,-0.6632,-0.0850,1.000,1.000
35,1.4000,0,7,left_ear,785.62,458.79,-0.1136,-0.6460,-0.0077,1.000,1.000
35,1.4000,0,8,right_ear,795.98,457.38,-0.1065,-0.5701,-0.1175,1.000,1.000
35,1.4000,0,9,mouth_left,801.49,458.39,-0.0195,-0.6479,-0.0225,1.000,1.000
35,1.4000,0,10,mouth_right,804.07,458.38,-0.0152,-0.6046,-0.0861,1.000,1.000
35,1.4000,0,11,left_shoulder,799.77,494.78,-0.0385,-0.5148,0.1402,1.000,1.000
35,1.4000,0,12,right_shoulder,796.99,506.49,-0.0557,-0.5385,-0.1017,1.000,1.000
35,1.4000,0,13,left_elbow,838.10,514.48,0.0825,-0.4574,0.1195,0.110,1.000
35,1.4000,0,14,right_elbow,816.19,545.76,0.0199,-0.3264,-0.2762,0.993,1.000
35,1.4000,0,15,left_wrist,871.17,500.08,0.2256,-0.5091,0.0608,0.400,1.000
35,1.4000,0,16,right_wrist,864.68,510.43,0.1422,-0.4274,-0.3574,0.992,1.000
35,1.4000,0,17,left_pinky,883.37,492.17,0.2430,-0.5386,0.0588,0.576,1.000
35,1.4000,0,18,right_pinky,876.69,503.39,0.1901,-0.4692,-0.4213,0.990,1.000
35,1.4000,0,19,left_index,881.08,489.55,0.2433,-0.5545,0.0442,0.596,1.000
35,1.4000,0,20,right_index,873.45,497.93,0.2100,-0.5331,-0.4022,0.988,1.000
35,1.4000,0,21,left_thumb,878.68,491.24,0.2414,-0.5049,0.0460,0.567,1.000
35,1.4000,0,22,right_thumb,869.65,500.67,0.1480,-0.4573,-0.3550,0.968,1.000
35,1.4000,0,23,left_hip,816.72,640.05,0.0000,0.0085,0.1084,1.000,1.000
35,1.4000,0,24,right_hip,817.62,643.09,0.0010,-0.0150,-0.1059,1.000,1.000
35,1.4000,0,25,left_knee,839.11,736.97,0.1002,0.3608,0.0148,0.654,1.000
35,1.4000,0,26,right_knee,868.04,726.73,0.1693,0.2513,-0.1465,0.991,1.000
35,1.4000,0,27,left_ankle,771.21,832.39,-0.1237,0.6871,-0.0099,0.929,1.000
35,1.4000,0,28,right_ankle,832.06,828.16,0.0124,0.6474,-0.1010,0.992,1.000
35,1.4000,0,29,left_heel,751.22,844.88,-0.1700,0.7222,0.0005,0.948,1.000
35,1.4000,0,30,right_heel,812.33,849.39,0.0027,0.6838,-0.1339,0.967,1.000
35,1.4000,0,31,left_foot_index,794.79,870.24,-0.1205,0.7681,0.0018,0.956,1.000
35,1.4000,0,32,right_foot_index,869.38,863.23,0.0910,0.7263,-0.1608,0.986,1.000
36,1.4400,0,0,nose,807.37,444.02,-0.0425,-0.6705,-0.1142,0.998,1.000
36,1.4400,0,1,left_eye_inner,799.27,442.50,-0.0734,-0.6809,-0.1114,0.996,1.000
36,1.4400,0,2,left_eye,798.35,443.09,-0.0725,-0.6829,-0.1024,0.996,1.000
36,1.4400,0,3,left_eye_outer,797.56,443.60,-0.0731,-0.6830,-0.1071,0.997,1.000
36,1.4400,0,4,right_eye_inner,799.86,443.36,-0.0785,-0.6789,-0.1505,0.998,1.000
36,1.4400,0,5,right_eye,799.29,444.53,-0.0728,-0.6786,-0.1656,0.999,1.000
36,1.4400,0,6,right_eye_outer,798.59,445.73,-0.0706,-0.6686,-0.1415,0.999,1.000
36,1.4400,0,7,left_ear,794.82,451.90,-0.1119,-0.6542,-0.0494,0.998,1.000
36,1.4400,0,8,right_ear,795.50,454.42,-0.1422,-0.5662,-0.1463,0.998,1.000
36,1.4400,0,9,mouth_left,810.38,453.17,-0.0301,-0.6580,-0.0769,0.998,1.000
36,1.4400,0,10,mouth_right,810.65,453.91,-0.0353,-0.6118,-0.1378,0.997,1.000
36,1.4400,0,11,left_shoulder,823.25,488.54,0.0021,-0.5169,0.0999,1.000,1.000
36,1.4400,0,12,right_shoulder,801.14,507.10,-0.0761,-0.5243,-0.1258,1.000,1.000
36,1.4400,0,13,left_elbow,853.69,508.61,0.1240,-0.4383,-0.0034,0.073,1.000
36,1.4400,0,14,right_elbow,822.50,543.30,0.0171,-0.3326,-0.2960,0.988,0.999
36,1.4400,0,15,left_wrist,880.64,497.34,0.1985,-0.4730,-0.1811,0.264,1.000
36,1.4400,0,16,right_wrist,870.93,505.68,0.1355,-0.4425,-0.3794,0.995,1.000
36,1.4400,0,17,left_pinky,888.87,492.15,0.2050,-0.4907,-0.2067,0.472,1.000
36,1.4400,0,18,right_pinky,884.20,498.98,0.1834,-0.4773,-0.4498,0.994,1.000
36,1.4400,0,19,left_index,881.10,485.24,0.1881,-0.5158,-0.2212,0.492,1.000
36,1.4400,0,20,right_index,880.96,492.14,0.2077,-0.5496,-0.4384,0.992,1.000
36,1.4400,0,21,left_thumb,877.76,488.66,0.2028,-0.4687,-0.1991,0.411,1.000
36,1.4400,0,22,right_thumb,875.40,495.19,0.1426,-0.4739,-0.3816,0.975,1.000
36,1.4400,0,23,left_hip,826.69,634.19,0.0208,0.0037,0.1010,1.000,1.000
36,1.4400,0,24,right_hip,826.26,637.05,-0.0195,-0.0105,-0.0988,1.000,1.000
36,1.4400,0,25,left_knee,852.67,726.95,0.1074,0.3551,0.0083,0.279,1.000
36,1.4400,0,26,right_knee,881.55,721.65,0.1875,0.2512,-0.1501,0.961,1.000
36,1.4400,0,27,left_ankle,785.94,815.19,-0.0949,0.6760,-0.0288,0.807,1.000
36,1.4400,0,28,right_ankle,861.74,824.48,0.0427,0.6704,-0.0952,0.978,1.000
36,1.4400,0,29,left_heel,763.88,823.59,-0.1414,0.7093,-0.0220,0.778,1.000
36,1.4400,0,30,right_heel,848.59,843.43,0.0328,0.7088,-0.1272,0.906,1.000
36,1.4400,0,31,left_foot_index,796.73,866.42,-0.1142,0.7677,-0.0409,0.847,1.000
36,1.4400,0,32,right_foot_index,894.92,851.26,0.0915,0.7557,-0.1651,0.956,1.000
37,1.4800,0,0,nose,807.63,454.94,-0.0220,-0.6594,-0.0649,1.000,1.000
37,1.4800,0,1,left_eye_inner,800.41,452.35,-0.0589,-0.6670,-0.0733,1.000,1.000
37,1.4800,0,2,left_eye,800.42,452.36,-0.0568,-0.6687,-0.0643,1.000,1.000
37,1.4800,0,3,left_eye_outer,800.61,452.28,-0.0577,-0.6691,-0.0691,1.000,1.000
37,1.4800,0,4,right_eye_inner,800.82,453.85,-0.0572,-0.6676,-0.1025,1.000,1.000
37,1.4800,0,5,right_eye,800.88,454.81,-0.0511,-0.6667,-0.1178,1.000,1.000
37,1.4800,0,6,right_eye_outer,800.60,456.31,-0.0513,-0.6580,-0.0924,1.000,1.000
37,1.4800,0,7,left_ear,801.80,456.66,-0.0744,-0.6312,-0.0375,1.000,1.000
37,1.4800,0,8,right_ear,801.15,462.09,-0.0915,-0.5549,-0.0960,1.000,1.000
37,1.4800,0,9,mouth_left,812.85,462.12,0.0044,-0.6428,-0.0392,1.000,1.000
37,1.4800,0,10,mouth_right,813.04,463.78,-0.0018,-0.5991,-0.0876,1.000,1.000
37,1.4800,0,11,left_shoulder,832.79,490.69,0.0415,-0.5170,0.1047,1.000,1.000
37,1.4800,0,12,right_shoulder,817.24,504.68,0.0262,-0.5177,-0.0801,1.000,1.000
37,1.4800,0,13,left_elbow,854.73,502.92,0.1213,-0.4875,0.0287,0.090,1.000
37,1.4800,0,14,right_elbow,823.80,548.05,0.0524,-0.3369,-0.3046,0.997,1.000
37,1.4800,0,15,left_wrist,878.03,489.70,0.2091,-0.5150,-0.0702,0.227,1.000
37,1.4800,0,16,right_wrist,879.84,510.84,0.1823,-0.4222,-0.4834,0.999,1.000
37,1.4800,0,17,left_pinky,882.51,484.68,0.2180,-0.5357,-0.0828,0.402,1.000
37,1.4800,0,18,right_pinky,893.88,505.97,0.2366,-0.4530,-0.5686,0.999,1.000
37,1.4800,0,19,left_index,882.57,479.52,0.2132,-0.5517,-0.0956,0.411,1.000
37,1.4800,0,20,right_index,894.54,497.62,0.2782,-0.5086,-0.5519,0.998,1.000
37,1.4800,0,21,left_thumb,880.74,483.02,0.2181,-0.5040,-0.0839,0.336,1.000
37,1.4800,0,22,right_thumb,888.44,501.12,0.1966,-0.4473,-0.4865,0.993,1.000
37,1.4800,0,23,left_hip,820.60,635.57,-0.0055,-0.0050,0.0988,1.000,1.000
37,1.4800,0,24,right_hip,828.05,635.33,0.0067,-0.0017,-0.0946,1.000,1.000
37,1.4800,0,25,left_knee,863.53,725.53,0.1371,0.3783,0.0276,0.439,1.000
37,1.4800,0,26,right_knee,890.94,721.84,0.2522,0.2768,-0.1584,0.988,1.000
37,1.4800,0,27,left_ankle,801.20,802.74,-0.0911,0.6594,0.0186,0.679,1.000
37,1.4800,0,28,right_ankle,881.05,822.73,0.1530,0.6523,-0.1373,0.983,1.000
37,1.4800,0,29,left_heel,776.96,812.42,-0.1391,0.6840,0.0305,0.775,1.000
37,1.4800,0,30,right_heel,868.13,844.46,0.1525,0.6882,-0.1710,0.959,1.000
37,1.4800,0,31,left_foot_index,807.90,852.71,-0.0967,0.7365,0.0481,0.690,1.000
37,1.4800,0,32,right_foot_index,921.93,848.67,0.2411,0.7027,-0.1862,0.962,1.000
38,1.5200,0,0,nose,814.80,460.31,-0.0868,-0.6574,-0.0403,1.000,1.000
38,1.5200,0,1,left_eye_inner,808.58,458.19,-0.1177,-0.6582,-0.0383,1.000,1.000
38,1.5200,0,2,left_eye,807.23,458.99,-0.1191,-0.6609,-0.0275,0.999,1.000
38,1.5200,0,3,left_eye_outer,805.96,459.80,-0.1192,-0.6593,-0.0309,1.000,1.000
38,1.5200,0,4,right_eye_inner,811.46,457.87,-0.1127,-0.6715,-0.0708,1.000,1.000
38,1.5200,0,5,right_eye,812.06,458.38,-0.1088,-0.6698,-0.0812,1.000,1.000
38,1.5200,0,6,right_eye_outer,812.61,458.84,-0.1038,-0.6607,-0.0606,1.000,1.000
38,1.5200,0,7,left_ear,802.74,466.96,-0.1545,-0.6192,0.0082,1.000,1.000
38,1.5200,0,8,right_ear,811.97,463.98,-0.1420,-0.5574,-0.0839,1.000,1.000
38,1.5200,0,9,mouth_left,817.13,468.17,-0.0742,-0.6454,-0.0060,1.000,1.000
38,1.5200,0,10,mouth_right,819.04,467.56,-0.0669,-0.6060,-0.0619,1.000,1.000
38,1.5200,0,11,left_shoulder,824.39,505.31,-0.0710,-0.4937,0.1521,1.000,1.000
38,1.5200,0,12,right_shoulder,817.41,510.68,-0.1179,-0.5312,-0.0618,1.000,1.000
38,1.5200,0,13,left_elbow,844.08,510.20,0.0058,-0.5111,0.3285,0.132,1.000
38,1.5200,0,14,right_elbow,835.02,551.43,-0.0220,-0.3251,-0.2476,0.994,1.000
38,1.5200,0,15,left_wrist,873.42,485.75,0.1287,-0.6351,0.5859,0.716,1.000
38,1.5200,0,16,right_wrist,890.44,515.96,0.1213,-0.4130,-0.3839,0.996,1.000
38,1.5200,0,17,left_pinky,879.18,476.75,0.1210,-0.6812,0.6418,0.803,1.000
38,1.5200,0,18,right_pinky,905.82,513.33,0.1705,-0.4598,-0.4567,0.996,1.000
38,1.5200,0,19,left_index,878.57,473.78,0.1280,-0.6956,0.6253,0.816,1.000
38,1.5200,0,20,right_index,904.39,505.71,0.2005,-0.5213,-0.4276,0.995,1.000
38,1.5200,0,21,left_thumb,877.72,477.55,0.1514,-0.6337,0.5852,0.792,1.000
38,1.5200,0,22,right_thumb,900.22,506.83,0.1334,-0.4416,-0.3772,0.988,1.000
38,1.5200,0,23,left_hip,852.35,640.31,0.0248,0.0112,0.1060,1.000,1.000
38,1.5200,0,24,right_hip,840.43,641.64,-0.0267,-0.0169,-0.1020,1.000,1.000
38,1.5200,0,25,left_knee,902.63,728.23,0.2262,0.3380,0.0449,0.656,1.000
38,1.5200,0,26,right_knee,886.66,726.19,0.1118,0.2461,-0.1751,0.991,1.000
38,1.5200,0,27,left_ankle,885.32,826.88,0.1921,0.6970,0.0619,0.952,1.000
38,1.5200,0,28,right_ankle,820.62,800.91,-0.1024,0.5778,-0.0679,0.989,1.000
38,1.5200,0,29,left_heel,869.82,848.65,0.1599,0.7411,0.0739,0.946,1.000
38,1.5200,0,30,right_heel,801.28,806.94,-0.1222,0.6080,-0.0925,0.944,1.000
38,1.5200,0,31,left_foot_index,922.37,852.46,0.2076,0.7866,0.0830,0.973,1.000
38,1.5200,0,32,right_foot_index,833.43,844.65,-0.0803,0.6758,-0.0921,0.990,1.000
39,1.5600,0,0,nose,828.34,471.85,0.0365,-0.5983,-0.2632,1.000,1.000
39,1.5600,0,1,left_eye_inner,817.78,467.55,-0.0059,-0.6179,-0.2806,1.000,1.000
39,1.5600,0,2,left_eye,817.36,466.93,-0.0039,-0.6184,-0.2687,1.000,1.000
39,1.5600,0,3,left_eye_outer,817.23,466.23,-0.0067,-0.6177,-0.2712,1.000,1.000
39,1.5600,0,4,right_eye_inner,817.01,472.61,-0.0042,-0.6181,-0.3007,1.000,1.000
39,1.5600,0,5,right_eye,816.13,474.70,-0.0015,-0.6142,-0.3150,1.000,1.000
39,1.5600,0,6,right_eye_outer,815.04,477.38,-0.0025,-0.6083,-0.2883,1.000,1.000
39,1.5600,0,7,left_ear,815.63,473.08,-0.0067,-0.5694,-0.2329,1.000,1.000
39,1.5600,0,8,right_ear,812.12,485.98,-0.0540,-0.4887,-0.2772,1.000,1.000
39,1.5600,0,9,mouth_left,834.27,477.04,0.0784,-0.5706,-0.2360,1.000,1.000
39,1.5600,0,10,mouth_right,832.93,482.73,0.0587,-0.5250,-0.2756,1.000,1.000
39,1.5600,0,11,left_shoulder,843.71,501.82,0.0970,-0.4682,-0.0297,1.000,1.000
39,1.5600,0,12,right_shoulder,855.83,538.55,0.0999,-0.4171,-0.1908,1.000,1.000
39,1.5600,0,13,left_elbow,852.46,512.12,0.1412,-0.5015,0.1294,0.022,1.000
39,1.5600,0,14,right_elbow,836.47,571.08,0.0298,-0.2406,-0.3952,0.948,1.000
39,1.5600,0,15,left_wrist,881.42,487.03,0.2287,-0.5521,0.3219,0.132,1.000
39,1.5600,0,16,right_wrist,892.59,535.10,0.1683,-0.3164,-0.5767,0.998,1.000
39,1.5600,0,17,left_pinky,882.42,477.06,0.2304,-0.5928,0.3661,0.315,1.000
39,1.5600,0,18,right_pinky,911.08,526.74,0.2336,-0.3489,-0.6616,0.998,1.000
39,1.5600,0,19,left_index,884.56,475.90,0.2291,-0.6173,0.3638,0.346,1.000
39,1.5600,0,20,right_index,910.40,518.85,0.2767,-0.3810,-0.6345,0.998,1.000
39,1.5600,0,21,left_thumb,884.02,480.74,0.2387,-0.5438,0.3252,0.329,1.000
39,1.5600,0,22,right_thumb,904.63,520.65,0.1876,-0.3334,-0.5788,0.994,1.000
39,1.5600,0,23,left_hip,821.24,639.79,-0.0021,-0.0132,0.1119,1.000,1.000
39,1.5600,0,24,right_hip,834.48,643.22,0.0050,0.0055,-0.1072,1.000,1.000
39,1.5600,0,25,left_knee,877.88,720.65,0.1607,0.3124,0.1306,0.023,1.000
39,1.5600,0,26,right_knee,906.75,733.91,0.2610,0.2642,-0.1865,0.911,1.000
39,1.5600,0,27,left_ankle,847.59,798.59,0.0537,0.6347,0.2061,0.292,1.000
39,1.5600,0,28,right_ankle,877.20,827.14,0.1509,0.6235,-0.1241,0.949,1.000
39,1.5600,0,29,left_heel,827.76,808.58,0.0208,0.6589,0.2211,0.454,1.000
39,1.5600,0,30,right_heel,862.08,845.93,0.1464,0.6563,-0.1475,0.918,1.000
39,1.5600,0,31,left_foot_index,864.64,826.29,0.0934,0.6627,0.2227,0.429,1.000
39,1.5600,0,32,right_foot_index,907.56,847.00,0.2325,0.6567,-0.1662,0.923,1.000
40,1.6000,0,0,nose,825.23,477.02,-0.0491,-0.6581,-0.1024,0.999,1.000
40,1.6000,0,1,left_eye_inner,817.34,476.30,-0.0923,-0.6641,-0.1094,0.998,1.000
40,1.6000,0,2,left_eye,816.87,476.25,-0.0905,-0.6648,-0.1001,0.998,1.000
40,1.6000,0,3,left_eye_outer,816.62,476.07,-0.0920,-0.6642,-0.1039,0.998,1.000
40,1.6000,0,4,right_eye_inner,817.72,479.73,-0.0905,-0.6638,-0.1365,0.999,1.000
40,1.6000,0,5,right_eye,817.30,481.63,-0.0868,-0.6615,-0.1501,1.000,1.000
40,1.6000,0,6,right_eye_outer,817.01,483.22,-0.0854,-0.6538,-0.1260,1.000,1.000
40,1.6000,0,7,left_ear,817.82,482.35,-0.0986,-0.6213,-0.0632,0.999,1.000
40,1.6000,0,8,right_ear,817.13,491.12,-0.1222,-0.5368,-0.1206,0.999,1.000
40,1.6000,0,9,mouth_left,830.67,481.53,-0.0116,-0.6425,-0.0731,0.999,1.000
40,1.6000,0,10,mouth_right,831.28,485.34,-0.0220,-0.5957,-0.1194,0.999,1.000
40,1.6000,0,11,left_shoulder,848.20,507.65,0.0310,-0.5408,0.0791,1.000,1.000
40,1.6000,0,12,right_shoulder,836.63,526.93,0.0112,-0.4988,-0.0807,1.000,1.000
40,1.6000,0,13,left_elbow,877.10,496.53,0.1183,-0.6212,0.1081,0.071,1.000
40,1.6000,0,14,right_elbow,843.40,579.08,0.0284,-0.3076,-0.2776,0.968,1.000
40,1.6000,0,15,left_wrist,885.65,482.83,0.1594,-0.6605,0.1528,0.326,1.000
40,1.6000,0,16,right_wrist,898.31,546.88,0.1656,-0.3707,-0.4594,0.995,1.000
40,1.6000,0,17,left_pinky,884.87,475.34,0.1477,-0.6806,0.1627,0.502,1.000
40,1.6000,0,18,right_pinky,913.57,544.27,0.2211,-0.3969,-0.5430,0.995,1.000
40,1.6000,0,19,left_index,882.39,475.46,0.1329,-0.6885,0.1546,0.528,1.000
40,1.6000,0,20,right_index,914.82,535.87,0.2661,-0.4363,-0.5208,0.994,1.000
40,1.6000,0,21,left_thumb,881.95,479.67,0.1634,-0.6453,0.1483,0.473,1.000
40,1.6000,0,22,right_thumb,908.93,535.63,0.1833,-0.3879,-0.4602,0.979,1.000
40,1.6000,0,23,left_hip,851.20,650.83,0.0061,-0.0049,0.1064,1.000,1.000
40,1.6000,0,24,right_hip,848.49,654.81,-0.0042,-0.0020,-0.1013,1.000,1.000
40,1.6000,0,25,left_knee,911.16,731.93,0.2068,0.3262,0.0710,0.012,1.000
40,1.6000,0,26,right_knee,909.36,739.71,0.2139,0.2915,-0.1707,0.878,1.000
40,1.6000,0,27,left_ankle,880.94,823.95,0.1379,0.6783,0.1350,0.082,1.000
40,1.6000,0,28,right_ankle,878.86,836.17,0.0699,0.6584,-0.1284,0.848,1.000
40,1.6000,0,29,left_heel,868.64,838.66,0.1115,0.7124,0.1509,0.179,1.000
40,1.6000,0,30,right_heel,863.42,856.81,0.0689,0.6928,-0.1593,0.700,1.000
40,1.6000,0,31,left_foot_index,909.93,841.07,0.2044,0.6953,0.1543,0.170,1.000
40,1.6000,0,32,right_foot_index,916.66,852.85,0.1785,0.6841,-0.1965,0.797,1.000
41,1.6400,0,0,nose,834.97,486.50,-0.0083,-0.5795,-0.4091,1.000,1.000
41,1.6400,0,1,left_eye_inner,827.27,485.43,-0.0444,-0.5978,-0.4219,1.000,1.000
41,1.6400,0,2,left_eye,827.09,484.99,-0.0427,-0.5981,-0.4098,1.000,1.000
41,1.6400,0,3,left_eye_outer,826.96,484.56,-0.0461,-0.5981,-0.4139,1.000,1.000
41,1.6400,0,4,right_eye_inner,825.75,489.60,-0.0558,-0.5899,-0.4384,1.000,1.000
41,1.6400,0,5,right_eye,824.60,491.87,-0.0497,-0.5877,-0.4549,1.000,1.000
41,1.6400,0,6,right_eye_outer,823.59,493.89,-0.0508,-0.5802,-0.4265,1.000,1.000
41,1.6400,0,7,left_ear,825.38,492.86,-0.0238,-0.5442,-0.3600,1.000,1.000
41,1.6400,0,8,right_ear,821.02,505.62,-0.1032,-0.4507,-0.3835,1.000,1.000
41,1.6400,0,9,mouth_left,841.38,492.44,0.0386,-0.5516,-0.3738,1.000,1.000
41,1.6400,0,10,mouth_right,839.51,496.98,0.0150,-0.5021,-0.4129,1.000,1.000
41,1.6400,0,11,left_shoulder,864.89,520.06,0.1193,-0.4519,-0.1959,1.000,1.000
41,1.6400,0,12,right_shoulder,839.01,548.77,0.0328,-0.3719,-0.2912,1.000,1.000
41,1.6400,0,13,left_elbow,884.91,508.81,0.1787,-0.5548,-0.1995,0.300,1.000
41,1.6400,0,14,right_elbow,847.80,598.71,0.0618,-0.2033,-0.5252,0.997,1.000
41,1.6400,0,15,left_wrist,885.46,481.83,0.1764,-0.6124,-0.1455,0.297,1.000
41,1.6400,0,16,right_wrist,902.18,564.31,0.1765,-0.2983,-0.7323,0.997,1.000
41,1.6400,0,17,left_pinky,882.52,473.39,0.1579,-0.6482,-0.1302,0.249,1.000
41,1.6400,0,18,right_pinky,918.53,562.34,0.2322,-0.3261,-0.8236,0.992,1.000
41,1.6400,0,19,left_index,881.46,475.14,0.1527,-0.6552,-0.1475,0.228,1.000
41,1.6400,0,20,right_index,919.09,553.63,0.2743,-0.3754,-0.8063,0.989,1.000
41,1.6400,0,21,left_thumb,882.24,479.94,0.1742,-0.5949,-0.1531,0.172,1.000
41,1.6400,0,22,right_thumb,912.28,555.02,0.1954,-0.3195,-0.7411,0.956,1.000
41,1.6400,0,23,left_hip,845.75,645.66,0.0233,-0.0256,0.0848,1.000,1.000
41,1.6400,0,24,right_hip,838.06,660.23,-0.0223,0.0198,-0.0807,1.000,1.000
41,1.6400,0,25,left_knee,922.95,732.57,0.2510,0.2946,-0.0287,0.031,1.000
41,1.6400,0,26,right_knee,905.16,742.36,0.2041,0.3080,-0.1310,0.799,1.000
41,1.6400,0,27,left_ankle,888.85,819.15,0.1650,0.6566,0.0589,0.066,1.000
41,1.6400,0,28,right_ankle,879.57,834.80,0.1145,0.6500,-0.0574,0.724,1.000
41,1.6400,0,29,left_heel,873.53,835.54,0.1403,0.6826,0.0747,0.119,1.000
41,1.6400,0,30,right_heel,864.34,849.43,0.1123,0.6826,-0.0809,0.504,1.000
41,1.6400,0,31,left_foot_index,920.29,843.99,0.2433,0.6729,0.0517,0.139,1.000
41,1.6400,0,32,right_foot_index,912.46,851.41,0.1941,0.6844,-0.1222,0.676,1.000
42,1.6800,0,0,nose,839.63,490.68,0.0011,-0.6411,-0.2793,1.000,1.000
42,1.6800,0,1,left_eye_inner,830.68,490.39,-0.0502,-0.6512,-0.2879,1.000,1.000
42,1.6800,0,2,left_eye,830.11,490.92,-0.0482,-0.6514,-0.2741,1.000,1.000
42,1.6800,0,3,left_eye_outer,829.38,491.75,-0.0521,-0.6507,-0.2774,1.000,1.000
42,1.6800,0,4,right_eye_inner,830.59,493.30,-0.0488,-0.6504,-0.3141,1.000,1.000
42,1.6800,0,5,right_eye,829.87,495.93,-0.0452,-0.6470,-0.3272,1.000,1.000
42,1.6800,0,6,right_eye_outer,829.16,498.48,-0.0444,-0.6402,-0.3013,1.000,1.000
42,1.6800,0,7,left_ear,826.74,501.97,-0.0636,-0.5829,-0.2274,1.000,1.000
42,1.6800,0,8,right_ear,825.59,509.96,-0.1062,-0.5041,-0.2905,1.000,1.000
42,1.6800,0,9,mouth_left,844.26,498.27,0.0398,-0.6105,-0.2441,1.000,1.000
42,1.6800,0,10,mouth_right,844.90,502.89,0.0249,-0.5648,-0.2919,1.000,1.000
42,1.6800,0,11,left_shoulder,857.13,530.14,0.0662,-0.4998,-0.0627,1.000,1.000
42,1.6800,0,12,right_shoulder,852.03,564.37,0.0199,-0.4247,-0.1999,1.000,1.000
42,1.6800,0,13,left_elbow,882.41,496.04,0.1313,-0.6258,0.1119,0.271,1.000
42,1.6800,0,14,right_elbow,850.17,611.73,0.0339,-0.2143,-0.4068,0.980,1.000
42,1.6800,0,15,left_wrist,884.38,473.56,0.1479,-0.7298,0.3231,0.615,1.000
42,1.6800,0,16,right_wrist,909.51,586.51,0.1749,-0.2910,-0.5914,0.993,1.000
42,1.6800,0,17,left_pinky,882.44,463.56,0.1290,-0.7710,0.3747,0.668,1.000
42,1.6800,0,18,right_pinky,924.50,584.55,0.2373,-0.3108,-0.6802,0.993,1.000
42,1.6800,0,19,left_index,878.65,464.63,0.1197,-0.7885,0.3573,0.679,1.000
42,1.6800,0,20,right_index,925.92,576.28,0.2825,-0.3600,-0.6573,0.992,1.000
42,1.6800,0,21,left_thumb,878.48,470.01,0.1535,-0.7199,0.3216,0.637,1.000
42,1.6800,0,22,right_thumb,921.46,576.45,0.1968,-0.3150,-0.5940,0.977,1.000
42,1.6800,0,23,left_hip,855.10,658.10,0.0168,-0.0239,0.1076,1.000,1.000
42,1.6800,0,24,right_hip,850.55,666.97,-0.0168,0.0179,-0.1029,1.000,1.000
42,1.6800,0,25,left_knee,923.86,734.84,0.2059,0.2817,0.0520,0.030,1.000
42,1.6800,0,26,right_knee,915.09,745.41,0.2268,0.2695,-0.1886,0.662,1.000
42,1.6800,0,27,left_ankle,889.89,820.72,0.1520,0.6374,0.1009,0.106,0.999
42,1.6800,0,28,right_ankle,878.70,834.89,0.0688,0.6412,-0.1130,0.643,0.997
42,1.6800,0,29,left_heel,871.45,836.73,0.1249,0.6654,0.1138,0.197,0.997
42,1.6800,0,30,right_heel,858.99,850.58,0.0598,0.6794,-0.1364,0.498,0.996
42,1.6800,0,31,left_foot_index,916.93,843.43,0.2165,0.6640,0.1147,0.199,0.997
42,1.6800,0,32,right_foot_index,905.90,854.83,0.1416,0.6933,-0.1603,0.645,0.998
43,1.7200,0,0,nose,845.50,504.48,-0.0443,-0.6491,-0.2965,1.000,1.000
43,1.7200,0,1,left_eye_inner,837.09,503.16,-0.0952,-0.6502,-0.2966,1.000,1.000
43,1.7200,0,2,left_eye,836.86,503.47,-0.0928,-0.6506,-0.2839,1.000,1.000
43,1.7200,0,3,left_eye_outer,836.66,503.80,-0.0967,-0.6490,-0.2861,1.000,1.000
43,1.7200,0,4,right_eye_inner,836.20,505.18,-0.0928,-0.6500,-0.3268,1.000,1.000
43,1.7200,0,5,right_eye,835.12,507.03,-0.0895,-0.6472,-0.3384,1.000,1.000
43,1.7200,0,6,right_eye_outer,833.93,509.04,-0.0875,-0.6390,-0.3136,1.000,1.000
43,1.7200,0,7,left_ear,833.70,513.33,-0.1071,-0.5809,-0.2185,1.000,1.000
43,1.7200,0,8,right_ear,830.42,519.27,-0.1482,-0.5007,-0.3001,1.000,1.000
43,1.7200,0,9,mouth_left,851.01,511.21,-0.0065,-0.6242,-0.2529,1.000,1.000
43,1.7200,0,10,mouth_right,850.37,513.99,-0.0185,-0.5789,-0.3065,1.000,1.000
43,1.7200,0,11,left_shoulder,858.55,538.12,0.0270,-0.5179,-0.0573,1.000,1.000
43,1.7200,0,12,right_shoulder,844.15,565.64,-0.0625,-0.4386,-0.1908,1.000,1.000
43,1.7200,0,13,left_elbow,878.05,495.85,0.1001,-0.6713,0.1310,0.660,1.000
43,1.7200,0,14,right_elbow,855.03,627.31,0.0028,-0.2145,-0.3308,0.986,1.000
43,1.7200,0,15,left_wrist,883.74,468.16,0.1054,-0.8120,0.3394,0.933,1.000
43,1.7200,0,16,right_wrist,913.88,603.24,0.1493,-0.2878,-0.4441,0.982,1.000
43,1.7200,0,17,left_pinky,881.38,458.93,0.0841,-0.8619,0.3816,0.930,1.000
43,1.7200,0,18,right_pinky,931.15,601.45,0.2154,-0.3163,-0.5210,0.980,1.000
43,1.7200,0,19,left_index,876.97,459.07,0.0707,-0.8793,0.3648,0.930,1.000
43,1.7200,0,20,right_index,932.11,592.90,0.2467,-0.3753,-0.5037,0.977,1.000
43,1.7200,0,21,left_thumb,877.54,463.75,0.1114,-0.8067,0.3359,0.913,1.000
43,1.7200,0,22,right_thumb,926.27,593.70,0.1672,-0.3178,-0.4480,0.939,1.000
43,1.7200,0,23,left_hip,875.79,665.49,0.0327,-0.0213,0.1086,1.000,1.000
43,1.7200,0,24,right_hip,861.65,670.68,-0.0324,0.0161,-0.1035,1.000,1.000
43,1.7200,0,25,left_knee,937.35,738.29,0.2520,0.2841,-0.0076,0.510,1.000
43,1.7200,0,26,right_knee,930.07,747.34,0.2283,0.2511,-0.1934,0.966,1.000
43,1.7200,0,27,left_ankle,895.22,817.77,0.1566,0.6243,0.0711,0.563,1.000
43,1.7200,0,28,right_ankle,880.20,828.08,0.0329,0.6186,-0.0825,0.931,0.999
43,1.7200,0,29,left_heel,882.20,829.37,0.1258,0.6548,0.0892,0.573,1.000
43,1.7200,0,30,right_heel,864.81,841.75,0.0200,0.6560,-0.1018,0.769,0.999
43,1.7200,0,31,left_foot_index,921.46,843.67,0.2013,0.6684,0.1065,0.749,0.999
43,1.7200,0,32,right_foot_index,909.65,855.96,0.0980,0.6906,-0.1072,0.938,0.999
44,1.7600,0,0,nose,843.80,514.32,-0.1600,-0.5974,-0.3774,1.000,1.000
44,1.7600,0,1,left_eye_inner,836.15,511.05,-0.1956,-0.5931,-0.3705,1.000,1.000
44,1.7600,0,2,left_eye,836.64,510.25,-0.1954,-0.5932,-0.3600,1.000,1.000
44,1.7600,0,3,left_eye_outer,837.07,509.42,-0.1970,-0.5914,-0.3629,1.000,1.000
44,1.7600,0,4,right_eye_inner,834.22,515.38,-0.1977,-0.5911,-0.4063,1.000,1.000
44,1.7600,0,5,right_eye,833.29,517.98,-0.1937,-0.5893,-0.4186,1.000,1.000
44,1.7600,0,6,right_eye_outer,832.42,520.61,-0.1880,-0.5817,-0.3937,1.000,1.000
44,1.7600,0,7,left_ear,835.91,515.68,-0.2107,-0.5529,-0.2781,1.000,1.000
44,1.7600,0,8,right_ear,830.38,528.80,-0.2288,-0.4489,-0.3726,1.000,1.000
44,1.7600,0,9,mouth_left,850.51,518.82,-0.1374,-0.5920,-0.3235,1.000,1.000
44,1.7600,0,10,mouth_right,849.08,523.92,-0.1351,-0.5442,-0.3839,1.000,1.000
44,1.7600,0,11,left_shoulder,855.49,531.69,-0.1134,-0.5402,-0.0862,1.000,1.000
44,1.7600,0,12,right_shoulder,842.93,577.03,-0.1917,-0.4045,-0.2487,1.000,1.000
44,1.7600,0,13,left_elbow,875.19,494.56,-0.0358,-0.6965,0.0385,0.530,1.000
44,1.7600,0,14,right_elbow,856.39,635.20,-0.0915,-0.1564,-0.3159,0.988,0.999
44,1.7600,0,15,left_wrist,880.03,459.92,-0.0007,-0.8170,0.1087,0.934,1.000
44,1.7600,0,16,right_wrist,919.10,622.59,0.0607,-0.1813,-0.3601,0.978,1.000
44,1.7600,0,17,left_pinky,880.05,450.15,-0.0140,-0.8606,0.1162,0.935,1.000
44,1.7600,0,18,right_pinky,933.18,623.30,0.1199,-0.2182,-0.4336,0.964,1.000
44,1.7600,0,19,left_index,877.32,451.27,-0.0360,-0.8626,0.1039,0.939,1.000
44,1.7600,0,20,right_index,934.26,612.60,0.1433,-0.2915,-0.4200,0.962,1.000
44,1.7600,0,21,left_thumb,876.88,456.94,0.0079,-0.8085,0.1005,0.921,1.000
44,1.7600,0,22,right_thumb,929.29,612.89,0.0750,-0.2133,-0.3650,0.896,1.000
44,1.7600,0,23,left_hip,893.11,662.12,0.0340,-0.0215,0.1021,1.000,1.000
44,1.7600,0,24,right_hip,883.49,671.78,-0.0355,0.0145,-0.0982,1.000,1.000
44,1.7600,0,25,left_knee,937.20,735.69,0.1833,0.3183,0.0855,0.286,1.000
44,1.7600,0,26,right_knee,938.37,746.35,0.1307,0.2940,-0.1335,0.933,0.999
44,1.7600,0,27,left_ankle,896.57,813.94,0.0987,0.6721,0.1748,0.496,1.000
44,1.7600,0,28,right_ankle,885.45,827.11,-0.0456,0.6704,-0.0498,0.903,0.997
44,1.7600,0,29,left_heel,881.89,826.72,0.0691,0.7157,0.1934,0.561,0.999
44,1.7600,0,30,right_heel,867.72,838.11,-0.0630,0.7046,-0.0686,0.696,0.997
44,1.7600,0,31,left_foot_index,923.85,840.80,0.1205,0.7466,0.1976,0.673,0.999
44,1.7600,0,32,right_foot_index,916.63,854.20,0.0021,0.7404,-0.0940,0.896,0.996
45,1.8000,0,0,nose,849.62,507.15,-0.1584,-0.5817,-0.3963,1.000,1.000
45,1.8000,0,1,left_eye_inner,841.37,508.28,-0.1998,-0.5761,-0.3947,1.000,1.000
45,1.8000,0,2,left_eye,840.70,508.47,-0.1984,-0.5757,-0.3818,1.000,1.000
45,1.8000,0,3,left_eye_outer,840.12,508.58,-0.2016,-0.5733,-0.3848,1.000,1.000
45,1.8000,0,4,right_eye_inner,841.25,511.12,-0.1974,-0.5775,-0.4302,1.000,1.000
45,1.8000,0,5,right_eye,840.58,513.73,-0.1928,-0.5762,-0.4440,1.000,1.000
45,1.8000,0,6,right_eye_outer,839.92,516.65,-0.1881,-0.5689,-0.4178,1.000,1.000
45,1.8000,0,7,left_ear,836.50,518.08,-0.2214,-0.5299,-0.3150,1.000,1.000
45,1.8000,0,8,right_ear,836.71,527.81,-0.2296,-0.4408,-0.4125,1.000,1.000
45,1.8000,0,9,mouth_left,854.80,512.76,-0.1354,-0.5726,-0.3468,1.000,1.000
45,1.8000,0,10,mouth_right,854.83,516.52,-0.1317,-0.5302,-0.4078,1.000,1.000
45,1.8000,0,11,left_shoulder,857.94,534.18,-0.1228,-0.5021,-0.1482,1.000,1.000
45,1.8000,0,12,right_shoulder,846.43,575.93,-0.2013,-0.3826,-0.2763,1.000,1.000
45,1.8000,0,13,left_elbow,873.85,493.45,-0.0799,-0.6497,0.0005,0.860,1.000
45,1.8000,0,14,right_elbow,856.04,641.24,-0.1199,-0.1104,-0.3512,0.998,1.000
45,1.8000,0,15,left_wrist,879.28,453.87,-0.0496,-0.8148,0.1219,0.988,1.000
45,1.8000,0,16,right_wrist,922.02,631.23,0.0432,-0.1330,-0.4157,0.996,1.000
45,1.8000,0,17,left_pinky,881.69,441.62,-0.0687,-0.8701,0.1445,0.989,1.000
45,1.8000,0,18,right_pinky,938.77,631.48,0.1148,-0.1549,-0.4900,0.995,1.000
45,1.8000,0,19,left_index,876.16,441.96,-0.0844,-0.8838,0.1322,0.989,1.000
45,1.8000,0,20,right_index,940.33,622.11,0.1492,-0.2294,-0.4773,0.994,1.000
45,1.8000,0,21,left_thumb,874.16,447.01,-0.0378,-0.8121,0.1167,0.984,1.000
45,1.8000,0,22,right_thumb,935.97,621.81,0.0633,-0.1658,-0.4216,0.983,1.000
45,1.8000,0,23,left_hip,898.59,660.98,0.0333,-0.0249,0.1037,1.000,1.000
45,1.8000,0,24,right_hip,883.98,672.14,-0.0349,0.0199,-0.1004,1.000,1.000
45,1.8000,0,25,left_knee,952.45,738.89,0.2191,0.3277,0.0824,0.850,1.000
45,1.8000,0,26,right_knee,944.78,745.53,0.1580,0.2861,-0.1465,0.996,1.000
45,1.8000,0,27,left_ankle,899.14,811.91,0.1083,0.6576,0.2788,0.863,1.000
45,1.8000,0,28,right_ankle,884.07,825.65,-0.0237,0.6362,-0.0224,0.992,0.999
45,1.8000,0,29,left_heel,882.53,824.80,0.0760,0.6942,0.3101,0.876,1.000
45,1.8000,0,30,right_heel,868.38,835.01,-0.0389,0.6674,-0.0373,0.946,0.999
45,1.8000,0,31,left_foot_index,926.23,835.91,0.1458,0.7075,0.3546,0.926,1.000
45,1.8000,0,32,right_foot_index,912.85,857.07,0.0308,0.6974,-0.0392,0.991,0.999
46,1.8400,0,0,nose,850.17,506.47,-0.0353,-0.5451,-0.4643,1.000,1.000
46,1.8400,0,1,left_eye_inner,841.10,506.87,-0.0788,-0.5574,-0.4775,1.000,1.000
46,1.8400,0,2,left_eye,840.86,507.22,-0.0780,-0.5558,-0.4636,1.000,1.000
46,1.8400,0,3,left_eye_outer,840.67,507.60,-0.0829,-0.5569,-0.4678,1.000,1.000
46,1.8400,0,4,right_eye_inner,841.28,508.93,-0.0808,-0.5482,-0.4911,1.000,1.000
46,1.8400,0,5,right_eye,841.02,510.98,-0.0755,-0.5452,-0.5060,1.000,1.000
46,1.8400,0,6,right_eye_outer,840.76,513.24,-0.0749,-0.5394,-0.4769,1.000,1.000
46,1.8400,0,7,left_ear,840.12,520.13,-0.0635,-0.4757,-0.4314,1.000,1.000
46,1.8400,0,8,right_ear,840.34,525.57,-0.1099,-0.3810,-0.4481,1.000,1.000
46,1.8400,0,9,mouth_left,855.08,511.96,0.0104,-0.5093,-0.4345,1.000,1.000
46,1.8400,0,10,mouth_right,855.24,514.14,-0.0044,-0.4606,-0.4714,1.000,1.000
46,1.8400,0,11,left_shoulder,864.75,537.42,0.0667,-0.4393,-0.2736,1.000,1.000
46,1.8400,0,12,right_shoulder,866.67,583.52,0.0282,-0.2767,-0.3324,1.000,1.000
46,1.8400,0,13,left_elbow,872.90,488.27,0.0734,-0.6370,-0.1812,0.641,1.000
46,1.8400,0,14,right_elbow,855.68,641.57,0.0348,-0.0373,-0.4879,0.983,1.000
46,1.8400,0,15,left_wrist,876.02,444.55,0.0919,-0.7906,-0.0724,0.786,1.000
46,1.8400,0,16,right_wrist,919.12,629.35,0.1696,-0.0848,-0.6655,0.975,1.000
46,1.8400,0,17,left_pinky,877.34,432.65,0.0773,-0.8519,-0.0558,0.789,1.000
46,1.8400,0,18,right_pinky,935.13,629.14,0.2320,-0.0973,-0.7699,0.958,1.000
46,1.8400,0,19,left_index,875.12,432.20,0.0824,-0.8653,-0.0773,0.784,1.000
46,1.8400,0,20,right_index,937.41,621.97,0.2828,-0.1580,-0.7531,0.953,1.000
46,1.8400,0,21,left_thumb,873.28,436.47,0.0967,-0.7806,-0.0794,0.707,1.000
46,1.8400,0,22,right_thumb,933.32,621.34,0.1957,-0.1111,-0.6771,0.850,1.000
46,1.8400,0,23,left_hip,857.82,640.75,0.0175,-0.0465,0.0996,1.000,1.000
46,1.8400,0,24,right_hip,860.48,659.19,-0.0168,0.0418,-0.0935,1.000,1.000
46,1.8400,0,25,left_knee,924.35,716.64,0.2251,0.2741,0.0396,0.100,1.000
46,1.8400,0,26,right_knee,946.13,743.23,0.3100,0.3000,-0.1662,0.958,1.000
46,1.8400,0,27,left_ankle,909.04,790.81,0.1962,0.5914,0.2686,0.101,0.998
46,1.8400,0,28,right_ankle,890.53,814.22,0.1069,0.6200,0.0396,0.839,0.998
46,1.8400,0,29,left_heel,901.17,804.73,0.1727,0.6127,0.3051,0.137,0.996
46,1.8400,0,30,right_heel,873.02,823.78,0.0879,0.6507,0.0377,0.577,0.997
46,1.8400,0,31,left_foot_index,927.80,799.42,0.2270,0.6130,0.3355,0.129,0.997
46,1.8400,0,32,right_foot_index,907.05,843.99,0.1209,0.7169,0.0515,0.726,0.997
47,1.8800,0,0,nose,854.78,503.99,-0.2438,-0.5228,-0.2428,1.000,1.000
47,1.8800,0,1,left_eye_inner,846.09,504.41,-0.2797,-0.5202,-0.2339,1.000,1.000
47,1.8800,0,2,left_eye,844.95,505.09,-0.2786,-0.5202,-0.2289,1.000,1.000
47,1.8800,0,3,left_eye_outer,843.86,505.72,-0.2800,-0.5201,-0.2292,1.000,1.000
47,1.8800,0,4,right_eye_inner,847.11,506.04,-0.2746,-0.5251,-0.2806,1.000,1.000
47,1.8800,0,5,right_eye,846.72,508.02,-0.2700,-0.5255,-0.2901,1.000,1.000
47,1.8800,0,6,right_eye_outer,846.34,510.20,-0.2628,-0.5228,-0.2672,1.000,1.000
47,1.8800,0,7,left_ear,840.99,518.86,-0.3335,-0.4692,-0.1607,1.000,1.000
47,1.8800,0,8,right_ear,842.96,523.27,-0.2873,-0.3998,-0.2878,1.000,1.000
47,1.8800,0,9,mouth_left,858.33,510.23,-0.2464,-0.5131,-0.1986,1.000,1.000
47,1.8800,0,10,mouth_right,858.49,511.81,-0.2160,-0.4788,-0.2675,1.000,1.000
47,1.8800,0,11,left_shoulder,859.44,532.27,-0.2606,-0.4510,0.0012,1.000,1.000
47,1.8800,0,12,right_shoulder,848.13,576.65,-0.3148,-0.3032,-0.1949,1.000,1.000
47,1.8800,0,13,left_elbow,868.13,482.97,-0.2369,-0.6272,0.0584,0.809,1.000
47,1.8800,0,14,right_elbow,856.44,633.42,-0.1913,-0.0763,-0.2641,0.997,1.000
47,1.8800,0,15,left_wrist,876.41,434.75,-0.1676,-0.8325,0.1256,0.977,1.000
47,1.8800,0,16,right_wrist,911.56,610.80,-0.0733,-0.0999,-0.2974,0.990,1.000
47,1.8800,0,17,left_pinky,876.75,417.31,-0.1750,-0.8880,0.1431,0.977,1.000
47,1.8800,0,18,right_pinky,928.80,609.17,-0.0360,-0.1346,-0.3590,0.983,1.000
47,1.8800,0,19,left_index,875.47,415.64,-0.1861,-0.8884,0.1191,0.979,1.000
47,1.8800,0,20,right_index,930.96,601.23,-0.0304,-0.2183,-0.3513,0.982,1.000
47,1.8800,0,21,left_thumb,875.70,422.75,-0.1486,-0.8303,0.1143,0.974,1.000
47,1.8800,0,22,right_thumb,923.83,600.92,-0.0651,-0.1311,-0.2993,0.953,1.000
47,1.8800,0,23,left_hip,930.31,627.23,0.0289,-0.0669,0.1047,1.000,1.000
47,1.8800,0,24,right_hip,911.55,656.21,-0.0318,0.0607,-0.1032,1.000,1.000
47,1.8800,0,25,left_knee,980.88,562.43,0.2520,-0.2492,0.0945,0.976,1.000
47,1.8800,0,26,right_knee,939.65,736.27,0.0171,0.2786,-0.2800,1.000,1.000
47,1.8800,0,27,left_ankle,1046.42,540.48,0.5423,-0.3184,0.1507,0.996,1.000
47,1.8800,0,28,right_ankle,895.49,815.83,-0.0910,0.6611,-0.2763,1.000,1.000
47,1.8800,0,29,left_heel,1063.51,547.70,0.5580,-0.3141,0.1622,0.992,1.000
47,1.8800,0,30,right_heel,880.17,826.77,-0.1106,0.6909,-0.3035,0.996,1.000
47,1.8800,0,31,left_foot_index,1065.04,511.64,0.5591,-0.4155,0.1572,0.996,0.999
47,1.8800,0,32,right_foot_index,920.67,848.63,-0.1166,0.6988,-0.3641,0.999,0.999
48,1.9200,0,0,nose,857.44,499.87,-0.1441,-0.5331,-0.4342,1.000,1.000
48,1.9200,0,1,left_eye_inner,847.36,500.82,-0.1816,-0.5254,-0.4388,1.000,1.000
48,1.9200,0,2,left_eye,846.56,500.94,-0.1829,-0.5260,-0.4262,1.000,1.000
48,1.9200,0,3,left_eye_outer,845.89,500.96,-0.1850,-0.5237,-0.4304,1.000,1.000
48,1.9200,0,4,right_eye_inner,848.55,503.73,-0.1827,-0.5244,-0.4712,1.000,1.000
48,1.9200,0,5,right_eye,848.47,506.03,-0.1770,-0.5249,-0.4871,1.000,1.000
48,1.9200,0,6,right_eye_outer,848.35,508.09,-0.1745,-0.5180,-0.4600,1.000,1.000
48,1.9200,0,7,left_ear,843.68,513.63,-0.2101,-0.4790,-0.3679,1.000,1.000
48,1.9200,0,8,right_ear,846.78,520.33,-0.1982,-0.3803,-0.4591,1.000,1.000
48,1.9200,0,9,mouth_left,863.00,505.05,-0.1284,-0.5261,-0.3902,1.000,1.000
48,1.9200,0,10,mouth_right,863.84,507.61,-0.1181,-0.4797,-0.4526,1.000,1.000
48,1.9200,0,11,left_shoulder,860.41,526.91,-0.1322,-0.4802,-0.2341,1.000,1.000
48,1.9200,0,12,right_shoulder,862.16,576.11,-0.1734,-0.3316,-0.3276,1.000,1.000
48,1.9200,0,13,left_elbow,866.21,472.80,-0.0915,-0.6773,-0.1227,0.900,1.000
48,1.9200,0,14,right_elbow,862.34,633.57,-0.1142,-0.1078,-0.5368,0.988,0.994
48,1.9200,0,15,left_wrist,876.69,418.20,-0.0566,-0.8522,-0.0432,0.988,1.000
48,1.9200,0,16,right_wrist,908.87,589.86,-0.0408,-0.1911,-0.7703,0.991,1.000
48,1.9200,0,17,left_pinky,875.80,399.38,-0.0742,-0.8975,-0.0234,0.985,1.000
48,1.9200,0,18,right_pinky,919.12,582.91,0.0043,-0.2315,-0.8680,0.986,1.000
48,1.9200,0,19,left_index,875.24,398.30,-0.0841,-0.9041,-0.0431,0.987,1.000
48,1.9200,0,20,right_index,916.44,573.77,0.0209,-0.3024,-0.8551,0.985,1.000
48,1.9200,0,21,left_thumb,875.22,405.86,-0.0415,-0.8444,-0.0510,0.981,1.000
48,1.9200,0,22,right_thumb,913.80,575.94,-0.0302,-0.2262,-0.7804,0.951,1.000
48,1.9200,0,23,left_hip,901.66,647.87,0.0031,-0.0305,0.0843,1.000,1.000
48,1.9200,0,24,right_hip,900.68,659.60,-0.0043,0.0252,-0.0791,1.000,1.000
48,1.9200,0,25,left_knee,931.49,730.66,0.0816,0.3232,0.2175,0.617,1.000
48,1.9200,0,26,right_knee,954.16,736.00,0.1806,0.2697,-0.0764,0.960,0.999
48,1.9200,0,27,left_ankle,895.74,810.80,-0.0131,0.6592,0.3920,0.828,1.000
48,1.9200,0,28,right_ankle,899.79,811.38,-0.0081,0.6154,0.1096,0.937,0.997
48,1.9200,0,29,left_heel,877.29,822.56,-0.0453,0.7012,0.4240,0.831,0.999
48,1.9200,0,30,right_heel,881.61,821.62,-0.0272,0.6453,0.1009,0.755,0.998
48,1.9200,0,31,left_foot_index,920.98,839.94,0.0254,0.7363,0.4641,0.834,0.998
48,1.9200,0,32,right_foot_index,920.99,846.63,0.0219,0.7152,0.1077,0.906,0.995
49,1.9600,0,0,nose,858.43,501.32,-0.2030,-0.4711,-0.4691,1.000,1.000
49,1.9600,0,1,left_eye_inner,851.16,500.41,-0.2272,-0.4715,-0.4719,1.000,1.000
49,1.9600,0,2,left_eye,850.87,500.02,-0.2298,-0.4703,-0.4589,1.000,1.000
49,1.9600,0,3,left_eye_outer,850.62,499.50,-0.2314,-0.4686,-0.4611,1.000,1.000
49,1.9600,0,4,right_eye_inner,850.35,503.90,-0.2361,-0.4683,-0.4947,1.000,1.000
49,1.9600,0,5,right_eye,849.47,506.28,-0.2319,-0.4691,-0.5097,1.000,1.000
49,1.9600,0,6,right_eye_outer,848.56,508.78,-0.2250,-0.4609,-0.4836,1.000,1.000
49,1.9600,0,7,left_ear,846.90,506.17,-0.2507,-0.4773,-0.3853,1.000,1.000
49,1.9600,0,8,right_ear,844.52,519.56,-0.2444,-0.3606,-0.4393,0.999,1.000
49,1.9600,0,9,mouth_left,863.68,506.40,-0.1908,-0.4815,-0.4178,1.000,1.000
49,1.9600,0,10,mouth_right,863.29,509.87,-0.1758,-0.4347,-0.4673,1.000,1.000
49,1.9600,0,11,left_shoulder,863.21,513.92,-0.1816,-0.4886,-0.2134,1.000,1.000
49,1.9600,0,12,right_shoulder,861.54,568.17,-0.2643,-0.3231,-0.3048,1.000,1.000
49,1.9600,0,13,left_elbow,865.05,462.64,-0.1457,-0.6540,-0.0536,0.408,1.000
49,1.9600,0,14,right_elbow,877.17,620.19,-0.1115,-0.1432,-0.5221,0.644,0.988
49,1.9600,0,15,left_wrist,876.14,416.64,-0.1245,-0.8204,0.1010,0.924,1.000
49,1.9600,0,16,right_wrist,895.12,559.03,-0.1089,-0.2545,-0.7258,0.725,0.999
49,1.9600,0,17,left_pinky,875.56,398.63,-0.1486,-0.8733,0.1429,0.910,1.000
49,1.9600,0,18,right_pinky,900.33,544.12,-0.0983,-0.3136,-0.8096,0.656,0.999
49,1.9600,0,19,left_index,875.81,398.10,-0.1624,-0.8788,0.1234,0.923,1.000
49,1.9600,0,20,right_index,896.15,541.14,-0.1129,-0.3842,-0.7935,0.662,0.999
49,1.9600,0,21,left_thumb,875.93,404.76,-0.1065,-0.8235,0.0971,0.903,1.000
49,1.9600,0,22,right_thumb,894.94,545.28,-0.1158,-0.2875,-0.7327,0.427,0.999
49,1.9600,0,23,left_hip,918.64,637.36,0.0273,-0.0312,0.0805,1.000,1.000
49,1.9600,0,24,right_hip,916.03,652.70,-0.0307,0.0270,-0.0762,0.999,1.000
49,1.9600,0,25,left_knee,943.21,716.66,0.1042,0.3031,0.1749,0.058,1.000
49,1.9600,0,26,right_knee,948.12,728.76,0.1272,0.2840,-0.0053,0.150,0.996
49,1.9600,0,27,left_ankle,898.55,807.60,0.0202,0.6615,0.2596,0.276,0.999
49,1.9600,0,28,right_ankle,905.32,800.71,0.0003,0.6290,0.1305,0.272,0.990
49,1.9600,0,29,left_heel,881.12,825.25,-0.0129,0.7120,0.2781,0.360,0.998
49,1.9600,0,30,right_heel,889.71,814.65,-0.0148,0.6590,0.1147,0.159,0.992
49,1.9600,0,31,left_foot_index,918.43,843.08,-0.0033,0.7668,0.2675,0.369,0.998
49,1.9600,0,32,right_foot_index,924.66,842.02,0.0310,0.6916,0.0884,0.316,0.989
50,2.0000,0,0,nose,823.76,492.49,-0.2780,-0.5749,-0.1171,1.000,1.000
50,2.0000,0,1,left_eye_inner,821.83,489.03,-0.2969,-0.5767,-0.1257,1.000,1.000
50,2.0000,0,2,left_eye,821.81,488.81,-0.2978,-0.5788,-0.1163,1.000,1.000
50,2.0000,0,3,left_eye_outer,822.86,488.13,-0.2978,-0.5783,-0.1183,1.000,1.000
50,2.0000,0,4,right_eye_inner,822.89,490.45,-0.2959,-0.5837,-0.1395,1.000,1.000
50,2.0000,0,5,right_eye,823.99,491.41,-0.2922,-0.5831,-0.1509,1.000,1.000
50,2.0000,0,6,right_eye_outer,825.00,492.23,-0.2875,-0.5749,-0.1280,1.000,1.000
50,2.0000,0,7,left_ear,829.22,489.55,-0.2623,-0.5562,-0.0971,1.000,1.000
50,2.0000,0,8,right_ear,831.37,488.03,-0.2558,-0.4781,-0.0968,1.000,1.000
50,2.0000,0,9,mouth_left,832.53,499.62,-0.2396,-0.5713,-0.0942,1.000,1.000
50,2.0000,0,10,mouth_right,833.46,498.48,-0.2334,-0.5273,-0.1240,1.000,1.000
50,2.0000,0,11,left_shoulder,852.81,512.34,-0.1840,-0.5085,0.0236,1.000,1.000
50,2.0000,0,12,right_shoulder,875.91,532.17,-0.1213,-0.4735,-0.0471,1.000,1.000
50,2.0000,0,13,left_elbow,851.77,474.32,-0.1591,-0.6680,0.1072,0.500,1.000
50,2.0000,0,14,right_elbow,897.05,578.24,-0.0383,-0.3085,-0.2326,0.728,0.998
50,2.0000,0,15,left_wrist,874.28,434.61,-0.0803,-0.8162,0.2379,0.956,1.000
50,2.0000,0,16,right_wrist,880.64,524.90,-0.1192,-0.4272,-0.4271,0.919,1.000
50,2.0000,0,17,left_pinky,874.56,417.78,-0.0795,-0.8659,0.2703,0.955,1.000
50,2.0000,0,18,right_pinky,875.74,514.10,-0.1300,-0.4910,-0.5013,0.924,1.000
50,2.0000,0,19,left_index,877.04,417.51,-0.0709,-0.8620,0.2535,0.959,1.000
50,2.0000,0,20,right_index,872.20,510.76,-0.1317,-0.5384,-0.4877,0.919,1.000
50,2.0000,0,21,left_thumb,877.12,424.34,-0.0587,-0.8077,0.2335,0.951,1.000
50,2.0000,0,22,right_thumb,872.38,511.77,-0.1309,-0.4558,-0.4300,0.850,1.000
50,2.0000,0,23,left_hip,899.89,633.33,-0.0205,0.0094,0.0765,1.000,1.000
50,2.0000,0,24,right_hip,923.28,642.71,0.0207,-0.0149,-0.0699,1.000,1.000
50,2.0000,0,25,left_knee,919.91,721.52,0.0758,0.3491,0.1143,0.263,1.000
50,2.0000,0,26,right_knee,952.69,719.31,0.1498,0.2833,-0.1020,0.957,1.000
50,2.0000,0,27,left_ankle,898.24,803.21,-0.0040,0.6711,0.1525,0.843,1.000
50,2.0000,0,28,right_ankle,910.29,802.08,0.0069,0.6249,-0.0464,0.978,1.000
50,2.0000,0,29,left_heel,886.06,813.99,-0.0370,0.7131,0.1681,0.885,1.000
50,2.0000,0,30,right_heel,896.24,812.29,-0.0090,0.6549,-0.0717,0.941,1.000
50,2.0000,0,31,left_foot_index,914.17,839.56,-0.0256,0.7669,0.1807,0.882,1.000
50,2.0000,0,32,right_foot_index,923.54,847.59,0.0285,0.7362,-0.0760,0.971,1.000
51,2.0400,0,0,nose,802.19,482.93,-0.4058,-0.5271,-0.2763,1.000,1.000
51,2.0400,0,1,left_eye_inner,792.23,488.17,-0.4326,-0.4989,-0.2848,1.000,1.000
51,2.0400,0,2,left_eye,791.76,488.43,-0.4335,-0.4995,-0.2756,1.000,1.000
51,2.0400,0,3,left_eye_outer,791.32,488.57,-0.4353,-0.4989,-0.2768,1.000,1.000
51,2.0400,0,4,right_eye_inner,793.28,488.21,-0.4251,-0.5094,-0.3132,1.000,1.000
51,2.0400,0,5,right_eye,795.34,487.34,-0.4208,-0.5077,-0.3237,1.000,1.000
51,2.0400,0,6,right_eye_outer,796.49,489.04,-0.4120,-0.5010,-0.3000,1.000,1.000
51,2.0400,0,7,left_ear,795.00,493.47,-0.4056,-0.4358,-0.2478,1.000,1.000
51,2.0400,0,8,right_ear,801.41,494.44,-0.3560,-0.3735,-0.3025,1.000,1.000
51,2.0400,0,9,mouth_left,812.87,485.18,-0.3696,-0.5213,-0.2448,1.000,1.000
51,2.0400,0,10,mouth_right,813.50,485.11,-0.3452,-0.4869,-0.2907,1.000,1.000
51,2.0400,0,11,left_shoulder,828.50,515.42,-0.3161,-0.4009,-0.0759,1.000,1.000
51,2.0400,0,12,right_shoulder,872.36,513.94,-0.2111,-0.4312,-0.1942,1.000,1.000
51,2.0400,0,13,left_elbow,856.45,516.43,-0.2109,-0.4573,0.0209,0.019,1.000
51,2.0400,0,14,right_elbow,921.51,527.50,-0.0486,-0.3509,-0.1686,0.780,1.000
51,2.0400,0,15,left_wrist,858.09,482.45,-0.1743,-0.5690,0.1348,0.114,1.000
51,2.0400,0,16,right_wrist,882.40,484.67,-0.1454,-0.4954,-0.0697,0.836,1.000
51,2.0400,0,17,left_pinky,849.65,473.43,-0.2060,-0.6240,0.1626,0.179,1.000
51,2.0400,0,18,right_pinky,876.10,470.75,-0.1682,-0.5812,-0.1118,0.785,1.000
51,2.0400,0,19,left_index,847.25,471.26,-0.2166,-0.6228,0.1495,0.187,1.000
51,2.0400,0,20,right_index,869.08,473.55,-0.2048,-0.6248,-0.0980,0.758,1.000
51,2.0400,0,21,left_thumb,862.50,475.11,-0.1621,-0.5662,0.1299,0.171,1.000
51,2.0400,0,22,right_thumb,870.84,476.52,-0.1762,-0.5221,-0.0691,0.593,1.000
51,2.0400,0,23,left_hip,903.62,621.16,-0.0299,0.0083,0.0933,1.000,1.000
51,2.0400,0,24,right_hip,935.88,622.62,0.0275,-0.0166,-0.0903,1.000,1.000
51,2.0400,0,25,left_knee,910.09,714.14,0.0377,0.3772,0.1519,0.108,1.000
51,2.0400,0,26,right_knee,952.55,710.61,0.1365,0.3074,-0.0870,0.986,1.000
51,2.0400,0,27,left_ankle,890.66,796.84,-0.0141,0.7054,0.2486,0.709,1.000
51,2.0400,0,28,right_ankle,924.62,795.56,0.0659,0.6749,-0.0691,0.995,1.000
51,2.0400,0,29,left_heel,882.27,810.91,-0.0451,0.7522,0.2682,0.767,1.000
51,2.0400,0,30,right_heel,914.19,803.74,0.0465,0.7066,-0.0916,0.978,1.000
51,2.0400,0,31,left_foot_index,902.76,835.36,-0.0717,0.8327,0.2805,0.768,1.000
51,2.0400,0,32,right_foot_index,929.11,841.65,0.0606,0.7740,-0.1129,0.990,1.000
52,2.0800,0,0,nose,826.35,474.56,-0.3842,-0.5275,-0.0378,1.000,1.000
52,2.0800,0,1,left_eye_inner,819.43,479.30,-0.4011,-0.5199,-0.0609,1.000,1.000
52,2.0800,0,2,left_eye,818.44,480.44,-0.4038,-0.5207,-0.0518,1.000,1.000
52,2.0800,0,3,left_eye_outer,817.24,481.55,-0.4034,-0.5215,-0.0520,1.000,1.000
52,2.0800,0,4,right_eye_inner,824.28,475.93,-0.3871,-0.5463,-0.0819,1.000,1.000
52,2.0800,0,5,right_eye,825.52,476.07,-0.3834,-0.5449,-0.0912,1.000,1.000
52,2.0800,0,6,right_eye_outer,826.65,476.07,-0.3714,-0.5391,-0.0703,1.000,1.000
52,2.0800,0,7,left_ear,817.29,488.88,-0.3979,-0.4575,-0.1037,1.000,1.000
52,2.0800,0,8,right_ear,832.04,482.49,-0.2995,-0.4581,-0.1196,1.000,1.000
52,2.0800,0,9,mouth_left,830.40,483.29,-0.3652,-0.5086,-0.0309,1.000,1.000
52,2.0800,0,10,mouth_right,834.97,479.67,-0.3254,-0.4908,-0.0665,1.000,1.000
52,2.0800,0,11,left_shoulder,825.56,521.91,-0.3688,-0.3440,-0.0126,1.000,1.000
52,2.0800,0,12,right_shoulder,879.62,490.84,-0.2061,-0.5008,-0.0468,1.000,1.000
52,2.0800,0,13,left_elbow,801.33,518.20,-0.4033,-0.4472,0.0869,0.134,1.000
52,2.0800,0,14,right_elbow,917.96,462.42,-0.1114,-0.5654,-0.0601,0.576,1.000
52,2.0800,0,15,left_wrist,822.47,482.95,-0.3947,-0.5736,0.2949,0.191,1.000
52,2.0800,0,16,right_wrist,872.49,453.42,-0.2558,-0.6054,0.0524,0.570,1.000
52,2.0800,0,17,left_pinky,826.18,473.79,-0.4195,-0.6144,0.3427,0.229,1.000
52,2.0800,0,18,right_pinky,855.22,454.14,-0.2889,-0.6585,0.0357,0.498,1.000
52,2.0800,0,19,left_index,827.56,473.98,-0.4057,-0.6058,0.3317,0.233,1.000
52,2.0800,0,20,right_index,852.19,459.02,-0.3130,-0.6606,0.0426,0.464,1.000
52,2.0800,0,21,left_thumb,828.69,476.59,-0.3718,-0.5721,0.2965,0.233,1.000
52,2.0800,0,22,right_thumb,856.17,459.94,-0.2879,-0.6072,0.0537,0.393,1.000
52,2.0800,0,23,left_hip,909.62,616.81,-0.0490,0.0314,0.0510,1.000,1.000
52,2.0800,0,24,right_hip,942.56,612.52,0.0450,-0.0390,-0.0493,1.000,1.000
52,2.0800,0,25,left_knee,907.27,704.07,-0.0289,0.3527,0.0744,0.747,1.000
52,2.0800,0,26,right_knee,961.43,694.10,0.1497,0.2909,-0.0334,0.912,1.000
52,2.0800,0,27,left_ankle,894.26,792.91,-0.0622,0.6830,0.0268,0.916,1.000
52,2.0800,0,28,right_ankle,946.04,785.84,0.1445,0.6522,-0.0226,0.968,1.000
52,2.0800,0,29,left_heel,889.05,804.79,-0.0884,0.7348,0.0337,0.952,1.000
52,2.0800,0,30,right_heel,935.01,794.69,0.1322,0.6888,-0.0518,0.951,1.000
52,2.0800,0,31,left_foot_index,914.77,830.18,-0.1003,0.8259,0.0516,0.867,1.000
52,2.0800,0,32,right_foot_index,944.18,826.08,0.1292,0.7294,-0.0599,0.898,1.000
53,2.1200,0,0,nose,824.88,472.48,-0.3248,-0.5448,0.1581,1.000,1.000
53,2.1200,0,1,left_eye_inner,817.39,472.61,-0.3497,-0.5355,0.1329,1.000,1.000
53,2.1200,0,2,left_eye,815.79,474.47,-0.3522,-0.5388,0.1411,1.000,1.000
53,2.1200,0,3,left_eye_outer,814.48,476.58,-0.3495,-0.5389,0.1406,1.000,1.000
53,2.1200,0,4,right_eye_inner,822.45,467.92,-0.3225,-0.5686,0.1168,1.000,1.000
53,2.1200,0,5,right_eye,824.11,466.68,-0.3188,-0.5675,0.1088,1.000,1.000
53,2.1200,0,6,right_eye_outer,825.77,465.30,-0.3104,-0.5566,0.1250,1.000,1.000
53,2.1200,0,7,left_ear,819.15,480.97,-0.3497,-0.4590,0.0713,1.000,1.000
53,2.1200,0,8,right_ear,831.40,466.34,-0.2523,-0.4768,0.0606,1.000,1.000
53,2.1200,0,9,mouth_left,828.53,480.35,-0.2972,-0.5172,0.1526,1.000,1.000
53,2.1200,0,10,mouth_right,833.58,473.62,-0.2677,-0.5009,0.1225,1.000,1.000
53,2.1200,0,11,left_shoulder,838.65,520.24,-0.2601,-0.3146,0.1711,1.000,1.000
53,2.1200,0,12,right_shoulder,887.58,467.44,-0.1446,-0.5682,0.0598,1.000,1.000
53,2.1200,0,13,left_elbow,862.54,563.60,-0.1676,-0.2629,0.2623,0.056,1.000
53,2.1200,0,14,right_elbow,906.50,414.72,-0.0565,-0.6813,0.0704,0.958,1.000
53,2.1200,0,15,left_wrist,891.79,539.73,-0.0805,-0.3294,0.5143,0.023,1.000
53,2.1200,0,16,right_wrist,874.85,403.72,-0.1476,-0.7681,0.2109,0.949,1.000
53,2.1200,0,17,left_pinky,893.34,539.91,-0.0933,-0.3712,0.5761,0.032,1.000
53,2.1200,0,18,right_pinky,865.68,396.05,-0.1496,-0.8396,0.1926,0.913,1.000
53,2.1200,0,19,left_index,895.97,526.38,-0.0974,-0.3827,0.5630,0.035,1.000
53,2.1200,0,20,right_index,862.87,402.02,-0.1641,-0.8511,0.2039,0.898,1.000
53,2.1200,0,21,left_thumb,895.10,529.59,-0.0651,-0.3274,0.5194,0.037,1.000
53,2.1200,0,22,right_thumb,866.93,406.69,-0.1696,-0.7785,0.2153,0.850,1.000
53,2.1200,0,23,left_hip,906.70,609.16,-0.0455,0.0352,0.0633,1.000,1.000
53,2.1200,0,24,right_hip,941.65,596.65,0.0435,-0.0435,-0.0616,1.000,1.000
53,2.1200,0,25,left_knee,905.88,697.70,-0.0200,0.3626,0.1089,0.621,1.000
53,2.1200,0,26,right_knee,967.45,680.86,0.1690,0.2832,-0.0216,0.912,1.000
53,2.1200,0,27,left_ankle,896.24,782.54,-0.0307,0.6499,0.0427,0.763,1.000
53,2.1200,0,28,right_ankle,965.75,771.76,0.1683,0.6336,0.0184,0.942,1.000
53,2.1200,0,29,left_heel,895.57,794.78,-0.0502,0.6939,0.0470,0.912,1.000
53,2.1200,0,30,right_heel,957.67,785.96,0.1634,0.6706,-0.0089,0.939,1.000
53,2.1200,0,31,left_foot_index,906.14,813.37,-0.0602,0.7579,0.0926,0.651,1.000
53,2.1200,0,32,right_foot_index,972.02,804.78,0.1860,0.6723,0.0030,0.781,1.000
54,2.1600,0,0,nose,828.01,468.32,-0.3155,-0.5212,0.2030,1.000,1.000
54,2.1600,0,1,left_eye_inner,822.06,467.82,-0.3407,-0.5118,0.1729,1.000,1.000
54,2.1600,0,2,left_eye,820.81,469.84,-0.3439,-0.5148,0.1804,1.000,1.000
54,2.1600,0,3,left_eye_outer,819.58,472.49,-0.3411,-0.5156,0.1805,1.000,1.000
54,2.1600,0,4,right_eye_inner,826.52,462.58,-0.3067,-0.5489,0.1596,1.000,1.000
54,2.1600,0,5,right_eye,828.25,461.02,-0.3034,-0.5477,0.1511,1.000,1.000
54,2.1600,0,6,right_eye_outer,829.95,459.43,-0.2944,-0.5369,0.1678,1.000,1.000
54,2.1600,0,7,left_ear,822.40,477.14,-0.3477,-0.4326,0.0849,1.000,1.000
54,2.1600,0,8,right_ear,836.20,459.29,-0.2258,-0.4602,0.0846,1.000,1.000
54,2.1600,0,9,mouth_left,832.24,476.04,-0.2914,-0.4907,0.1871,0.999,1.000
54,2.1600,0,10,mouth_right,836.27,469.48,-0.2558,-0.4788,0.1613,0.998,1.000
54,2.1600,0,11,left_shoulder,840.40,524.51,-0.2869,-0.2717,0.1626,0.999,1.000
54,2.1600,0,12,right_shoulder,884.76,455.34,-0.1248,-0.5557,0.0720,1.000,1.000
54,2.1600,0,13,left_elbow,867.51,575.48,-0.1872,-0.1607,0.2361,0.057,0.999
54,2.1600,0,14,right_elbow,905.78,408.90,-0.0290,-0.7076,0.1103,0.887,1.000
54,2.1600,0,15,left_wrist,892.02,551.94,-0.0817,-0.2281,0.4908,0.005,1.000
54,2.1600,0,16,right_wrist,887.51,360.79,-0.0864,-0.8888,0.2788,0.803,1.000
54,2.1600,0,17,left_pinky,893.72,555.44,-0.1037,-0.2752,0.5461,0.008,1.000
54,2.1600,0,18,right_pinky,883.26,341.93,-0.0849,-0.9939,0.2636,0.741,1.000
54,2.1600,0,19,left_index,896.78,538.49,-0.1073,-0.2941,0.5399,0.008,1.000
54,2.1600,0,20,right_index,880.08,343.94,-0.1091,-1.0183,0.2826,0.706,1.000
54,2.1600,0,21,left_thumb,895.28,540.37,-0.0666,-0.2304,0.4982,0.008,1.000
54,2.1600,0,22,right_thumb,880.88,352.83,-0.1140,-0.9104,0.2870,0.628,1.000
54,2.1600,0,23,left_hip,908.27,602.42,-0.0648,0.0363,0.0545,1.000,1.000
54,2.1600,0,24,right_hip,944.89,587.64,0.0628,-0.0452,-0.0540,1.000,1.000
54,2.1600,0,25,left_knee,906.65,681.32,-0.0321,0.3561,0.1245,0.725,1.000
54,2.1600,0,26,right_knee,973.41,666.61,0.1920,0.2606,0.0154,0.840,1.000
54,2.1600,0,27,left_ankle,903.68,769.74,-0.0177,0.6320,0.0741,0.819,1.000
54,2.1600,0,28,right_ankle,987.62,760.84,0.2526,0.6169,0.0978,0.886,1.000
54,2.1600,0,29,left_heel,905.66,782.74,-0.0357,0.6743,0.0799,0.944,1.000
54,2.1600,0,30,right_heel,985.10,779.14,0.2520,0.6556,0.0760,0.948,1.000
54,2.1600,0,31,left_foot_index,902.93,798.49,-0.0783,0.7144,0.1228,0.584,1.000
54,2.1600,0,32,right_foot_index,985.36,775.57,0.2495,0.6232,0.1068,0.544,1.000
55,2.2000,0,0,nose,828.16,466.80,-0.3755,-0.4799,0.2095,1.000,1.000
55,2.2000,0,1,left_eye_inner,820.83,465.96,-0.3996,-0.4605,0.1721,1.000,1.000
55,2.2000,0,2,left_eye,819.04,468.03,-0.4040,-0.4606,0.1812,1.000,1.000
55,2.2000,0,3,left_eye_outer,817.31,470.09,-0.4036,-0.4626,0.1802,1.000,1.000
55,2.2000,0,4,right_eye_inner,825.99,459.76,-0.3806,-0.5064,0.1603,1.000,1.000
55,2.2000,0,5,right_eye,827.59,457.57,-0.3786,-0.5056,0.1488,1.000,1.000
55,2.2000,0,6,right_eye_outer,829.13,455.33,-0.3655,-0.5019,0.1680,1.000,1.000
55,2.2000,0,7,left_ear,817.37,475.60,-0.4181,-0.3749,0.0699,1.000,1.000
55,2.2000,0,8,right_ear,834.24,455.18,-0.2719,-0.4496,0.0555,1.000,1.000
55,2.2000,0,9,mouth_left,830.49,474.38,-0.3602,-0.4554,0.1917,1.000,1.000
55,2.2000,0,10,mouth_right,835.30,468.27,-0.3109,-0.4574,0.1600,0.999,1.000
55,2.2000,0,11,left_shoulder,835.11,531.85,-0.3331,-0.1923,0.1095,1.000,1.000
55,2.2000,0,12,right_shoulder,878.88,457.53,-0.2207,-0.5294,0.0471,1.000,1.000
55,2.2000,0,13,left_elbow,867.97,570.14,-0.2212,-0.0705,0.1868,0.113,0.999
55,2.2000,0,14,right_elbow,899.67,404.29,-0.0582,-0.7283,0.0170,0.995,1.000
55,2.2000,0,15,left_wrist,881.89,540.50,-0.1366,-0.1990,0.4679,0.004,1.000
55,2.2000,0,16,right_wrist,904.70,348.04,-0.0561,-0.9527,0.0943,0.985,1.000
55,2.2000,0,17,left_pinky,883.33,532.39,-0.1643,-0.2332,0.5168,0.008,0.999
55,2.2000,0,18,right_pinky,906.00,332.50,-0.0558,-1.0632,0.0456,0.981,1.000
55,2.2000,0,19,left_index,882.42,527.91,-0.1647,-0.2619,0.5185,0.008,0.999
55,2.2000,0,20,right_index,902.36,329.98,-0.0924,-1.1013,0.0689,0.979,1.000
55,2.2000,0,21,left_thumb,884.49,530.82,-0.1144,-0.2165,0.4783,0.007,1.000
55,2.2000,0,22,right_thumb,901.22,336.34,-0.0840,-0.9732,0.1038,0.953,1.000
55,2.2000,0,23,left_hip,915.69,598.45,-0.0481,0.0496,0.0140,1.000,1.000
55,2.2000,0,24,right_hip,953.34,580.21,0.0419,-0.0564,-0.0153,1.000,1.000
55,2.2000,0,25,left_knee,903.65,677.67,-0.0752,0.4035,0.0752,0.994,1.000
55,2.2000,0,26,right_knee,989.86,664.03,0.2042,0.3095,0.0071,0.960,1.000
55,2.2000,0,27,left_ankle,908.19,771.95,-0.0806,0.7265,0.1293,0.985,1.000
55,2.2000,0,28,right_ankle,1011.10,753.39,0.3271,0.6747,0.1791,0.962,0.998
55,2.2000,0,29,left_heel,916.07,785.54,-0.1022,0.7863,0.1517,0.992,0.999
55,2.2000,0,30,right_heel,1012.27,768.57,0.3308,0.7185,0.1657,0.985,0.998
55,2.2000,0,31,left_foot_index,903.66,806.35,-0.1718,0.8576,0.1971,0.919,0.999
55,2.2000,0,32,right_foot_index,1007.67,777.76,0.2537,0.7257,0.1943,0.818,0.997
56,2.2400,0,0,nose,832.99,460.10,-0.3653,-0.5124,0.1567,1.000,1.000
56,2.2400,0,1,left_eye_inner,825.14,459.02,-0.3880,-0.5044,0.1219,1.000,1.000
56,2.2400,0,2,left_eye,823.23,461.14,-0.3906,-0.5065,0.1300,1.000,1.000
56,2.2400,0,3,left_eye_outer,821.40,463.22,-0.3898,-0.5085,0.1304,1.000,1.000
56,2.2400,0,4,right_eye_inner,830.10,453.36,-0.3617,-0.5443,0.1046,1.000,1.000
56,2.2400,0,5,right_eye,831.56,451.75,-0.3581,-0.5431,0.0949,1.000,1.000
56,2.2400,0,6,right_eye_outer,833.14,450.02,-0.3469,-0.5363,0.1134,1.000,1.000
56,2.2400,0,7,left_ear,822.68,470.76,-0.3984,-0.4193,0.0332,1.000,1.000
56,2.2400,0,8,right_ear,838.77,451.56,-0.2689,-0.4680,0.0201,1.000,1.000
56,2.2400,0,9,mouth_left,834.66,469.71,-0.3482,-0.4826,0.1460,0.999,1.000
56,2.2400,0,10,mouth_right,840.22,463.34,-0.3055,-0.4762,0.1137,0.999,1.000
56,2.2400,0,11,left_shoulder,833.47,526.32,-0.3319,-0.2484,0.0800,1.000,1.000
56,2.2400,0,12,right_shoulder,883.80,455.28,-0.1998,-0.5269,0.0769,1.000,1.000
56,2.2400,0,13,left_elbow,864.47,578.53,-0.2600,-0.1417,0.1249,0.452,1.000
56,2.2400,0,14,right_elbow,894.89,408.94,-0.1168,-0.6104,0.1254,0.805,1.000
56,2.2400,0,15,left_wrist,868.65,550.27,-0.2485,-0.2204,0.3338,0.079,1.000
56,2.2400,0,16,right_wrist,886.27,393.71,-0.1708,-0.7160,0.3064,0.696,1.000
56,2.2400,0,17,left_pinky,867.50,540.68,-0.2800,-0.2535,0.3749,0.094,1.000
56,2.2400,0,18,right_pinky,886.31,390.98,-0.1652,-0.7892,0.2937,0.618,1.000
56,2.2400,0,19,left_index,869.15,537.80,-0.2844,-0.2715,0.3754,0.098,1.000
56,2.2400,0,20,right_index,883.72,392.23,-0.1824,-0.8114,0.3046,0.596,1.000
56,2.2400,0,21,left_thumb,871.86,539.18,-0.2355,-0.2265,0.3432,0.088,1.000
56,2.2400,0,22,right_thumb,883.65,396.35,-0.1946,-0.7294,0.3115,0.509,1.000
56,2.2400,0,23,left_hip,916.87,599.59,-0.0582,0.0424,0.0330,1.000,1.000
56,2.2400,0,24,right_hip,951.30,578.05,0.0540,-0.0510,-0.0339,1.000,1.000
56,2.2400,0,25,left_knee,903.93,687.80,-0.0654,0.3498,0.1172,0.896,1.000
56,2.2400,0,26,right_knee,997.79,651.00,0.2246,0.2322,-0.0311,0.945,1.000
56,2.2400,0,27,left_ankle,912.58,766.71,0.0028,0.6349,0.1247,0.897,1.000
56,2.2400,0,28,right_ankle,1035.11,738.46,0.3603,0.5792,0.0112,0.945,1.000
56,2.2400,0,29,left_heel,923.70,779.31,-0.0098,0.6807,0.1370,0.937,1.000
56,2.2400,0,30,right_heel,1036.43,754.58,0.3618,0.6141,-0.0107,0.950,1.000
56,2.2400,0,31,left_foot_index,903.78,788.79,-0.0809,0.7295,0.1755,0.651,1.000
56,2.2400,0,32,right_foot_index,1043.58,763.80,0.3460,0.5893,0.0006,0.688,1.000
57,2.2800,0,0,nose,831.28,463.09,-0.4057,-0.4799,0.1936,1.000,1.000
57,2.2800,0,1,left_eye_inner,825.15,460.75,-0.4212,-0.4705,0.1590,1.000,1.000
57,2.2800,0,2,left_eye,823.28,462.68,-0.4235,-0.4701,0.1688,1.000,1.000
57,2.2800,0,3,left_eye_outer,821.60,464.38,-0.4244,-0.4730,0.1686,1.000,1.000
57,2.2800,0,4,right_eye_inner,829.87,456.00,-0.4040,-0.5203,0.1454,1.000,1.000
57,2.2800,0,5,right_eye,831.50,454.58,-0.4013,-0.5191,0.1339,1.000,1.000
57,2.2800,0,6,right_eye_outer,833.30,453.15,-0.3862,-0.5154,0.1538,1.000,1.000
57,2.2800,0,7,left_ear,821.21,469.41,-0.4188,-0.3868,0.0473,1.000,1.000
57,2.2800,0,8,right_ear,839.98,453.38,-0.2912,-0.4722,0.0528,1.000,1.000
57,2.2800,0,9,mouth_left,833.53,471.33,-0.3882,-0.4513,0.1790,1.000,1.000
57,2.2800,0,10,mouth_right,838.26,466.00,-0.3397,-0.4585,0.1533,1.000,1.000
57,2.2800,0,11,left_shoulder,833.83,526.38,-0.3389,-0.1981,0.0666,1.000,1.000
57,2.2800,0,12,right_shoulder,886.87,463.16,-0.2206,-0.5103,0.0742,1.000,1.000
57,2.2800,0,13,left_elbow,865.50,577.86,-0.2622,-0.0463,0.1263,0.503,1.000
57,2.2800,0,14,right_elbow,909.45,449.82,-0.0386,-0.5322,0.1291,0.686,1.000
57,2.2800,0,15,left_wrist,875.89,547.90,-0.1975,-0.1665,0.4229,0.014,1.000
57,2.2800,0,16,right_wrist,887.90,469.71,-0.1869,-0.4719,0.3788,0.010,1.000
57,2.2800,0,17,left_pinky,884.24,545.21,-0.2125,-0.2178,0.4766,0.019,1.000
57,2.2800,0,18,right_pinky,885.87,472.87,-0.2173,-0.5054,0.3837,0.008,1.000
57,2.2800,0,19,left_index,882.30,536.95,-0.1990,-0.2335,0.4695,0.019,1.000
57,2.2800,0,20,right_index,881.63,476.45,-0.2479,-0.5186,0.3968,0.007,1.000
57,2.2800,0,21,left_thumb,880.79,539.04,-0.1711,-0.1837,0.4302,0.020,1.000
57,2.2800,0,22,right_thumb,882.68,476.30,-0.2215,-0.4654,0.3857,0.008,1.000
57,2.2800,0,23,left_hip,918.44,597.90,-0.0436,0.0578,0.0224,1.000,1.000
57,2.2800,0,24,right_hip,953.69,572.74,0.0385,-0.0656,-0.0259,1.000,1.000
57,2.2800,0,25,left_knee,907.08,694.90,-0.0971,0.4269,0.0933,0.957,1.000
57,2.2800,0,26,right_knee,1001.94,645.06,0.2705,0.2337,0.0160,0.966,1.000
57,2.2800,0,27,left_ankle,917.15,771.67,-0.0732,0.7289,0.1185,0.962,1.000
57,2.2800,0,28,right_ankle,1049.15,706.04,0.4951,0.5228,0.1483,0.943,0.999
57,2.2800,0,29,left_heel,927.53,783.15,-0.0886,0.7878,0.1332,0.972,1.000
57,2.2800,0,30,right_heel,1056.52,715.81,0.5059,0.5592,0.1285,0.959,0.999
57,2.2800,0,31,left_foot_index,905.58,791.90,-0.1396,0.8594,0.1917,0.826,1.000
57,2.2800,0,32,right_foot_index,1057.93,726.54,0.4719,0.5640,0.1809,0.711,0.999
58,2.3200,0,0,nose,834.68,467.85,-0.3999,-0.4997,0.1536,0.998,1.000
58,2.3200,0,1,left_eye_inner,828.85,464.24,-0.4144,-0.5022,0.1137,0.998,1.000
58,2.3200,0,2,left_eye,827.10,465.32,-0.4124,-0.5019,0.1230,0.998,1.000
58,2.3200,0,3,left_eye_outer,825.30,466.47,-0.4154,-0.5048,0.1205,0.999,1.000
58,2.3200,0,4,right_eye_inner,834.03,460.42,-0.3907,-0.5389,0.1051,0.999,1.000
58,2.3200,0,5,right_eye,835.97,458.78,-0.3888,-0.5403,0.0906,0.999,1.000
58,2.3200,0,6,right_eye_outer,837.86,457.09,-0.3775,-0.5353,0.1126,0.999,1.000
58,2.3200,0,7,left_ear,824.63,471.71,-0.4071,-0.4399,-0.0066,0.999,1.000
58,2.3200,0,8,right_ear,843.27,458.38,-0.2689,-0.4996,0.0274,0.999,1.000
58,2.3200,0,9,mouth_left,835.72,474.36,-0.3883,-0.4780,0.1350,0.999,1.000
58,2.3200,0,10,mouth_right,841.29,471.07,-0.3354,-0.4747,0.1145,0.999,1.000
58,2.3200,0,11,left_shoulder,831.97,523.94,-0.3592,-0.2687,-0.0024,1.000,1.000
58,2.3200,0,12,right_shoulder,895.60,473.39,-0.1851,-0.5050,0.1056,1.000,1.000
58,2.3200,0,13,left_elbow,864.06,583.47,-0.2829,-0.1038,0.0040,0.570,1.000
58,2.3200,0,14,right_elbow,933.31,525.11,-0.0003,-0.2722,0.0863,0.171,0.999
58,2.3200,0,15,left_wrist,870.22,557.24,-0.2330,-0.1778,0.1771,0.021,1.000
58,2.3200,0,16,right_wrist,924.32,558.09,-0.0621,-0.1321,0.1578,0.003,1.000
58,2.3200,0,17,left_pinky,873.64,558.44,-0.2459,-0.2140,0.2108,0.027,1.000
58,2.3200,0,18,right_pinky,923.48,566.41,-0.0617,-0.1399,0.1555,0.003,1.000
58,2.3200,0,19,left_index,869.71,545.94,-0.2372,-0.2389,0.2147,0.026,1.000
58,2.3200,0,20,right_index,918.10,564.58,-0.0888,-0.1752,0.1589,0.003,1.000
58,2.3200,0,21,left_thumb,870.16,548.62,-0.2092,-0.1920,0.1837,0.023,1.000
58,2.3200,0,22,right_thumb,916.54,562.16,-0.0846,-0.1367,0.1603,0.003,1.000
58,2.3200,0,23,left_hip,918.28,607.04,-0.0624,0.0560,0.0099,1.000,1.000
58,2.3200,0,24,right_hip,955.17,584.20,0.0607,-0.0618,-0.0114,1.000,1.000
58,2.3200,0,25,left_knee,912.21,697.88,-0.0555,0.4337,0.0984,0.948,1.000
58,2.3200,0,26,right_knee,1011.81,648.96,0.2932,0.1887,-0.0042,0.964,1.000
58,2.3200,0,27,left_ankle,927.28,780.85,-0.0008,0.7295,0.1455,0.971,1.000
58,2.3200,0,28,right_ankle,1072.23,691.71,0.5610,0.4105,0.0497,0.962,1.000
58,2.3200,0,29,left_heel,937.15,790.34,-0.0153,0.7795,0.1648,0.976,0.999
58,2.3200,0,30,right_heel,1082.45,694.25,0.5748,0.4333,0.0217,0.976,0.999
58,2.3200,0,31,left_foot_index,911.93,808.78,-0.0463,0.8569,0.2242,0.764,0.999
58,2.3200,0,32,right_foot_index,1094.72,719.14,0.5769,0.4515,0.0763,0.722,0.999
59,2.3600,0,0,nose,840.34,475.37,-0.3904,-0.4983,0.2387,0.960,1.000
59,2.3600,0,1,left_eye_inner,835.20,470.43,-0.4061,-0.4979,0.2038,0.973,1.000
59,2.3600,0,2,left_eye,833.25,471.36,-0.4052,-0.5000,0.2125,0.973,1.000
59,2.3600,0,3,left_eye_outer,831.24,472.33,-0.4058,-0.5027,0.2101,0.981,1.000
59,2.3600,0,4,right_eye_inner,840.32,467.11,-0.3776,-0.5345,0.1932,0.981,1.000
59,2.3600,0,5,right_eye,842.14,465.76,-0.3751,-0.5355,0.1814,0.983,1.000
59,2.3600,0,6,right_eye_outer,843.94,464.52,-0.3643,-0.5304,0.2025,0.987,1.000
59,2.3600,0,7,left_ear,830.20,476.60,-0.3934,-0.4367,0.0899,0.990,1.000
59,2.3600,0,8,right_ear,849.45,465.30,-0.2476,-0.4830,0.1295,0.978,1.000
59,2.3600,0,9,mouth_left,840.54,482.18,-0.3719,-0.4755,0.2217,0.966,1.000
59,2.3600,0,10,mouth_right,846.25,479.22,-0.3197,-0.4673,0.2029,0.957,1.000
59,2.3600,0,11,left_shoulder,835.58,523.36,-0.3556,-0.2773,0.0686,1.000,1.000
59,2.3600,0,12,right_shoulder,895.59,487.07,-0.1585,-0.4722,0.2174,0.999,1.000
59,2.3600,0,13,left_elbow,863.99,585.11,-0.2573,-0.1510,0.0486,0.278,0.998
59,2.3600,0,14,right_elbow,925.96,540.11,-0.0332,-0.2462,0.2160,0.012,0.991
59,2.3600,0,15,left_wrist,865.94,565.38,-0.2540,-0.1727,0.2276,0.011,1.000
59,2.3600,0,16,right_wrist,901.14,553.62,-0.1651,-0.1814,0.3007,0.001,0.999
59,2.3600,0,17,left_pinky,861.72,561.74,-0.2789,-0.2151,0.2593,0.015,0.999
59,2.3600,0,18,right_pinky,894.47,552.99,-0.1846,-0.2314,0.2959,0.002,0.999
59,2.3600,0,19,left_index,861.12,557.13,-0.2809,-0.2267,0.2770,0.014,0.999
59,2.3600,0,20,right_index,885.74,551.04,-0.2178,-0.2646,0.3053,0.001,0.999
59,2.3600,0,21,left_thumb,862.66,558.84,-0.2376,-0.1811,0.2412,0.010,1.000
59,2.3600,0,22,right_thumb,885.33,551.72,-0.2002,-0.1918,0.3001,0.001,1.000
59,2.3600,0,23,left_hip,919.53,611.60,-0.0646,0.0439,0.0101,1.000,1.000
59,2.3600,0,24,right_hip,954.11,593.45,0.0615,-0.0510,-0.0107,1.000,1.000
59,2.3600,0,25,left_knee,915.62,705.24,-0.0322,0.4172,0.0603,0.920,1.000
59,2.3600,0,26,right_knee,1013.73,649.68,0.2628,0.1411,-0.0900,0.924,1.000
59,2.3600,0,27,left_ankle,938.72,792.11,0.0199,0.7179,0.0367,0.973,1.000
59,2.3600,0,28,right_ankle,1077.03,655.18,0.5325,0.2336,-0.1454,0.924,1.000
59,2.3600,0,29,left_heel,948.49,804.69,0.0060,0.7697,0.0470,0.988,1.000
59,2.3600,0,30,right_heel,1085.89,649.73,0.5464,0.2427,-0.1819,0.976,1.000
59,2.3600,0,31,left_foot_index,913.64,807.88,-0.0054,0.8429,0.0837,0.802,0.999
59,2.3600,0,32,right_foot_index,1112.93,679.57,0.5774,0.2433,-0.1459,0.660,0.999
60,2.4000,0,0,nose,844.84,486.11,-0.2970,-0.5029,0.3326,1.000,1.000
60,2.4000,0,1,left_eye_inner,840.16,481.64,-0.3058,-0.4995,0.3134,1.000,1.000
60,2.4000,0,2,left_eye,838.45,482.55,-0.3051,-0.4965,0.3316,1.000,1.000
60,2.4000,0,3,left_eye_outer,836.83,483.64,-0.3100,-0.5028,0.3254,1.000,1.000
60,2.4000,0,4,right_eye_inner,846.94,478.78,-0.2794,-0.5411,0.3059,1.000,1.000
60,2.4000,0,5,right_eye,849.37,478.01,-0.2806,-0.5370,0.2979,1.000,1.000
60,2.4000,0,6,right_eye_outer,852.23,476.83,-0.2666,-0.5291,0.3139,1.000,1.000
60,2.4000,0,7,left_ear,837.16,487.14,-0.2912,-0.4489,0.2352,1.000,1.000
60,2.4000,0,8,right_ear,857.41,479.86,-0.1715,-0.4831,0.2643,1.000,1.000
60,2.4000,0,9,mouth_left,844.52,493.63,-0.2733,-0.4797,0.3233,1.000,1.000
60,2.4000,0,10,mouth_right,851.34,491.23,-0.2302,-0.4651,0.3086,1.000,1.000
60,2.4000,0,11,left_shoulder,842.86,528.62,-0.2551,-0.2406,0.1925,1.000,1.000
60,2.4000,0,12,right_shoulder,898.46,505.78,-0.0690,-0.4389,0.3896,1.000,1.000
60,2.4000,0,13,left_elbow,862.58,591.10,-0.2320,-0.0278,0.1987,0.999,1.000
60,2.4000,0,14,right_elbow,927.23,561.35,0.0192,-0.1471,0.4032,0.018,1.000
60,2.4000,0,15,left_wrist,861.76,586.56,-0.2725,-0.0194,0.5439,0.949,1.000
60,2.4000,0,16,right_wrist,887.47,572.63,-0.1764,-0.0686,0.5601,0.064,1.000
60,2.4000,0,17,left_pinky,856.25,583.28,-0.2981,-0.0658,0.5840,0.937,1.000
60,2.4000,0,18,right_pinky,885.84,571.24,-0.2228,-0.1103,0.5597,0.189,1.000
60,2.4000,0,19,left_index,858.71,579.04,-0.2950,-0.0643,0.5974,0.912,1.000
60,2.4000,0,20,right_index,879.04,571.82,-0.2432,-0.1514,0.5718,0.182,1.000
60,2.4000,0,21,left_thumb,862.16,577.13,-0.2557,-0.0336,0.5604,0.920,1.000
60,2.4000,0,22,right_thumb,879.35,573.89,-0.2189,-0.0750,0.5549,0.223,1.000
60,2.4000,0,23,left_hip,916.95,611.55,-0.0715,0.0329,-0.0083,1.000,1.000
60,2.4000,0,24,right_hip,943.97,597.67,0.0654,-0.0371,0.0081,1.000,1.000
60,2.4000,0,25,left_knee,916.85,712.86,-0.0272,0.4949,-0.0260,1.000,1.000
60,2.4000,0,26,right_knee,1014.62,660.43,0.3253,0.3292,-0.0439,1.000,1.000
60,2.4000,0,27,left_ankle,940.53,792.93,0.0620,0.7176,-0.0439,1.000,1.000
60,2.4000,0,28,right_ankle,1065.46,628.84,0.5859,0.1331,0.0005,1.000,1.000
60,2.4000,0,29,left_heel,944.67,798.86,0.0596,0.7614,-0.0424,1.000,1.000
60,2.4000,0,30,right_heel,1072.75,618.90,0.6035,0.1102,-0.0353,1.000,1.000
60,2.4000,0,31,left_foot_index,917.90,809.34,0.0033,0.8427,-0.0156,1.000,1.000
60,2.4000,0,32,right_foot_index,1092.50,626.65,0.6184,0.0312,0.0097,1.000,1.000
61,2.4400,0,0,nose,854.95,499.14,-0.2830,-0.3170,0.3902,0.995,1.000
61,2.4400,0,1,left_eye_inner,851.49,497.30,-0.3013,-0.3099,0.3792,0.998,1.000
61,2.4400,0,2,left_eye,849.72,499.67,-0.2957,-0.3069,0.3938,0.998,1.000
61,2.4400,0,3,left_eye_outer,848.55,500.45,-0.3034,-0.3096,0.3874,0.999,1.000
61,2.4400,0,4,right_eye_inner,855.46,492.25,-0.2871,-0.3482,0.3671,0.999,1.000
61,2.4400,0,5,right_eye,856.46,490.89,-0.2853,-0.3505,0.3594,0.999,1.000
61,2.4400,0,6,right_eye_outer,857.75,489.96,-0.2711,-0.3455,0.3735,0.999,1.000
61,2.4400,0,7,left_ear,847.76,504.04,-0.3134,-0.2680,0.3457,1.000,1.000
61,2.4400,0,8,right_ear,859.60,490.06,-0.1987,-0.3422,0.3419,0.999,1.000
61,2.4400,0,9,mouth_left,854.68,504.56,-0.2732,-0.2989,0.3957,0.998,1.000
61,2.4400,0,10,mouth_right,858.61,500.58,-0.2176,-0.3121,0.3653,0.998,1.000
61,2.4400,0,11,left_shoulder,844.64,541.58,-0.2964,-0.1258,0.2514,1.000,1.000
61,2.4400,0,12,right_shoulder,889.27,513.12,-0.1879,-0.3060,0.4440,1.000,1.000
61,2.4400,0,13,left_elbow,855.59,598.39,-0.2844,0.0453,0.2123,0.722,1.000
61,2.4400,0,14,right_elbow,908.23,566.24,-0.0953,-0.0638,0.4731,0.001,0.998
61,2.4400,0,15,left_wrist,851.45,612.98,-0.2979,0.1422,0.4243,0.455,1.000
61,2.4400,0,16,right_wrist,874.58,594.99,-0.2152,0.0721,0.6260,0.007,0.999
61,2.4400,0,17,left_pinky,842.96,616.79,-0.3421,0.1346,0.4382,0.571,1.000
61,2.4400,0,18,right_pinky,874.42,586.71,-0.2747,0.0371,0.6203,0.023,0.999
61,2.4400,0,19,left_index,850.53,611.44,-0.3439,0.1354,0.4511,0.488,1.000
61,2.4400,0,20,right_index,866.83,591.73,-0.3214,0.0089,0.6226,0.027,0.999
61,2.4400,0,21,left_thumb,850.11,611.30,-0.2868,0.1375,0.4403,0.452,1.000
61,2.4400,0,22,right_thumb,868.05,597.66,-0.2583,0.0818,0.6236,0.026,0.999
61,2.4400,0,23,left_hip,914.07,588.80,-0.0821,0.0284,-0.0022,1.000,1.000
61,2.4400,0,24,right_hip,956.59,569.40,0.0710,-0.0317,0.0037,1.000,1.000
61,2.4400,0,25,left_knee,915.84,693.70,-0.0382,0.3872,0.0293,0.993,1.000
61,2.4400,0,26,right_knee,1012.09,671.10,0.2146,0.2832,-0.0849,0.996,1.000
61,2.4400,0,27,left_ankle,943.62,796.02,-0.0034,0.6903,0.0061,0.982,1.000
61,2.4400,0,28,right_ankle,1061.68,619.94,0.4155,0.1706,-0.1065,0.974,1.000
61,2.4400,0,29,left_heel,950.48,809.22,-0.0033,0.7409,0.0060,0.996,1.000
61,2.4400,0,30,right_heel,1060.60,605.03,0.4271,0.1683,-0.1555,0.997,1.000
61,2.4400,0,31,left_foot_index,920.54,807.72,-0.0569,0.8232,0.0273,0.970,1.000
61,2.4400,0,32,right_foot_index,1101.00,609.70,0.4177,0.1393,-0.1779,0.980,1.000
62,2.4800,0,0,nose,854.57,496.89,-0.2800,-0.3619,0.3321,0.998,1.000
62,2.4800,0,1,left_eye_inner,849.34,494.59,-0.2924,-0.3582,0.3283,0.999,1.000
62,2.4800,0,2,left_eye,847.26,496.45,-0.2882,-0.3560,0.3454,0.999,1.000
62,2.4800,0,3,left_eye_outer,845.59,497.76,-0.2949,-0.3584,0.3347,0.999,1.000
62,2.4800,0,4,right_eye_inner,854.80,491.11,-0.2829,-0.3856,0.3160,0.999,1.000
62,2.4800,0,5,right_eye,856.67,489.48,-0.2818,-0.3860,0.3082,0.999,1.000
62,2.4800,0,6,right_eye_outer,858.06,488.58,-0.2674,-0.3834,0.3215,0.999,1.000
62,2.4800,0,7,left_ear,845.75,503.44,-0.3014,-0.3213,0.3098,1.000,1.000
62,2.4800,0,8,right_ear,862.75,492.20,-0.2025,-0.3605,0.3097,0.999,1.000
62,2.4800,0,9,mouth_left,853.60,505.12,-0.2705,-0.3426,0.3422,0.999,1.000
62,2.4800,0,10,mouth_right,859.61,501.13,-0.2209,-0.3437,0.3090,0.999,1.000
62,2.4800,0,11,left_shoulder,842.44,544.18,-0.2908,-0.1678,0.1763,1.000,1.000
62,2.4800,0,12,right_shoulder,886.13,523.32,-0.1836,-0.3199,0.4081,1.000,1.000
62,2.4800,0,13,left_elbow,859.00,597.73,-0.2742,0.0067,0.0507,0.987,1.000
62,2.4800,0,14,right_elbow,916.85,569.08,-0.0599,-0.0835,0.4150,0.032,0.999
62,2.4800,0,15,left_wrist,841.97,613.90,-0.2967,0.1349,0.1220,0.931,1.000
62,2.4800,0,16,right_wrist,901.73,608.72,-0.1479,0.1348,0.5115,0.014,0.999
62,2.4800,0,17,left_pinky,836.79,618.67,-0.3365,0.1204,0.1198,0.938,1.000
62,2.4800,0,18,right_pinky,898.05,610.52,-0.1912,0.1207,0.5093,0.030,0.999
62,2.4800,0,19,left_index,836.86,614.29,-0.3365,0.1246,0.1381,0.918,1.000
62,2.4800,0,20,right_index,889.43,614.60,-0.2414,0.0959,0.5103,0.033,0.999
62,2.4800,0,21,left_thumb,840.83,613.01,-0.2866,0.1303,0.1360,0.882,1.000
62,2.4800,0,22,right_thumb,888.47,615.63,-0.1873,0.1428,0.5073,0.034,1.000
62,2.4800,0,23,left_hip,913.11,600.58,-0.0718,0.0134,-0.0128,1.000,1.000
62,2.4800,0,24,right_hip,953.00,580.14,0.0635,-0.0171,0.0139,1.000,1.000
62,2.4800,0,25,left_knee,915.94,700.25,-0.0361,0.3948,0.0222,0.998,1.000
62,2.4800,0,26,right_knee,1004.82,685.73,0.1848,0.3381,-0.0419,0.997,1.000
62,2.4800,0,27,left_ankle,945.28,801.27,0.0207,0.7420,0.0394,0.998,1.000
62,2.4800,0,28,right_ankle,1052.67,622.85,0.4246,0.2013,-0.0249,0.984,1.000
62,2.4800,0,29,left_heel,954.73,814.40,0.0224,0.7993,0.0517,0.999,1.000
62,2.4800,0,30,right_heel,1073.08,623.60,0.4409,0.1898,-0.0725,0.998,1.000
62,2.4800,0,31,left_foot_index,922.31,810.16,-0.0236,0.8636,0.0701,0.995,1.000
62,2.4800,0,32,right_foot_index,1085.85,606.83,0.4420,0.1518,-0.0979,0.986,1.000
63,2.5200,0,0,nose,851.79,495.84,-0.3522,-0.3550,0.3811,0.998,1.000
63,2.5200,0,1,left_eye_inner,848.18,492.73,-0.3632,-0.3534,0.3724,0.996,1.000
63,2.5200,0,2,left_eye,846.65,494.26,-0.3622,-0.3525,0.3815,0.996,1.000
63,2.5200,0,3,left_eye_outer,845.19,495.77,-0.3638,-0.3571,0.3762,0.996,1.000
63,2.5200,0,4,right_eye_inner,852.90,488.53,-0.3464,-0.3856,0.3610,0.997,1.000
63,2.5200,0,5,right_eye,854.60,487.36,-0.3442,-0.3864,0.3512,0.997,1.000
63,2.5200,0,6,right_eye_outer,856.23,486.28,-0.3300,-0.3839,0.3666,0.998,1.000
63,2.5200,0,7,left_ear,845.69,500.47,-0.3654,-0.3335,0.3123,0.998,1.000
63,2.5200,0,8,right_ear,860.21,488.45,-0.2412,-0.3678,0.3370,0.997,1.000
63,2.5200,0,9,mouth_left,851.46,504.19,-0.3366,-0.3531,0.3711,0.995,1.000
63,2.5200,0,10,mouth_right,856.74,500.42,-0.2821,-0.3494,0.3549,0.995,1.000
63,2.5200,0,11,left_shoulder,845.47,540.45,-0.3587,-0.1967,0.2161,1.000,1.000
63,2.5200,0,12,right_shoulder,899.04,524.50,-0.2043,-0.3114,0.4177,1.000,1.000
63,2.5200,0,13,left_elbow,855.60,583.88,-0.3614,-0.0838,0.1637,0.579,1.000
63,2.5200,0,14,right_elbow,908.48,589.04,-0.1545,-0.0486,0.4499,0.011,1.000
63,2.5200,0,15,left_wrist,853.57,608.51,-0.3628,0.0373,0.3277,0.538,1.000
63,2.5200,0,16,right_wrist,874.94,612.56,-0.2850,0.0698,0.5257,0.069,1.000
63,2.5200,0,17,left_pinky,847.81,613.81,-0.4079,0.0325,0.3556,0.543,1.000
63,2.5200,0,18,right_pinky,865.78,619.15,-0.3341,0.0200,0.5127,0.115,1.000
63,2.5200,0,19,left_index,846.22,611.18,-0.3830,0.0362,0.3719,0.501,1.000
63,2.5200,0,20,right_index,859.28,617.07,-0.3534,-0.0145,0.5041,0.121,1.000
63,2.5200,0,21,left_thumb,848.21,609.63,-0.3431,0.0373,0.3487,0.405,1.000
63,2.5200,0,22,right_thumb,866.84,616.99,-0.3170,0.0727,0.5123,0.119,1.000
63,2.5200,0,23,left_hip,919.73,601.52,-0.0591,0.0224,-0.0321,1.000,1.000
63,2.5200,0,24,right_hip,954.51,599.02,0.0529,-0.0282,0.0346,1.000,1.000
63,2.5200,0,25,left_knee,927.46,709.14,0.0438,0.3576,-0.0758,0.978,1.000
63,2.5200,0,26,right_knee,976.63,700.24,0.0662,0.3417,0.0003,0.858,1.000
63,2.5200,0,27,left_ankle,1021.33,648.98,0.2832,0.2006,-0.0913,0.763,1.000
63,2.5200,0,28,right_ankle,946.39,800.88,0.0606,0.6816,-0.0310,0.808,0.999
63,2.5200,0,29,left_heel,1022.04,628.45,0.3037,0.1986,-0.0817,0.875,0.999
63,2.5200,0,30,right_heel,954.39,814.26,0.0470,0.7233,-0.0768,0.934,1.000
63,2.5200,0,31,left_foot_index,1036.94,667.51,0.3067,0.2138,-0.0239,0.641,0.999
63,2.5200,0,32,right_foot_index,927.28,810.14,-0.0721,0.7356,-0.0419,0.742,0.998
64,2.5600,0,0,nose,862.61,513.69,-0.2314,-0.2391,0.4361,0.922,1.000
64,2.5600,0,1,left_eye_inner,861.46,509.99,-0.2443,-0.2322,0.4395,0.918,1.000
64,2.5600,0,2,left_eye,860.90,510.00,-0.2412,-0.2287,0.4520,0.905,1.000
64,2.5600,0,3,left_eye_outer,860.07,509.83,-0.2458,-0.2351,0.4438,0.933,1.000
64,2.5600,0,4,right_eye_inner,863.07,503.60,-0.2391,-0.2604,0.4254,0.960,1.000
64,2.5600,0,5,right_eye,863.20,502.78,-0.2376,-0.2628,0.4135,0.960,1.000
64,2.5600,0,6,right_eye_outer,863.08,501.71,-0.2245,-0.2608,0.4276,0.974,1.000
64,2.5600,0,7,left_ear,858.70,515.59,-0.2771,-0.2109,0.4282,0.960,1.000
64,2.5600,0,8,right_ear,864.93,506.44,-0.1752,-0.2443,0.4077,0.940,1.000
64,2.5600,0,9,mouth_left,865.37,523.19,-0.2311,-0.2361,0.4347,0.926,1.000
64,2.5600,0,10,mouth_right,866.83,521.67,-0.1787,-0.2392,0.4072,0.933,1.000
64,2.5600,0,11,left_shoulder,844.46,555.36,-0.2791,-0.1090,0.3400,1.000,1.000
64,2.5600,0,12,right_shoulder,890.86,540.65,-0.1859,-0.1738,0.4293,1.000,1.000
64,2.5600,0,13,left_elbow,840.30,592.74,-0.3196,-0.0094,0.3408,0.013,1.000
64,2.5600,0,14,right_elbow,916.80,594.40,-0.0797,0.0160,0.3220,0.003,0.995
64,2.5600,0,15,left_wrist,849.15,602.80,-0.3328,0.0807,0.5722,0.016,0.999
64,2.5600,0,16,right_wrist,869.85,611.51,-0.2060,0.1055,0.2822,0.008,0.996
64,2.5600,0,17,left_pinky,838.14,606.45,-0.3965,0.0826,0.6089,0.027,0.999
64,2.5600,0,18,right_pinky,855.02,612.03,-0.2824,0.0609,0.2426,0.015,0.996
64,2.5600,0,19,left_index,838.33,605.69,-0.3777,0.0811,0.6194,0.025,0.998
64,2.5600,0,20,right_index,855.43,615.78,-0.3119,0.0291,0.2416,0.015,0.996
64,2.5600,0,21,left_thumb,846.22,605.25,-0.3186,0.0728,0.5947,0.020,0.999
64,2.5600,0,22,right_thumb,857.20,612.94,-0.2347,0.1110,0.2683,0.013,0.997
64,2.5600,0,23,left_hip,908.86,596.25,-0.0601,0.0139,-0.0046,1.000,1.000
64,2.5600,0,24,right_hip,940.05,590.60,0.0523,-0.0189,0.0096,1.000,1.000
64,2.5600,0,25,left_knee,876.89,649.35,-0.1271,0.1822,-0.0468,0.351,1.000
64,2.5600,0,26,right_knee,976.78,692.04,0.1310,0.2654,-0.0226,0.264,1.000
64,2.5600,0,27,left_ankle,955.39,674.44,0.0514,0.2326,-0.1322,0.150,0.998
64,2.5600,0,28,right_ankle,1001.63,720.68,0.1588,0.4187,-0.0704,0.237,0.996
64,2.5600,0,29,left_heel,975.35,670.63,0.0715,0.2588,-0.1322,0.439,0.995
64,2.5600,0,30,right_heel,1007.45,725.19,0.1572,0.4430,-0.1217,0.672,0.997
64,2.5600,0,31,left_foot_index,961.81,694.84,0.0682,0.3323,-0.1035,0.088,0.991
64,2.5600,0,32,right_foot_index,997.09,739.06,0.0764,0.4511,-0.1156,0.157,0.991
65,2.6000,0,0,nose,856.35,493.29,-0.3874,-0.5016,0.1922,0.998,1.000
65,2.6000,0,1,left_eye_inner,852.28,488.93,-0.3989,-0.5080,0.1634,0.999,1.000
65,2.6000,0,2,left_eye,850.36,489.64,-0.4007,-0.5096,0.1700,0.999,1.000
65,2.6000,0,3,left_eye_outer,848.56,490.43,-0.3998,-0.5126,0.1681,0.999,1.000
65,2.6000,0,4,right_eye_inner,857.98,485.77,-0.3789,-0.5357,0.1492,0.998,1.000
65,2.6000,0,5,right_eye,859.93,484.44,-0.3772,-0.5370,0.1389,0.998,1.000
65,2.6000,0,6,right_eye_outer,861.70,483.32,-0.3645,-0.5334,0.1569,0.998,1.000
65,2.6000,0,7,left_ear,848.45,492.79,-0.3975,-0.4742,0.0724,0.999,1.000
65,2.6000,0,8,right_ear,864.06,485.29,-0.2629,-0.5078,0.0994,0.996,1.000
65,2.6000,0,9,mouth_left,855.13,500.10,-0.3730,-0.4881,0.1809,0.998,1.000
65,2.6000,0,10,mouth_right,861.49,496.66,-0.3206,-0.4807,0.1579,0.997,1.000
65,2.6000,0,11,left_shoulder,852.28,526.42,-0.3702,-0.3424,0.0178,1.000,1.000
65,2.6000,0,12,right_shoulder,888.11,513.94,-0.2406,-0.4623,0.2330,1.000,1.000
65,2.6000,0,13,left_elbow,864.80,571.08,-0.3533,-0.2322,-0.1091,0.947,1.000
65,2.6000,0,14,right_elbow,876.70,562.78,-0.2837,-0.2689,0.2781,0.196,1.000
65,2.6000,0,15,left_wrist,863.72,601.81,-0.3517,-0.0797,-0.1102,0.889,1.000
65,2.6000,0,16,right_wrist,853.31,587.47,-0.4175,-0.1656,0.3194,0.667,1.000
65,2.6000,0,17,left_pinky,865.86,614.96,-0.3677,-0.0663,-0.1037,0.871,1.000
65,2.6000,0,18,right_pinky,843.52,590.73,-0.4317,-0.2043,0.3071,0.725,1.000
65,2.6000,0,19,left_index,862.36,612.85,-0.3633,-0.0523,-0.0877,0.860,1.000
65,2.6000,0,20,right_index,840.53,591.04,-0.4622,-0.2290,0.2898,0.730,1.000
65,2.6000,0,21,left_thumb,863.13,606.98,-0.3342,-0.0670,-0.0997,0.755,1.000
65,2.6000,0,22,right_thumb,844.28,589.77,-0.4457,-0.1703,0.3109,0.668,1.000
65,2.6000,0,23,left_hip,927.38,626.89,-0.0388,0.0220,-0.0239,1.000,1.000
65,2.6000,0,24,right_hip,955.05,617.19,0.0358,-0.0284,0.0229,1.000,1.000
65,2.6000,0,25,left_knee,922.55,712.22,-0.0418,0.4056,0.0164,0.931,1.000
65,2.6000,0,26,right_knee,960.60,695.25,0.0598,0.2405,-0.0046,0.927,1.000
65,2.6000,0,27,left_ankle,944.15,796.92,0.0336,0.7033,0.0349,0.973,1.000
65,2.6000,0,28,right_ankle,1030.08,672.97,0.3055,0.3118,0.0206,0.886,1.000
65,2.6000,0,29,left_heel,956.35,815.12,0.0242,0.7552,0.0486,0.976,1.000
65,2.6000,0,30,right_heel,1037.91,661.46,0.3157,0.3156,-0.0077,0.950,1.000
65,2.6000,0,31,left_foot_index,914.65,809.86,-0.0108,0.8142,0.0646,0.914,1.000
65,2.6000,0,32,right_foot_index,1060.91,692.49,0.3568,0.3229,0.0341,0.770,1.000
66,2.6400,0,0,nose,850.96,488.62,-0.3674,-0.5467,0.0998,0.999,1.000
66,2.6400,0,1,left_eye_inner,848.37,481.76,-0.3682,-0.5599,0.0617,0.999,1.000
66,2.6400,0,2,left_eye,846.49,482.36,-0.3691,-0.5607,0.0707,0.999,1.000
66,2.6400,0,3,left_eye_outer,844.73,482.87,-0.3685,-0.5630,0.0676,0.999,1.000
66,2.6400,0,4,right_eye_inner,853.97,479.31,-0.3484,-0.5845,0.0638,0.998,1.000
66,2.6400,0,5,right_eye,855.94,478.42,-0.3474,-0.5845,0.0524,0.999,1.000
66,2.6400,0,6,right_eye_outer,857.55,477.80,-0.3351,-0.5768,0.0716,0.999,1.000
66,2.6400,0,7,left_ear,847.45,484.23,-0.3266,-0.5396,-0.0425,0.999,1.000
66,2.6400,0,8,right_ear,861.89,479.78,-0.2128,-0.5503,0.0458,0.997,1.000
66,2.6400,0,9,mouth_left,851.14,495.27,-0.3373,-0.5376,0.0836,0.999,1.000
66,2.6400,0,10,mouth_right,856.54,493.13,-0.2949,-0.5223,0.0785,0.998,1.000
66,2.6400,0,11,left_shoulder,856.75,516.38,-0.2813,-0.4043,-0.0775,1.000,1.000
66,2.6400,0,12,right_shoulder,892.60,510.24,-0.1678,-0.5174,0.2134,1.000,1.000
66,2.6400,0,13,left_elbow,865.13,561.88,-0.2504,-0.2677,-0.1871,0.976,1.000
66,2.6400,0,14,right_elbow,882.45,559.57,-0.2023,-0.2952,0.2539,0.111,1.000
66,2.6400,0,15,left_wrist,863.90,600.64,-0.2733,-0.1183,-0.1494,0.970,1.000
66,2.6400,0,16,right_wrist,856.23,585.34,-0.3303,-0.1885,0.2576,0.606,1.000
66,2.6400,0,17,left_pinky,866.32,615.68,-0.2945,-0.1038,-0.1466,0.962,1.000
66,2.6400,0,18,right_pinky,847.38,589.57,-0.3373,-0.2132,0.2414,0.676,1.000
66,2.6400,0,19,left_index,864.08,610.62,-0.3034,-0.0889,-0.1327,0.958,1.000
66,2.6400,0,20,right_index,841.89,586.40,-0.3591,-0.2376,0.2210,0.671,1.000
66,2.6400,0,21,left_thumb,865.38,605.13,-0.2630,-0.1009,-0.1389,0.912,1.000
66,2.6400,0,22,right_thumb,844.74,585.17,-0.3522,-0.1938,0.2436,0.638,1.000
66,2.6400,0,23,left_hip,916.14,626.27,-0.0397,0.0203,-0.0462,1.000,1.000
66,2.6400,0,24,right_hip,944.25,618.71,0.0390,-0.0264,0.0462,1.000,1.000
66,2.6400,0,25,left_knee,919.70,714.51,-0.0081,0.4067,0.0052,0.981,1.000
66,2.6400,0,26,right_knee,947.95,686.26,0.1030,0.2443,0.0911,0.931,1.000
66,2.6400,0,27,left_ankle,944.49,797.92,0.0979,0.7125,0.0433,0.995,1.000
66,2.6400,0,28,right_ankle,1020.56,700.19,0.3754,0.4394,0.1400,0.954,1.000
66,2.6400,0,29,left_heel,956.53,813.37,0.0872,0.7593,0.0558,0.986,1.000
66,2.6400,0,30,right_heel,1037.43,695.48,0.3906,0.4555,0.1109,0.970,1.000
66,2.6400,0,31,left_foot_index,914.21,807.93,0.0236,0.8093,0.0554,0.981,1.000
66,2.6400,0,32,right_foot_index,1042.19,743.55,0.3719,0.4905,0.1462,0.912,1.000
67,2.6800,0,0,nose,851.61,483.24,-0.3446,-0.5391,0.1478,0.962,1.000
67,2.6800,0,1,left_eye_inner,849.26,476.38,-0.3439,-0.5518,0.1111,0.954,1.000
67,2.6800,0,2,left_eye,847.91,476.40,-0.3454,-0.5522,0.1192,0.962,1.000
67,2.6800,0,3,left_eye_outer,846.63,476.53,-0.3448,-0.5549,0.1155,0.974,1.000
67,2.6800,0,4,right_eye_inner,855.06,474.80,-0.3263,-0.5718,0.1121,0.939,0.999
67,2.6800,0,5,right_eye,857.39,474.00,-0.3245,-0.5735,0.0992,0.941,0.999
67,2.6800,0,6,right_eye_outer,859.56,473.31,-0.3124,-0.5663,0.1190,0.947,0.999
67,2.6800,0,7,left_ear,847.29,478.64,-0.3212,-0.5385,0.0035,0.980,1.000
67,2.6800,0,8,right_ear,863.15,474.46,-0.1931,-0.5438,0.0871,0.895,0.998
67,2.6800,0,9,mouth_left,851.50,489.24,-0.3227,-0.5329,0.1276,0.975,1.000
67,2.6800,0,10,mouth_right,857.03,487.89,-0.2749,-0.5166,0.1207,0.947,0.999
67,2.6800,0,11,left_shoulder,852.02,509.70,-0.2859,-0.4099,-0.0785,1.000,1.000
67,2.6800,0,12,right_shoulder,890.89,505.00,-0.1589,-0.5111,0.2119,0.999,0.999
67,2.6800,0,13,left_elbow,861.43,550.83,-0.2523,-0.2799,-0.2583,0.975,1.000
67,2.6800,0,14,right_elbow,876.64,549.89,-0.1817,-0.2843,0.1840,0.042,0.999
67,2.6800,0,15,left_wrist,860.90,590.41,-0.2569,-0.1059,-0.3023,0.965,1.000
67,2.6800,0,16,right_wrist,848.73,572.68,-0.3123,-0.1651,0.1225,0.368,1.000
67,2.6800,0,17,left_pinky,863.80,607.02,-0.2628,-0.0809,-0.3100,0.957,1.000
67,2.6800,0,18,right_pinky,840.23,576.17,-0.3183,-0.1823,0.0981,0.501,1.000
67,2.6800,0,19,left_index,861.17,602.87,-0.2728,-0.0583,-0.2949,0.952,1.000
67,2.6800,0,20,right_index,837.83,575.79,-0.3444,-0.2086,0.0746,0.494,1.000
67,2.6800,0,21,left_thumb,861.77,596.83,-0.2435,-0.0847,-0.2932,0.892,1.000
67,2.6800,0,22,right_thumb,841.86,574.40,-0.3344,-0.1692,0.1066,0.449,1.000
67,2.6800,0,23,left_hip,911.81,619.02,-0.0486,0.0233,-0.0474,1.000,1.000
67,2.6800,0,24,right_hip,942.30,609.89,0.0483,-0.0285,0.0477,1.000,1.000
67,2.6800,0,25,left_knee,914.26,709.06,-0.0143,0.4071,-0.0176,0.962,1.000
67,2.6800,0,26,right_knee,938.60,681.40,0.0850,0.2594,0.0985,0.804,1.000
67,2.6800,0,27,left_ankle,944.69,795.93,0.1055,0.7225,-0.0385,0.990,1.000
67,2.6800,0,28,right_ankle,1010.12,728.11,0.3258,0.5411,0.1279,0.930,1.000
67,2.6800,0,29,left_heel,957.21,811.63,0.0988,0.7729,-0.0303,0.979,1.000
67,2.6800,0,30,right_heel,1026.03,726.08,0.3365,0.5675,0.0934,0.964,1.000
67,2.6800,0,31,left_foot_index,911.70,807.20,0.0300,0.8299,-0.0386,0.960,1.000
67,2.6800,0,32,right_foot_index,1017.02,768.81,0.2978,0.6148,0.1276,0.863,1.000
68,2.7200,0,0,nose,855.60,484.35,-0.3356,-0.4624,0.2732,0.993,1.000
68,2.7200,0,1,left_eye_inner,852.40,479.08,-0.3388,-0.4712,0.2486,0.990,1.000
68,2.7200,0,2,left_eye,850.57,479.58,-0.3397,-0.4700,0.2565,0.992,1.000
68,2.7200,0,3,left_eye_outer,848.52,480.45,-0.3397,-0.4749,0.2498,0.995,1.000
68,2.7200,0,4,right_eye_inner,858.65,476.02,-0.3211,-0.4946,0.2412,0.989,1.000
68,2.7200,0,5,right_eye,860.66,474.92,-0.3197,-0.4963,0.2292,0.988,1.000
68,2.7200,0,6,right_eye_outer,862.44,473.83,-0.3062,-0.4920,0.2468,0.989,1.000
68,2.7200,0,7,left_ear,849.30,480.70,-0.3420,-0.4581,0.1531,0.995,1.000
68,2.7200,0,8,right_ear,865.02,474.37,-0.2059,-0.4902,0.2058,0.975,1.000
68,2.7200,0,9,mouth_left,854.56,490.79,-0.3242,-0.4525,0.2556,0.994,1.000
68,2.7200,0,10,mouth_right,860.78,488.31,-0.2709,-0.4457,0.2378,0.986,1.000
68,2.7200,0,11,left_shoulder,840.06,514.82,-0.3419,-0.3370,0.0333,1.000,1.000
68,2.7200,0,12,right_shoulder,889.69,507.22,-0.1814,-0.4525,0.2838,1.000,1.000
68,2.7200,0,13,left_elbow,851.19,549.26,-0.3353,-0.2377,-0.1920,0.961,1.000
68,2.7200,0,14,right_elbow,882.22,551.38,-0.1626,-0.2158,0.2797,0.043,1.000
68,2.7200,0,15,left_wrist,854.68,582.67,-0.3074,-0.0677,-0.3069,0.964,1.000
68,2.7200,0,16,right_wrist,864.47,582.24,-0.2663,-0.0583,0.2595,0.201,1.000
68,2.7200,0,17,left_pinky,858.87,594.10,-0.2994,-0.0544,-0.3192,0.959,1.000
68,2.7200,0,18,right_pinky,865.27,595.29,-0.2680,-0.0836,0.2402,0.313,1.000
68,2.7200,0,19,left_index,857.19,591.98,-0.2880,-0.0301,-0.3009,0.954,1.000
68,2.7200,0,20,right_index,859.07,593.36,-0.2956,-0.1005,0.2170,0.307,1.000
68,2.7200,0,21,left_thumb,858.34,588.97,-0.2833,-0.0533,-0.2968,0.897,1.000
68,2.7200,0,22,right_thumb,860.31,590.71,-0.2886,-0.0571,0.2451,0.260,1.000
68,2.7200,0,23,left_hip,912.52,609.64,-0.0500,0.0325,-0.0322,1.000,1.000
68,2.7200,0,24,right_hip,947.26,600.60,0.0476,-0.0383,0.0334,1.000,1.000
68,2.7200,0,25,left_knee,910.38,696.73,-0.0316,0.4072,0.0113,0.960,1.000
68,2.7200,0,26,right_knee,932.82,683.94,0.0333,0.3050,0.1178,0.854,1.000
68,2.7200,0,27,left_ankle,942.42,791.98,0.0839,0.7575,-0.0259,0.981,1.000
68,2.7200,0,28,right_ankle,986.86,753.81,0.2103,0.6516,0.1158,0.956,1.000
68,2.7200,0,29,left_heel,953.88,806.71,0.0797,0.8149,-0.0175,0.983,1.000
68,2.7200,0,30,right_heel,1001.90,763.58,0.2120,0.6891,0.0733,0.981,1.000
68,2.7200,0,31,left_foot_index,914.97,806.57,-0.0075,0.8617,-0.0336,0.951,1.000
68,2.7200,0,32,right_foot_index,977.24,780.98,0.1276,0.7060,0.0808,0.914,1.000
69,2.7600,0,0,nose,851.84,486.53,-0.3303,-0.5187,0.2010,0.991,1.000
69,2.7600,0,1,left_eye_inner,848.92,479.96,-0.3344,-0.5255,0.1669,0.985,1.000
69,2.7600,0,2,left_eye,847.56,479.95,-0.3362,-0.5246,0.1733,0.986,1.000
69,2.7600,0,3,left_eye_outer,846.29,480.03,-0.3354,-0.5283,0.1700,0.992,1.000
69,2.7600,0,4,right_eye_inner,854.99,477.78,-0.3165,-0.5468,0.1642,0.982,1.000
69,2.7600,0,5,right_eye,857.71,476.42,-0.3143,-0.5479,0.1525,0.981,1.000
69,2.7600,0,6,right_eye_outer,860.20,475.24,-0.3019,-0.5418,0.1713,0.984,1.000
69,2.7600,0,7,left_ear,846.57,480.27,-0.3277,-0.5099,0.0645,0.992,1.000
69,2.7600,0,8,right_ear,864.02,474.14,-0.1976,-0.5208,0.1327,0.960,1.000
69,2.7600,0,9,mouth_left,851.99,491.18,-0.3135,-0.5117,0.1825,0.991,1.000
69,2.7600,0,10,mouth_right,857.44,489.28,-0.2635,-0.4965,0.1723,0.979,1.000
69,2.7600,0,11,left_shoulder,846.74,507.14,-0.3021,-0.3902,-0.0232,1.000,1.000
69,2.7600,0,12,right_shoulder,893.30,500.40,-0.1585,-0.5002,0.2370,0.999,1.000
69,2.7600,0,13,left_elbow,858.51,549.04,-0.2787,-0.2575,-0.1890,0.978,1.000
69,2.7600,0,14,right_elbow,883.33,548.04,-0.1674,-0.2767,0.1988,0.055,0.999
69,2.7600,0,15,left_wrist,856.50,585.15,-0.2783,-0.0918,-0.2113,0.972,1.000
69,2.7600,0,16,right_wrist,851.43,562.25,-0.3164,-0.1725,0.1375,0.397,1.000
69,2.7600,0,17,left_pinky,857.19,599.83,-0.2828,-0.0674,-0.2144,0.962,1.000
69,2.7600,0,18,right_pinky,843.27,566.22,-0.3256,-0.1966,0.1095,0.508,1.000
69,2.7600,0,19,left_index,855.59,596.30,-0.2850,-0.0454,-0.1987,0.958,1.000
69,2.7600,0,20,right_index,838.93,564.35,-0.3517,-0.2249,0.0927,0.496,1.000
69,2.7600,0,21,left_thumb,857.25,589.89,-0.2621,-0.0725,-0.2028,0.903,1.000
69,2.7600,0,22,right_thumb,843.43,565.61,-0.3402,-0.1769,0.1261,0.444,1.000
69,2.7600,0,23,left_hip,908.59,614.37,-0.0485,0.0277,-0.0445,1.000,1.000
69,2.7600,0,24,right_hip,940.88,603.30,0.0471,-0.0331,0.0456,1.000,1.000
69,2.7600,0,25,left_knee,909.63,697.21,-0.0423,0.4025,-0.0224,0.961,1.000
69,2.7600,0,26,right_knee,930.17,683.15,0.0417,0.2833,0.0965,0.661,1.000
69,2.7600,0,27,left_ankle,944.40,789.74,0.0763,0.7621,-0.0537,0.982,1.000
69,2.7600,0,28,right_ankle,964.69,768.67,0.1582,0.6948,0.1353,0.903,1.000
69,2.7600,0,29,left_heel,957.85,803.09,0.0686,0.8192,-0.0486,0.972,1.000
69,2.7600,0,30,right_heel,975.49,781.92,0.1529,0.7368,0.0999,0.955,1.000
69,2.7600,0,31,left_foot_index,915.32,806.77,-0.0312,0.8591,-0.0707,0.939,1.000
69,2.7600,0,32,right_foot_index,949.69,787.03,0.0456,0.7544,0.1152,0.822,1.000
70,2.8000,0,0,nose,859.49,483.65,-0.2947,-0.5142,0.2420,0.998,1.000
70,2.8000,0,1,left_eye_inner,856.01,477.38,-0.2944,-0.5147,0.2163,0.997,1.000
70,2.8000,0,2,left_eye,853.95,477.45,-0.2952,-0.5136,0.2226,0.997,1.000
70,2.8000,0,3,left_eye_outer,852.05,477.60,-0.2954,-0.5170,0.2183,0.998,1.000
70,2.8000,0,4,right_eye_inner,862.45,475.44,-0.2739,-0.5391,0.2101,0.996,1.000
70,2.8000,0,5,right_eye,864.89,474.72,-0.2719,-0.5401,0.1987,0.996,1.000
70,2.8000,0,6,right_eye_outer,866.88,473.83,-0.2578,-0.5338,0.2158,0.996,1.000
70,2.8000,0,7,left_ear,852.60,478.72,-0.2891,-0.4829,0.1198,0.999,1.000
70,2.8000,0,8,right_ear,869.52,474.68,-0.1667,-0.5045,0.1757,0.994,1.000
70,2.8000,0,9,mouth_left,857.90,489.16,-0.2797,-0.4972,0.2276,0.999,1.000
70,2.8000,0,10,mouth_right,864.83,487.91,-0.2324,-0.4867,0.2119,0.997,1.000
70,2.8000,0,11,left_shoulder,843.45,506.82,-0.2812,-0.3566,0.0232,1.000,1.000
70,2.8000,0,12,right_shoulder,890.97,500.85,-0.1479,-0.4825,0.2784,1.000,1.000
70,2.8000,0,13,left_elbow,856.73,548.58,-0.2677,-0.2324,-0.2117,0.995,1.000
70,2.8000,0,14,right_elbow,870.13,540.83,-0.1850,-0.2728,0.3462,0.173,1.000
70,2.8000,0,15,left_wrist,854.01,589.57,-0.2769,-0.0407,-0.3173,0.995,1.000
70,2.8000,0,16,right_wrist,846.16,560.00,-0.3336,-0.1644,0.4180,0.717,1.000
70,2.8000,0,17,left_pinky,856.71,605.62,-0.2769,-0.0191,-0.3262,0.993,1.000
70,2.8000,0,18,right_pinky,839.29,562.79,-0.3354,-0.2006,0.4123,0.780,1.000
70,2.8000,0,19,left_index,854.28,604.62,-0.2757,0.0052,-0.3107,0.992,1.000
70,2.8000,0,20,right_index,836.39,564.02,-0.3586,-0.2257,0.3927,0.774,1.000
70,2.8000,0,21,left_thumb,855.35,599.10,-0.2625,-0.0208,-0.3104,0.982,1.000
70,2.8000,0,22,right_thumb,838.97,563.42,-0.3566,-0.1684,0.4081,0.747,1.000
70,2.8000,0,23,left_hip,906.03,613.18,-0.0454,0.0312,-0.0396,1.000,1.000
70,2.8000,0,24,right_hip,935.72,601.61,0.0424,-0.0376,0.0403,1.000,1.000
70,2.8000,0,25,left_knee,911.39,699.92,-0.0566,0.4142,-0.0200,0.990,1.000
70,2.8000,0,26,right_knee,922.70,687.75,-0.0339,0.3148,0.1560,0.806,1.000
70,2.8000,0,27,left_ankle,940.67,789.74,0.0641,0.7859,-0.0273,0.983,1.000
70,2.8000,0,28,right_ankle,942.33,773.44,0.0392,0.7417,0.2184,0.911,1.000
70,2.8000,0,29,left_heel,950.58,804.61,0.0598,0.8427,-0.0186,0.982,0.999
70,2.8000,0,30,right_heel,951.52,789.76,0.0279,0.7879,0.1836,0.960,1.000
70,2.8000,0,31,left_foot_index,910.14,804.71,-0.0296,0.8842,-0.0204,0.957,0.999
70,2.8000,0,32,right_foot_index,921.16,785.82,-0.0847,0.7866,0.2063,0.858,1.000
71,2.8400,0,0,nose,853.51,484.56,-0.3007,-0.5064,0.2466,0.966,1.000
71,2.8400,0,1,left_eye_inner,850.83,478.60,-0.3027,-0.5096,0.2185,0.941,1.000
71,2.8400,0,2,left_eye,849.39,478.75,-0.3050,-0.5079,0.2263,0.944,1.000
71,2.8400,0,3,left_eye_outer,848.00,478.99,-0.3047,-0.5119,0.2203,0.969,1.000
71,2.8400,0,4,right_eye_inner,856.47,476.27,-0.2876,-0.5324,0.2127,0.929,1.000
71,2.8400,0,5,right_eye,858.99,474.99,-0.2864,-0.5346,0.1994,0.924,1.000
71,2.8400,0,6,right_eye_outer,860.95,474.03,-0.2727,-0.5284,0.2177,0.935,1.000
71,2.8400,0,7,left_ear,848.76,478.77,-0.3155,-0.4866,0.1247,0.980,1.000
71,2.8400,0,8,right_ear,864.02,473.59,-0.1791,-0.5146,0.1687,0.848,1.000
71,2.8400,0,9,mouth_left,852.71,490.30,-0.2938,-0.4960,0.2298,0.982,1.000
71,2.8400,0,10,mouth_right,858.17,488.48,-0.2404,-0.4871,0.2094,0.954,1.000
71,2.8400,0,11,left_shoulder,837.31,508.67,-0.3103,-0.3607,0.0015,1.000,1.000
71,2.8400,0,12,right_shoulder,888.40,499.87,-0.1694,-0.4895,0.2415,0.999,1.000
71,2.8400,0,13,left_elbow,848.80,548.53,-0.3119,-0.2470,-0.2060,0.955,1.000
71,2.8400,0,14,right_elbow,879.42,535.33,-0.1655,-0.2766,0.1456,0.022,0.999
71,2.8400,0,15,left_wrist,848.63,586.94,-0.2902,-0.0545,-0.2843,0.944,1.000
71,2.8400,0,16,right_wrist,849.11,556.37,-0.2896,-0.1485,0.0223,0.127,1.000
71,2.8400,0,17,left_pinky,851.23,601.58,-0.2802,-0.0174,-0.2889,0.928,1.000
71,2.8400,0,18,right_pinky,842.11,561.68,-0.2900,-0.1701,-0.0117,0.234,1.000
71,2.8400,0,19,left_index,848.95,599.70,-0.2696,0.0072,-0.2735,0.918,1.000
71,2.8400,0,20,right_index,840.16,562.73,-0.3121,-0.1882,-0.0268,0.220,1.000
71,2.8400,0,21,left_thumb,849.76,593.86,-0.2656,-0.0357,-0.2731,0.822,1.000
71,2.8400,0,22,right_thumb,840.97,562.49,-0.3101,-0.1475,0.0091,0.179,1.000
71,2.8400,0,23,left_hip,905.02,610.44,-0.0441,0.0371,-0.0295,1.000,1.000
71,2.8400,0,24,right_hip,933.77,597.90,0.0421,-0.0425,0.0318,1.000,1.000
71,2.8400,0,25,left_knee,909.80,699.11,-0.0275,0.4337,-0.0155,0.948,1.000
71,2.8400,0,26,right_knee,912.16,684.88,-0.0724,0.3071,0.1387,0.429,1.000
71,2.8400,0,27,left_ankle,937.48,792.46,0.0632,0.8088,-0.0290,0.943,1.000
71,2.8400,0,28,right_ankle,926.04,769.27,-0.0550,0.7200,0.2219,0.721,1.000
71,2.8400,0,29,left_heel,947.98,807.62,0.0546,0.8688,-0.0178,0.934,1.000
71,2.8400,0,30,right_heel,936.48,778.59,-0.0689,0.7623,0.1854,0.855,1.000
71,2.8400,0,31,left_foot_index,905.61,803.22,-0.0316,0.9059,-0.0346,0.855,1.000
71,2.8400,0,32,right_foot_index,895.02,781.53,-0.1729,0.7578,0.2035,0.575,1.000
72,2.8800,0,0,nose,865.29,468.28,-0.2053,-0.6123,0.0598,1.000,1.000
72,2.8800,0,1,left_eye_inner,862.29,463.33,-0.2105,-0.6230,0.0253,1.000,1.000
72,2.8800,0,2,left_eye,859.82,463.62,-0.2098,-0.6206,0.0348,1.000,1.000
72,2.8800,0,3,left_eye_outer,857.65,463.78,-0.2094,-0.6240,0.0328,1.000,1.000
72,2.8800,0,4,right_eye_inner,868.89,461.98,-0.1799,-0.6384,0.0211,1.000,1.000
72,2.8800,0,5,right_eye,870.87,461.57,-0.1785,-0.6394,0.0070,1.000,1.000
72,2.8800,0,6,right_eye_outer,872.74,461.08,-0.1705,-0.6273,0.0282,1.000,1.000
72,2.8800,0,7,left_ear,856.62,467.41,-0.2056,-0.5842,-0.0729,1.000,1.000
72,2.8800,0,8,right_ear,877.17,464.22,-0.0949,-0.5512,-0.0205,1.000,1.000
72,2.8800,0,9,mouth_left,862.10,473.93,-0.1916,-0.5929,0.0442,1.000,1.000
72,2.8800,0,10,mouth_right,868.82,473.75,-0.1530,-0.5622,0.0275,1.000,1.000
72,2.8800,0,11,left_shoulder,848.71,502.58,-0.2223,-0.4247,-0.0630,1.000,1.000
72,2.8800,0,12,right_shoulder,903.25,501.02,-0.0099,-0.5187,0.1246,1.000,1.000
72,2.8800,0,13,left_elbow,847.91,554.44,-0.2381,-0.2451,-0.1029,0.986,1.000
72,2.8800,0,14,right_elbow,889.46,549.89,-0.0530,-0.2641,0.0983,0.045,1.000
72,2.8800,0,15,left_wrist,844.55,592.78,-0.2273,-0.0597,-0.0094,0.986,1.000
72,2.8800,0,16,right_wrist,845.00,557.58,-0.2606,-0.2008,0.0567,0.607,1.000
72,2.8800,0,17,left_pinky,845.64,605.90,-0.2397,-0.0394,0.0102,0.968,1.000
72,2.8800,0,18,right_pinky,833.04,559.03,-0.2826,-0.2283,0.0374,0.683,1.000
72,2.8800,0,19,left_index,844.86,606.55,-0.2510,-0.0209,0.0143,0.965,1.000
72,2.8800,0,20,right_index,830.00,558.34,-0.3091,-0.2459,0.0300,0.685,1.000
72,2.8800,0,21,left_thumb,845.46,601.91,-0.2190,-0.0326,-0.0046,0.935,1.000
72,2.8800,0,22,right_thumb,832.23,557.96,-0.2886,-0.2072,0.0480,0.633,1.000
72,2.8800,0,23,left_hip,888.31,611.92,-0.0496,0.0376,-0.0036,1.000,1.000
72,2.8800,0,24,right_hip,919.04,602.21,0.0494,-0.0433,0.0044,1.000,1.000
72,2.8800,0,25,left_knee,904.56,695.50,0.0419,0.4544,0.0299,0.987,1.000
72,2.8800,0,26,right_knee,895.75,603.72,-0.0126,-0.0421,0.0916,0.412,1.000
72,2.8800,0,27,left_ankle,922.33,757.62,0.1416,0.7718,0.0818,0.977,0.992
72,2.8800,0,28,right_ankle,894.32,678.85,-0.0459,0.3555,0.1897,0.245,0.998
72,2.8800,0,29,left_heel,926.50,778.89,0.1236,0.8099,0.0941,0.950,0.959
72,2.8800,0,30,right_heel,894.48,694.27,-0.0583,0.3887,0.1608,0.321,0.995
72,2.8800,0,31,left_foot_index,903.24,773.79,0.0623,0.7954,0.0717,0.916,0.980
72,2.8800,0,32,right_foot_index,890.71,684.26,-0.0699,0.3565,0.1710,0.226,0.995
73,2.9200,0,0,nose,864.57,469.92,-0.1811,-0.6150,0.1033,1.000,1.000
73,2.9200,0,1,left_eye_inner,862.29,463.95,-0.1814,-0.6310,0.0627,1.000,1.000
73,2.9200,0,2,left_eye,860.47,464.01,-0.1829,-0.6312,0.0743,1.000,1.000
73,2.9200,0,3,left_eye_outer,858.72,464.04,-0.1796,-0.6339,0.0698,1.000,1.000
73,2.9200,0,4,right_eye_inner,868.40,463.13,-0.1513,-0.6404,0.0681,1.000,1.000
73,2.9200,0,5,right_eye,871.07,462.63,-0.1488,-0.6418,0.0519,1.000,1.000
73,2.9200,0,6,right_eye_outer,873.68,462.13,-0.1435,-0.6277,0.0737,1.000,1.000
73,2.9200,0,7,left_ear,856.05,467.49,-0.1696,-0.6146,-0.0522,1.000,1.000
73,2.9200,0,8,right_ear,878.27,464.64,-0.0526,-0.5503,0.0277,1.000,1.000
73,2.9200,0,9,mouth_left,862.78,475.54,-0.1624,-0.6015,0.0760,1.000,1.000
73,2.9200,0,10,mouth_right,868.30,475.44,-0.1290,-0.5601,0.0694,1.000,1.000
73,2.9200,0,11,left_shoulder,848.50,504.28,-0.1790,-0.4628,-0.1105,1.000,1.000
73,2.9200,0,12,right_shoulder,905.05,503.24,0.0643,-0.5142,0.1275,1.000,1.000
73,2.9200,0,13,left_elbow,846.74,555.43,-0.1925,-0.2857,-0.2043,0.998,1.000
73,2.9200,0,14,right_elbow,899.26,555.62,0.0410,-0.2471,0.0170,0.503,1.000
73,2.9200,0,15,left_wrist,842.78,592.33,-0.2068,-0.0611,-0.1125,0.991,1.000
73,2.9200,0,16,right_wrist,844.94,566.44,-0.1966,-0.1857,-0.1022,0.517,1.000
73,2.9200,0,17,left_pinky,842.70,606.97,-0.2154,-0.0215,-0.0854,0.981,1.000
73,2.9200,0,18,right_pinky,833.82,564.82,-0.2218,-0.1961,-0.1234,0.585,1.000
73,2.9200,0,19,left_index,842.68,607.90,-0.2202,-0.0089,-0.0819,0.980,1.000
73,2.9200,0,20,right_index,829.97,563.74,-0.2433,-0.2182,-0.1283,0.553,1.000
73,2.9200,0,21,left_thumb,844.01,602.07,-0.1980,-0.0316,-0.1052,0.955,1.000
73,2.9200,0,22,right_thumb,834.92,564.24,-0.2226,-0.1945,-0.1131,0.520,1.000
73,2.9200,0,23,left_hip,883.92,617.02,-0.0644,0.0112,-0.0328,1.000,1.000
73,2.9200,0,24,right_hip,913.65,614.07,0.0652,-0.0145,0.0346,1.000,1.000
73,2.9200,0,25,left_knee,901.32,699.45,0.0405,0.4281,-0.0038,0.995,1.000
73,2.9200,0,26,right_knee,899.43,686.93,0.0160,0.2965,0.1894,0.638,1.000
73,2.9200,0,27,left_ankle,936.81,789.69,0.1829,0.7996,-0.0276,0.998,1.000
73,2.9200,0,28,right_ankle,881.77,763.26,-0.0676,0.7085,0.3348,0.912,1.000
73,2.9200,0,29,left_heel,948.76,802.26,0.1689,0.8436,-0.0229,0.995,0.999
73,2.9200,0,30,right_heel,878.32,779.12,-0.0888,0.7463,0.3037,0.950,1.000
73,2.9200,0,31,left_foot_index,907.07,802.84,0.0757,0.8603,-0.0450,0.994,0.999
73,2.9200,0,32,right_foot_index,863.08,774.48,-0.1632,0.7382,0.3227,0.875,1.000
74,2.9600,0,0,nose,865.37,469.63,-0.1349,-0.6129,0.0860,1.000,1.000
74,2.9600,0,1,left_eye_inner,862.57,464.05,-0.1307,-0.6302,0.0474,1.000,1.000
74,2.9600,0,2,left_eye,860.76,463.93,-0.1316,-0.6318,0.0595,1.000,1.000
74,2.9600,0,3,left_eye_outer,858.93,463.86,-0.1275,-0.6333,0.0551,1.000,1.000
74,2.9600,0,4,right_eye_inner,868.60,463.91,-0.1041,-0.6389,0.0548,1.000,1.000
74,2.9600,0,5,right_eye,871.02,463.64,-0.1011,-0.6390,0.0383,1.000,1.000
74,2.9600,0,6,right_eye_outer,873.53,463.31,-0.0979,-0.6249,0.0607,1.000,1.000
74,2.9600,0,7,left_ear,855.81,467.55,-0.1076,-0.6154,-0.0563,1.000,1.000
74,2.9600,0,8,right_ear,878.21,465.83,-0.0156,-0.5483,0.0247,1.000,1.000
74,2.9600,0,9,mouth_left,863.91,474.91,-0.1118,-0.5987,0.0598,1.000,1.000
74,2.9600,0,10,mouth_right,869.11,475.22,-0.0883,-0.5556,0.0545,1.000,1.000
74,2.9600,0,11,left_shoulder,846.17,504.73,-0.1193,-0.4619,-0.1104,1.000,1.000
74,2.9600,0,12,right_shoulder,904.19,504.05,0.0975,-0.5059,0.1250,1.000,1.000
74,2.9600,0,13,left_elbow,843.47,559.47,-0.1381,-0.2512,-0.2048,0.999,1.000
74,2.9600,0,14,right_elbow,894.70,555.01,0.0532,-0.2267,-0.0061,0.910,1.000
74,2.9600,0,15,left_wrist,838.44,597.61,-0.1632,-0.0396,-0.1035,0.996,1.000
74,2.9600,0,16,right_wrist,845.40,566.08,-0.1605,-0.1684,-0.1722,0.894,1.000
74,2.9600,0,17,left_pinky,840.43,611.23,-0.1780,0.0006,-0.0767,0.992,1.000
74,2.9600,0,18,right_pinky,835.12,565.81,-0.1827,-0.1702,-0.2007,0.915,1.000
74,2.9600,0,19,left_index,840.41,611.28,-0.1771,-0.0041,-0.0724,0.992,1.000
74,2.9600,0,20,right_index,834.14,565.25,-0.1900,-0.1996,-0.2039,0.903,1.000
74,2.9600,0,21,left_thumb,841.34,606.88,-0.1560,-0.0169,-0.0985,0.983,1.000
74,2.9600,0,22,right_thumb,836.26,565.68,-0.1801,-0.1797,-0.1835,0.888,1.000
74,2.9600,0,23,left_hip,874.81,614.07,-0.0624,0.0059,-0.0402,1.000,1.000
74,2.9600,0,24,right_hip,903.42,614.34,0.0634,-0.0088,0.0421,1.000,1.000
74,2.9600,0,25,left_knee,897.46,701.35,0.0379,0.4360,-0.0602,0.999,1.000
74,2.9600,0,26,right_knee,893.83,690.69,0.0410,0.3158,0.2026,0.837,1.000
74,2.9600,0,27,left_ankle,934.66,790.32,0.2122,0.7991,-0.1528,1.000,1.000
74,2.9600,0,28,right_ankle,871.28,764.77,-0.0669,0.7099,0.3311,0.980,1.000
74,2.9600,0,29,left_heel,945.23,803.04,0.2028,0.8387,-0.1557,0.999,0.999
74,2.9600,0,30,right_heel,868.15,781.11,-0.0918,0.7452,0.2968,0.991,1.000
74,2.9600,0,31,left_foot_index,912.43,808.87,0.1162,0.8339,-0.1840,0.999,1.000
74,2.9600,0,32,right_foot_index,849.63,763.18,-0.1779,0.7266,0.3210,0.975,1.000
