frame,t,person_id,lm_idx,lm_name,x_px,y_px,x_world,y_world,z_world,visibility,presence
0,0.0000,0,0,nose,1376.13,390.48,-0.0789,-0.5834,-0.2542,0.999,1.000
0,0.0000,0,1,left_eye_inner,1380.58,382.00,-0.0467,-0.6003,-0.2750,0.999,1.000
0,0.0000,0,2,left_eye,1383.73,381.33,-0.0450,-0.5998,-0.2645,0.999,1.000
0,0.0000,0,3,left_eye_outer,1386.62,380.56,-0.0461,-0.6009,-0.2668,0.999,1.000
0,0.0000,0,4,right_eye_inner,1377.82,382.23,-0.0498,-0.6102,-0.2597,0.999,1.000
0,0.0000,0,5,right_eye,1378.40,381.96,-0.0496,-0.6102,-0.2736,0.999,1.000
0,0.0000,0,6,right_eye_outer,1379.02,381.48,-0.0455,-0.5963,-0.2513,0.999,1.000
0,0.0000,0,7,left_ear,1401.19,382.31,0.0674,-0.5775,-0.2763,1.000,1.000
0,0.0000,0,8,right_ear,1391.03,382.54,0.0120,-0.5419,-0.1568,0.997,1.000
0,0.0000,0,9,mouth_left,1384.63,397.73,-0.0225,-0.5644,-0.2435,1.000,1.000
0,0.0000,0,10,mouth_right,1380.63,400.09,-0.0411,-0.5362,-0.2367,0.999,1.000
0,0.0000,0,11,left_shoulder,1442.36,431.19,0.1759,-0.4330,-0.2154,1.000,1.000
0,0.0000,0,12,right_shoulder,1372.28,433.20,-0.0336,-0.5035,0.0263,1.000,1.000
0,0.0000,0,13,left_elbow,1448.87,493.71,0.2030,-0.2595,-0.2880,0.993,1.000
0,0.0000,0,14,right_elbow,1363.61,501.40,-0.0899,-0.1998,0.0137,0.116,1.000
0,0.0000,0,15,left_wrist,1414.47,542.58,0.1023,-0.1020,-0.3185,0.994,1.000
0,0.0000,0,16,right_wrist,1338.41,555.23,-0.1857,-0.0374,-0.0995,0.276,1.000
0,0.0000,0,17,left_pinky,1404.62,560.20,0.0758,-0.0736,-0.3436,0.990,1.000
0,0.0000,0,18,right_pinky,1330.21,569.73,-0.1835,-0.0032,-0.1454,0.309,1.000
0,0.0000,0,19,left_index,1399.15,553.84,0.0206,-0.0883,-0.3475,0.990,1.000
0,0.0000,0,20,right_index,1325.74,569.83,-0.1653,-0.0346,-0.1747,0.337,1.000
0,0.0000,0,21,left_thumb,1400.07,548.53,0.0797,-0.0803,-0.3203,0.978,1.000
0,0.0000,0,22,right_thumb,1330.07,564.93,-0.1791,-0.0367,-0.1239,0.298,1.000
0,0.0000,0,23,left_hip,1414.85,562.31,0.0777,0.0111,-0.0242,1.000,1.000
0,0.0000,0,24,right_hip,1369.26,555.87,-0.0753,-0.0137,0.0265,1.000,1.000
0,0.0000,0,25,left_knee,1422.32,633.00,0.0654,0.3632,0.0620,0.934,1.000
0,0.0000,0,26,right_knee,1349.78,621.49,-0.1336,0.2644,0.1013,0.916,1.000
0,0.0000,0,27,left_ankle,1422.24,697.36,0.1312,0.6097,0.3377,0.917,1.000
0,0.0000,0,28,right_ankle,1331.89,711.04,-0.2303,0.5956,0.2393,0.958,1.000
0,0.0000,0,29,left_heel,1425.62,707.46,0.1175,0.6339,0.3677,0.581,1.000
0,0.0000,0,30,right_heel,1337.62,730.41,-0.2438,0.6231,0.2157,0.900,1.000
0,0.0000,0,31,left_foot_index,1401.77,727.80,0.0703,0.6714,0.3337,0.895,1.000
0,0.0000,0,32,right_foot_index,1290.90,722.04,-0.3400,0.6174,0.1764,0.962,1.000
1,0.0400,0,0,nose,1370.71,393.27,-0.1009,-0.6175,-0.2305,0.999,1.000
1,0.0400,0,1,left_eye_inner,1375.91,384.78,-0.0683,-0.6372,-0.2503,0.999,1.000
1,0.0400,0,2,left_eye,1378.68,384.66,-0.0658,-0.6366,-0.2404,0.999,1.000
1,0.0400,0,3,left_eye_outer,1381.28,384.62,-0.0672,-0.6379,-0.2427,0.999,1.000
1,0.0400,0,4,right_eye_inner,1372.63,384.76,-0.0724,-0.6466,-0.2356,0.999,1.000
1,0.0400,0,5,right_eye,1373.13,384.66,-0.0721,-0.6464,-0.2485,0.999,1.000
1,0.0400,0,6,right_eye_outer,1373.63,384.50,-0.0668,-0.6339,-0.2269,0.999,1.000
1,0.0400,0,7,left_ear,1395.51,386.91,0.0478,-0.6140,-0.2512,1.000,1.000
1,0.0400,0,8,right_ear,1385.15,386.04,-0.0058,-0.5746,-0.1308,0.997,1.000
1,0.0400,0,9,mouth_left,1378.82,400.76,-0.0427,-0.6000,-0.2195,1.000,1.000
1,0.0400,0,10,mouth_right,1374.92,402.64,-0.0597,-0.5699,-0.2132,0.999,1.000
1,0.0400,0,11,left_shoulder,1439.54,432.59,0.1696,-0.4671,-0.1882,1.000,1.000
1,0.0400,0,12,right_shoulder,1365.54,436.29,-0.0571,-0.5259,0.0577,1.000,1.000
1,0.0400,0,13,left_elbow,1449.10,495.23,0.2227,-0.2914,-0.2488,0.997,1.000
1,0.0400,0,14,right_elbow,1360.93,496.03,-0.0996,-0.2379,0.0457,0.234,1.000
1,0.0400,0,15,left_wrist,1419.77,544.80,0.1249,-0.1212,-0.2725,0.998,1.000
1,0.0400,0,16,right_wrist,1340.63,548.09,-0.1762,-0.0734,-0.0834,0.612,1.000
1,0.0400,0,17,left_pinky,1413.40,562.70,0.0962,-0.0877,-0.2939,0.997,1.000
1,0.0400,0,18,right_pinky,1331.70,563.34,-0.1704,-0.0393,-0.1332,0.664,1.000
1,0.0400,0,19,left_index,1405.58,556.61,0.0395,-0.1005,-0.2983,0.997,1.000
1,0.0400,0,20,right_index,1330.43,563.21,-0.1520,-0.0711,-0.1637,0.694,1.000
1,0.0400,0,21,left_thumb,1405.04,550.98,0.1026,-0.0977,-0.2733,0.993,1.000
1,0.0400,0,22,right_thumb,1334.59,559.34,-0.1675,-0.0735,-0.1079,0.651,1.000
1,0.0400,0,23,left_hip,1412.79,565.79,0.0860,0.0075,-0.0186,1.000,1.000
1,0.0400,0,24,right_hip,1369.15,561.00,-0.0835,-0.0108,0.0210,1.000,1.000
1,0.0400,0,25,left_knee,1420.09,632.72,0.0836,0.3661,0.0696,0.929,1.000
1,0.0400,0,26,right_knee,1349.72,626.21,-0.1454,0.2541,-0.0116,0.976,1.000
1,0.0400,0,27,left_ankle,1421.03,700.11,0.1487,0.6221,0.3695,0.917,1.000
1,0.0400,0,28,right_ankle,1333.57,712.04,-0.2005,0.5882,0.0888,0.978,1.000
1,0.0400,0,29,left_heel,1423.95,709.27,0.1332,0.6473,0.4013,0.571,1.000
1,0.0400,0,30,right_heel,1337.37,730.57,-0.2092,0.6140,0.0625,0.936,1.000
1,0.0400,0,31,left_foot_index,1404.87,727.82,0.0913,0.6876,0.3747,0.896,1.000
1,0.0400,0,32,right_foot_index,1295.81,727.82,-0.2968,0.6158,0.0200,0.981,1.000
2,0.0800,0,0,nose,1365.14,392.26,-0.1094,-0.6186,-0.2457,1.000,1.000
2,0.0800,0,1,left_eye_inner,1369.84,384.72,-0.0772,-0.6350,-0.2654,0.999,1.000
2,0.0800,0,2,left_eye,1372.90,384.49,-0.0757,-0.6353,-0.2546,1.000,1.000
2,0.0800,0,3,left_eye_outer,1375.73,384.23,-0.0770,-0.6358,-0.2567,1.000,1.000
2,0.0800,0,4,right_eye_inner,1366.42,385.11,-0.0830,-0.6478,-0.2493,0.999,1.000
2,0.0800,0,5,right_eye,1366.84,385.17,-0.0837,-0.6476,-0.2620,0.999,1.000
2,0.0800,0,6,right_eye_outer,1367.29,385.04,-0.0784,-0.6334,-0.2408,0.999,1.000
2,0.0800,0,7,left_ear,1389.55,387.05,0.0422,-0.6135,-0.2564,1.000,1.000
2,0.0800,0,8,right_ear,1379.06,386.64,-0.0228,-0.5827,-0.1382,0.998,1.000
2,0.0800,0,9,mouth_left,1373.65,400.22,-0.0503,-0.6013,-0.2318,1.000,1.000
2,0.0800,0,10,mouth_right,1368.81,400.99,-0.0703,-0.5737,-0.2244,0.999,1.000
2,0.0800,0,11,left_shoulder,1435.30,433.33,0.1661,-0.4681,-0.1808,1.000,1.000
2,0.0800,0,12,right_shoulder,1359.00,438.32,-0.0652,-0.5413,0.0518,1.000,1.000
2,0.0800,0,13,left_elbow,1449.13,494.78,0.2252,-0.3099,-0.1903,0.997,1.000
2,0.0800,0,14,right_elbow,1354.23,496.05,-0.1069,-0.2525,0.0601,0.390,1.000
2,0.0800,0,15,left_wrist,1424.19,549.69,0.1504,-0.1381,-0.1632,0.998,1.000
2,0.0800,0,16,right_wrist,1338.11,547.92,-0.1843,-0.0935,-0.0568,0.799,1.000
2,0.0800,0,17,left_pinky,1417.74,567.97,0.1253,-0.1072,-0.1770,0.995,1.000
2,0.0800,0,18,right_pinky,1327.76,562.83,-0.1776,-0.0644,-0.1061,0.800,1.000
2,0.0800,0,19,left_index,1408.27,561.49,0.0732,-0.1138,-0.1848,0.995,1.000
2,0.0800,0,20,right_index,1328.13,563.18,-0.1580,-0.0967,-0.1335,0.822,1.000
2,0.0800,0,21,left_thumb,1407.16,555.32,0.1313,-0.1136,-0.1641,0.990,1.000
2,0.0800,0,22,right_thumb,1334.27,559.34,-0.1747,-0.0943,-0.0792,0.783,1.000
2,0.0800,0,23,left_hip,1411.92,570.96,0.0800,0.0106,-0.0242,1.000,1.000
2,0.0800,0,24,right_hip,1365.40,564.00,-0.0780,-0.0133,0.0263,1.000,1.000
2,0.0800,0,25,left_knee,1419.57,641.39,0.0825,0.3505,0.1033,0.952,1.000
2,0.0800,0,26,right_knee,1349.19,632.55,-0.1297,0.2613,0.1403,0.947,1.000
2,0.0800,0,27,left_ankle,1420.40,700.11,0.1523,0.5973,0.3917,0.939,1.000
2,0.0800,0,28,right_ankle,1336.33,717.80,-0.1958,0.5907,0.3178,0.967,1.000
2,0.0800,0,29,left_heel,1423.46,711.34,0.1370,0.6224,0.4233,0.612,1.000
2,0.0800,0,30,right_heel,1344.88,735.73,-0.2060,0.6183,0.2989,0.907,1.000
2,0.0800,0,31,left_foot_index,1403.92,729.47,0.0872,0.6589,0.3960,0.920,1.000
2,0.0800,0,32,right_foot_index,1296.44,737.57,-0.2986,0.6165,0.2695,0.970,1.000
3,0.1200,0,0,nose,1410.81,434.68,-0.0292,-0.6623,0.0116,0.994,1.000
3,0.1200,0,1,left_eye_inner,1411.76,426.33,-0.0242,-0.6693,-0.0297,0.993,1.000
3,0.1200,0,2,left_eye,1410.14,426.26,-0.0241,-0.6687,-0.0185,0.994,1.000
3,0.1200,0,3,left_eye_outer,1408.60,426.18,-0.0231,-0.6706,-0.0211,0.996,1.000
3,0.1200,0,4,right_eye_inner,1418.30,425.64,0.0081,-0.6787,-0.0244,0.992,1.000
3,0.1200,0,5,right_eye,1421.11,425.18,0.0087,-0.6783,-0.0382,0.992,1.000
3,0.1200,0,6,right_eye_outer,1423.64,424.68,0.0147,-0.6624,-0.0170,0.994,1.000
3,0.1200,0,7,left_ear,1412.46,429.22,-0.0081,-0.6158,-0.1374,0.996,1.000
3,0.1200,0,8,right_ear,1429.86,428.00,0.0902,-0.5638,-0.0497,0.983,0.999
3,0.1200,0,9,mouth_left,1408.94,443.26,-0.0120,-0.6342,-0.0058,0.992,1.000
3,0.1200,0,10,mouth_right,1414.57,442.86,0.0134,-0.5998,-0.0099,0.985,1.000
3,0.1200,0,11,left_shoulder,1407.02,476.28,-0.0340,-0.4560,-0.1555,1.000,1.000
3,0.1200,0,12,right_shoulder,1465.40,481.09,0.2050,-0.5233,0.0842,0.999,1.000
3,0.1200,0,13,left_elbow,1394.14,554.92,-0.0346,-0.2599,-0.2226,0.991,1.000
3,0.1200,0,14,right_elbow,1498.11,534.02,0.2606,-0.2849,0.1263,0.150,1.000
3,0.1200,0,15,left_wrist,1370.20,619.98,-0.1142,-0.0674,-0.1362,0.848,1.000
3,0.1200,0,16,right_wrist,1453.05,563.18,0.1148,-0.2149,0.2039,0.015,1.000
3,0.1200,0,17,left_pinky,1366.64,637.93,-0.1352,-0.0535,-0.1270,0.754,1.000
3,0.1200,0,18,right_pinky,1444.95,575.31,0.1201,-0.2187,0.2069,0.015,1.000
3,0.1200,0,19,left_index,1365.59,637.68,-0.1583,-0.0492,-0.1206,0.739,1.000
3,0.1200,0,20,right_index,1440.13,570.38,0.1045,-0.2529,0.2001,0.014,1.000
3,0.1200,0,21,left_thumb,1367.15,631.69,-0.1188,-0.0447,-0.1268,0.597,1.000
3,0.1200,0,22,right_thumb,1443.39,566.33,0.0965,-0.2284,0.1965,0.015,1.000
3,0.1200,0,23,left_hip,1402.07,632.46,-0.0606,0.0044,-0.0340,1.000,1.000
3,0.1200,0,24,right_hip,1432.83,625.57,0.0637,-0.0086,0.0336,1.000,1.000
3,0.1200,0,25,left_knee,1386.87,720.54,-0.1206,0.3362,0.0451,0.880,1.000
3,0.1200,0,26,right_knee,1430.81,705.15,0.0715,0.2661,0.1800,0.224,1.000
3,0.1200,0,27,left_ankle,1369.91,820.52,-0.1762,0.6582,0.0941,0.955,1.000
3,0.1200,0,28,right_ankle,1423.79,805.47,0.0109,0.6524,0.2919,0.625,1.000
3,0.1200,0,29,left_heel,1378.17,840.36,-0.2081,0.6890,0.1070,0.916,0.999
3,0.1200,0,30,right_heel,1427.59,827.92,-0.0037,0.6840,0.2686,0.787,1.000
3,0.1200,0,31,left_foot_index,1315.90,828.66,-0.3256,0.6743,0.1128,0.846,1.000
3,0.1200,0,32,right_foot_index,1392.55,812.89,-0.0635,0.6516,0.2991,0.446,1.000
4,0.1600,0,0,nose,1411.35,435.94,-0.0445,-0.6582,0.0169,0.995,1.000
4,0.1600,0,1,left_eye_inner,1410.56,427.94,-0.0390,-0.6647,-0.0239,0.995,1.000
4,0.1600,0,2,left_eye,1408.84,427.56,-0.0391,-0.6643,-0.0129,0.996,1.000
4,0.1600,0,3,left_eye_outer,1407.13,427.32,-0.0377,-0.6660,-0.0157,0.997,1.000
4,0.1600,0,4,right_eye_inner,1417.74,428.21,-0.0069,-0.6751,-0.0181,0.993,1.000
4,0.1600,0,5,right_eye,1420.67,428.04,-0.0061,-0.6749,-0.0320,0.994,1.000
4,0.1600,0,6,right_eye_outer,1423.56,427.89,0.0008,-0.6592,-0.0110,0.995,1.000
4,0.1600,0,7,left_ear,1410.18,430.41,-0.0208,-0.6092,-0.1355,0.998,1.000
4,0.1600,0,8,right_ear,1430.92,430.30,0.0847,-0.5589,-0.0431,0.984,0.999
4,0.1600,0,9,mouth_left,1409.55,443.46,-0.0260,-0.6300,-0.0018,0.995,1.000
4,0.1600,0,10,mouth_right,1416.43,443.69,0.0025,-0.5959,-0.0052,0.989,1.000
4,0.1600,0,11,left_shoulder,1406.68,478.24,-0.0412,-0.4498,-0.1611,1.000,1.000
4,0.1600,0,12,right_shoulder,1463.48,482.67,0.1905,-0.5169,0.0911,0.999,1.000
4,0.1600,0,13,left_elbow,1392.98,556.57,-0.0422,-0.2583,-0.2408,0.996,1.000
4,0.1600,0,14,right_elbow,1495.82,536.89,0.2458,-0.2794,0.1259,0.217,0.999
4,0.1600,0,15,left_wrist,1370.63,617.27,-0.1232,-0.0671,-0.1791,0.950,1.000
4,0.1600,0,16,right_wrist,1454.37,562.40,0.1002,-0.2159,0.1792,0.017,1.000
4,0.1600,0,17,left_pinky,1365.29,634.81,-0.1445,-0.0543,-0.1755,0.907,1.000
4,0.1600,0,18,right_pinky,1446.13,571.13,0.1067,-0.2241,0.1801,0.016,1.000
4,0.1600,0,19,left_index,1364.35,633.91,-0.1664,-0.0490,-0.1670,0.899,1.000
4,0.1600,0,20,right_index,1439.76,567.29,0.0905,-0.2636,0.1728,0.015,1.000
4,0.1600,0,21,left_thumb,1366.59,627.89,-0.1271,-0.0451,-0.1699,0.805,1.000
4,0.1600,0,22,right_thumb,1442.72,564.63,0.0819,-0.2315,0.1710,0.016,1.000
4,0.1600,0,23,left_hip,1403.75,625.92,-0.0607,0.0064,-0.0393,1.000,1.000
4,0.1600,0,24,right_hip,1432.64,623.77,0.0636,-0.0108,0.0391,1.000,1.000
4,0.1600,0,25,left_knee,1388.22,713.85,-0.1219,0.3337,0.0222,0.921,1.000
4,0.1600,0,26,right_knee,1429.37,704.51,0.0617,0.2694,0.1885,0.251,1.000
4,0.1600,0,27,left_ankle,1368.69,818.33,-0.1844,0.6627,0.0591,0.973,1.000
4,0.1600,0,28,right_ankle,1424.40,803.24,0.0121,0.6532,0.2982,0.687,1.000
4,0.1600,0,29,left_heel,1380.62,838.07,-0.2155,0.6961,0.0717,0.954,0.999
4,0.1600,0,30,right_heel,1426.81,827.86,-0.0012,0.6853,0.2737,0.838,1.000
4,0.1600,0,31,left_foot_index,1316.28,830.38,-0.3165,0.6926,0.0732,0.903,1.000
4,0.1600,0,32,right_foot_index,1391.78,809.31,-0.0644,0.6580,0.2991,0.516,1.000
5,0.2000,0,0,nose,1403.92,436.70,-0.0293,-0.6433,0.0258,0.994,1.000
5,0.2000,0,1,left_eye_inner,1404.21,428.74,-0.0264,-0.6509,-0.0156,0.993,1.000
5,0.2000,0,2,left_eye,1403.14,428.55,-0.0264,-0.6511,-0.0049,0.994,1.000
5,0.2000,0,3,left_eye_outer,1401.98,428.37,-0.0250,-0.6527,-0.0074,0.996,1.000
5,0.2000,0,4,right_eye_inner,1410.16,428.49,0.0061,-0.6581,-0.0088,0.992,1.000
5,0.2000,0,5,right_eye,1413.15,428.12,0.0071,-0.6579,-0.0224,0.993,1.000
5,0.2000,0,6,right_eye_outer,1415.71,427.74,0.0124,-0.6417,-0.0016,0.994,1.000
5,0.2000,0,7,left_ear,1406.42,431.96,-0.0089,-0.6011,-0.1257,0.996,1.000
5,0.2000,0,8,right_ear,1423.42,429.85,0.0898,-0.5400,-0.0323,0.984,1.000
5,0.2000,0,9,mouth_left,1403.16,444.80,-0.0096,-0.6158,0.0062,0.993,1.000
5,0.2000,0,10,mouth_right,1409.21,444.37,0.0153,-0.5792,0.0039,0.987,1.000
5,0.2000,0,11,left_shoulder,1401.67,480.61,-0.0245,-0.4434,-0.1472,1.000,1.000
5,0.2000,0,12,right_shoulder,1462.11,482.44,0.2017,-0.5001,0.0951,0.999,1.000
5,0.2000,0,13,left_elbow,1390.13,554.96,-0.0366,-0.2538,-0.2263,0.992,1.000
5,0.2000,0,14,right_elbow,1490.86,537.23,0.2396,-0.2792,0.1356,0.220,1.000
5,0.2000,0,15,left_wrist,1363.98,618.65,-0.1185,-0.0796,-0.1660,0.897,1.000
5,0.2000,0,16,right_wrist,1447.22,559.90,0.1022,-0.2308,0.1962,0.029,1.000
5,0.2000,0,17,left_pinky,1358.96,635.70,-0.1390,-0.0707,-0.1610,0.830,1.000
5,0.2000,0,18,right_pinky,1437.99,569.79,0.1108,-0.2391,0.1944,0.026,1.000
5,0.2000,0,19,left_index,1358.20,633.31,-0.1595,-0.0691,-0.1539,0.820,1.000
5,0.2000,0,20,right_index,1431.89,565.87,0.1003,-0.2760,0.1872,0.024,1.000
5,0.2000,0,21,left_thumb,1359.36,626.97,-0.1229,-0.0590,-0.1573,0.700,1.000
5,0.2000,0,22,right_thumb,1434.20,562.99,0.0867,-0.2466,0.1878,0.024,1.000
5,0.2000,0,23,left_hip,1395.97,629.32,-0.0604,0.0020,-0.0363,1.000,1.000
5,0.2000,0,24,right_hip,1426.04,623.01,0.0634,-0.0062,0.0363,1.000,1.000
5,0.2000,0,25,left_knee,1384.52,717.32,-0.1256,0.3387,0.0442,0.922,1.000
5,0.2000,0,26,right_knee,1426.15,705.70,0.0752,0.2853,0.1839,0.348,1.000
5,0.2000,0,27,left_ankle,1366.71,815.70,-0.1805,0.6494,0.0922,0.971,1.000
5,0.2000,0,28,right_ankle,1421.58,803.33,-0.0010,0.6523,0.3025,0.755,1.000
5,0.2000,0,29,left_heel,1374.76,835.59,-0.2102,0.6790,0.1057,0.942,1.000
5,0.2000,0,30,right_heel,1422.81,825.71,-0.0172,0.6821,0.2810,0.858,1.000
5,0.2000,0,31,left_foot_index,1311.75,826.98,-0.3219,0.6651,0.1101,0.895,1.000
5,0.2000,0,32,right_foot_index,1391.30,814.16,-0.0792,0.6500,0.3099,0.576,1.000
5,0.2000,1,0,nose,695.66,444.13,0.0565,-0.6282,-0.0205,0.977,1.000
5,0.2000,1,1,left_eye_inner,691.24,438.42,0.0432,-0.6456,-0.0489,0.957,1.000
5,0.2000,1,2,left_eye,688.91,438.39,0.0442,-0.6454,-0.0410,0.953,1.000
5,0.2000,1,3,left_eye_outer,686.53,438.45,0.0441,-0.6474,-0.0433,0.964,0.999
5,0.2000,1,4,right_eye_inner,697.93,438.38,0.0741,-0.6530,-0.0728,0.973,1.000
5,0.2000,1,5,right_eye,700.36,438.40,0.0773,-0.6522,-0.0863,0.980,1.000
5,0.2000,1,6,right_eye_outer,703.17,438.37,0.0825,-0.6408,-0.0651,0.988,1.000
5,0.2000,1,7,left_ear,681.13,443.25,-0.0232,-0.6211,-0.1180,0.956,0.999
5,0.2000,1,8,right_ear,706.90,442.45,0.0864,-0.5589,-0.1489,0.969,1.000
5,0.2000,1,9,mouth_left,692.88,451.66,0.0452,-0.6102,-0.0262,0.954,1.000
5,0.2000,1,10,mouth_right,699.54,450.64,0.0747,-0.5722,-0.0674,0.965,1.000
5,0.2000,1,11,left_shoulder,666.68,482.03,-0.0591,-0.4858,-0.0245,1.000,1.000
5,0.2000,1,12,right_shoulder,713.28,483.44,0.1277,-0.5162,-0.1117,1.000,1.000
5,0.2000,1,13,left_elbow,688.36,530.42,0.0491,-0.3612,-0.0410,0.022,1.000
5,0.2000,1,14,right_elbow,730.20,546.09,0.1933,-0.3021,-0.1080,0.623,1.000
5,0.2000,1,15,left_wrist,722.71,526.21,0.1761,-0.3409,-0.0376,0.014,1.000
5,0.2000,1,16,right_wrist,746.15,532.87,0.2259,-0.3277,-0.0136,0.401,1.000
5,0.2000,1,17,left_pinky,732.91,527.18,0.1921,-0.3718,-0.0195,0.024,0.999
5,0.2000,1,18,right_pinky,751.67,534.05,0.2746,-0.3730,-0.0412,0.309,1.000
5,0.2000,1,19,left_index,736.65,519.55,0.1947,-0.3856,-0.0233,0.023,0.999
5,0.2000,1,20,right_index,749.00,528.52,0.2671,-0.4335,-0.0383,0.288,1.000
5,0.2000,1,21,left_thumb,731.59,520.61,0.1921,-0.3304,-0.0379,0.021,1.000
5,0.2000,1,22,right_thumb,746.39,528.41,0.2235,-0.3601,-0.0148,0.183,1.000
5,0.2000,1,23,left_hip,670.23,614.56,-0.0599,-0.0107,0.0834,1.000,1.000
5,0.2000,1,24,right_hip,703.23,621.49,0.0621,0.0053,-0.0829,1.000,1.000
5,0.2000,1,25,left_knee,680.17,667.35,-0.0250,0.2623,0.2830,0.160,1.000
5,0.2000,1,26,right_knee,721.71,685.88,0.1473,0.2969,0.0067,0.808,1.000
5,0.2000,1,27,left_ankle,682.41,741.19,-0.0062,0.5366,0.3845,0.488,1.000
5,0.2000,1,28,right_ankle,685.79,767.35,0.0026,0.6317,0.0530,0.858,1.000
5,0.2000,1,29,left_heel,677.46,748.05,-0.0239,0.5646,0.4085,0.646,1.000
5,0.2000,1,30,right_heel,673.49,784.48,-0.0126,0.6567,0.0315,0.718,1.000
5,0.2000,1,31,left_foot_index,685.41,750.61,0.0052,0.5717,0.4699,0.267,1.000
5,0.2000,1,32,right_foot_index,710.73,786.78,0.0412,0.6657,0.0453,0.545,1.000
6,0.2400,0,0,nose,1401.30,436.45,-0.0718,-0.6546,0.0379,0.997,1.000
6,0.2400,0,1,left_eye_inner,1400.21,428.64,-0.0638,-0.6623,-0.0036,0.997,1.000
6,0.2400,0,2,left_eye,1398.51,428.39,-0.0644,-0.6618,0.0077,0.997,1.000
6,0.2400,0,3,left_eye_outer,1396.79,428.28,-0.0626,-0.6641,0.0042,0.998,1.000
6,0.2400,0,4,right_eye_inner,1406.79,428.32,-0.0359,-0.6744,0.0045,0.996,1.000
6,0.2400,0,5,right_eye,1409.46,427.82,-0.0350,-0.6743,-0.0101,0.996,1.000
6,0.2400,0,6,right_eye_outer,1412.03,427.23,-0.0279,-0.6596,0.0108,0.997,1.000
6,0.2400,0,7,left_ear,1401.41,430.87,-0.0402,-0.6151,-0.1124,0.998,1.000
6,0.2400,0,8,right_ear,1418.88,428.70,0.0671,-0.5659,-0.0152,0.990,1.000
6,0.2400,0,9,mouth_left,1400.10,443.92,-0.0514,-0.6306,0.0188,0.997,1.000
6,0.2400,0,10,mouth_right,1406.49,443.30,-0.0206,-0.5963,0.0162,0.993,1.000
6,0.2400,0,11,left_shoulder,1396.67,476.57,-0.0576,-0.4578,-0.1506,1.000,1.000
6,0.2400,0,12,right_shoulder,1458.72,480.79,0.1654,-0.5264,0.1092,0.999,1.000
6,0.2400,0,13,left_elbow,1385.84,551.78,-0.0592,-0.2680,-0.2391,0.997,1.000
6,0.2400,0,14,right_elbow,1491.34,534.18,0.2457,-0.2888,0.0901,0.320,1.000
6,0.2400,0,15,left_wrist,1362.69,614.62,-0.1444,-0.0671,-0.2097,0.980,1.000
6,0.2400,0,16,right_wrist,1449.72,563.12,0.0975,-0.2098,0.0720,0.032,1.000
6,0.2400,0,17,left_pinky,1358.02,631.35,-0.1681,-0.0488,-0.2092,0.962,1.000
6,0.2400,0,18,right_pinky,1440.92,571.12,0.0981,-0.2157,0.0615,0.030,1.000
6,0.2400,0,19,left_index,1356.24,631.00,-0.1915,-0.0421,-0.1999,0.958,1.000
6,0.2400,0,20,right_index,1435.91,566.45,0.0762,-0.2555,0.0542,0.028,1.000
6,0.2400,0,21,left_thumb,1357.27,626.01,-0.1465,-0.0441,-0.1990,0.904,1.000
6,0.2400,0,22,right_thumb,1438.81,564.45,0.0777,-0.2236,0.0626,0.026,1.000
6,0.2400,0,23,left_hip,1396.37,623.45,-0.0632,0.0075,-0.0399,1.000,1.000
6,0.2400,0,24,right_hip,1428.28,621.44,0.0658,-0.0112,0.0407,1.000,1.000
6,0.2400,0,25,left_knee,1383.43,713.38,-0.1185,0.3482,0.0335,0.960,1.000
6,0.2400,0,26,right_knee,1417.63,703.64,0.0604,0.2759,0.1804,0.448,1.000
6,0.2400,0,27,left_ankle,1362.87,813.62,-0.1846,0.6737,0.0754,0.987,1.000
6,0.2400,0,28,right_ankle,1418.89,800.91,0.0077,0.6631,0.2875,0.853,1.000
6,0.2400,0,29,left_heel,1370.39,834.24,-0.2164,0.7084,0.0896,0.972,1.000
6,0.2400,0,30,right_heel,1422.95,824.67,-0.0056,0.6953,0.2608,0.913,1.000
6,0.2400,0,31,left_foot_index,1311.31,825.98,-0.3248,0.6914,0.0784,0.950,1.000
6,0.2400,0,32,right_foot_index,1385.96,808.07,-0.0724,0.6595,0.2719,0.734,1.000
6,0.2400,1,0,nose,692.05,445.55,0.0627,-0.6366,0.0296,0.964,1.000
6,0.2400,1,1,left_eye_inner,687.71,439.14,0.0449,-0.6533,0.0021,0.927,0.999
6,0.2400,1,2,left_eye,685.23,438.88,0.0461,-0.6535,0.0096,0.926,1.000
6,0.2400,1,3,left_eye_outer,682.83,438.68,0.0454,-0.6547,0.0074,0.937,0.999
6,0.2400,1,4,right_eye_inner,694.57,439.44,0.0781,-0.6613,-0.0209,0.950,1.000
6,0.2400,1,5,right_eye,697.07,439.48,0.0818,-0.6604,-0.0338,0.966,1.000
6,0.2400,1,6,right_eye_outer,699.86,439.49,0.0861,-0.6489,-0.0134,0.976,1.000
6,0.2400,1,7,left_ear,677.82,442.91,-0.0202,-0.6206,-0.0677,0.939,0.999
6,0.2400,1,8,right_ear,704.06,442.84,0.0902,-0.5652,-0.0980,0.950,1.000
6,0.2400,1,9,mouth_left,689.05,452.90,0.0535,-0.6147,0.0235,0.916,1.000
6,0.2400,1,10,mouth_right,696.35,452.06,0.0820,-0.5787,-0.0161,0.930,0.999
6,0.2400,1,11,left_shoulder,663.92,483.51,-0.0472,-0.4821,0.0301,0.999,1.000
6,0.2400,1,12,right_shoulder,718.02,480.61,0.1509,-0.5274,-0.0757,1.000,1.000
6,0.2400,1,13,left_elbow,687.63,532.68,0.0661,-0.3528,0.0102,0.012,1.000
6,0.2400,1,14,right_elbow,732.21,548.89,0.2214,-0.3187,-0.0861,0.776,1.000
6,0.2400,1,15,left_wrist,723.24,532.68,0.1928,-0.3187,0.0253,0.031,1.000
6,0.2400,1,16,right_wrist,747.23,532.31,0.2460,-0.3376,0.0100,0.395,1.000
6,0.2400,1,17,left_pinky,731.51,534.63,0.2073,-0.3466,0.0489,0.059,0.999
6,0.2400,1,18,right_pinky,751.74,529.05,0.2939,-0.3799,-0.0101,0.318,1.000
6,0.2400,1,19,left_index,734.91,527.21,0.2102,-0.3602,0.0460,0.059,0.999
6,0.2400,1,20,right_index,749.35,523.00,0.2858,-0.4326,-0.0068,0.295,1.000
6,0.2400,1,21,left_thumb,731.34,527.21,0.2062,-0.3089,0.0255,0.054,1.000
6,0.2400,1,22,right_thumb,745.58,525.68,0.2421,-0.3671,0.0096,0.205,1.000
6,0.2400,1,23,left_hip,663.37,616.41,-0.0619,-0.0106,0.0849,1.000,1.000
6,0.2400,1,24,right_hip,699.20,621.64,0.0642,0.0049,-0.0841,1.000,1.000
6,0.2400,1,25,left_knee,673.81,668.57,-0.0484,0.2776,0.2642,0.460,1.000
6,0.2400,1,26,right_knee,717.57,688.85,0.1592,0.2876,0.0034,0.926,1.000
6,0.2400,1,27,left_ankle,677.54,750.54,-0.0205,0.5542,0.3445,0.763,1.000
6,0.2400,1,28,right_ankle,682.49,771.43,0.0215,0.6086,0.0588,0.918,1.000
6,0.2400,1,29,left_heel,670.21,764.07,-0.0355,0.5839,0.3663,0.843,1.000
6,0.2400,1,30,right_heel,668.55,786.96,0.0084,0.6344,0.0396,0.807,1.000
6,0.2400,1,31,left_foot_index,695.25,754.86,0.0136,0.5852,0.4263,0.510,1.000
6,0.2400,1,32,right_foot_index,709.11,787.12,0.0739,0.6464,0.0641,0.652,1.000
7,0.2800,0,0,nose,1396.62,436.95,-0.0744,-0.6636,-0.0072,0.994,1.000
7,0.2800,0,1,left_eye_inner,1396.61,428.99,-0.0624,-0.6708,-0.0482,0.994,1.000
7,0.2800,0,2,left_eye,1395.67,428.50,-0.0629,-0.6703,-0.0367,0.995,1.000
7,0.2800,0,3,left_eye_outer,1394.61,428.13,-0.0618,-0.6722,-0.0396,0.997,1.000
7,0.2800,0,4,right_eye_inner,1402.04,428.99,-0.0363,-0.6836,-0.0377,0.992,1.000
7,0.2800,0,5,right_eye,1404.76,428.48,-0.0360,-0.6834,-0.0516,0.993,1.000
7,0.2800,0,6,right_eye_outer,1407.24,427.93,-0.0283,-0.6682,-0.0307,0.994,0.999
7,0.2800,0,7,left_ear,1398.39,430.38,-0.0211,-0.6240,-0.1524,0.997,1.000
7,0.2800,0,8,right_ear,1415.23,429.87,0.0698,-0.5810,-0.0418,0.980,0.999
7,0.2800,0,9,mouth_left,1396.53,444.40,-0.0476,-0.6386,-0.0241,0.993,1.000
7,0.2800,0,10,mouth_right,1402.08,445.29,-0.0219,-0.6070,-0.0218,0.986,0.999
7,0.2800,0,11,left_shoulder,1393.27,475.59,-0.0367,-0.4704,-0.1836,1.000,1.000
7,0.2800,0,12,right_shoulder,1454.87,480.41,0.1774,-0.5418,0.1089,0.999,1.000
7,0.2800,0,13,left_elbow,1380.52,552.65,-0.0452,-0.2902,-0.2670,0.995,1.000
7,0.2800,0,14,right_elbow,1487.48,532.52,0.2393,-0.3092,0.1326,0.126,0.999
7,0.2800,0,15,left_wrist,1356.90,610.80,-0.1361,-0.1088,-0.1986,0.972,1.000
7,0.2800,0,16,right_wrist,1439.90,563.33,0.0968,-0.2349,0.1428,0.031,1.000
7,0.2800,0,17,left_pinky,1352.50,629.81,-0.1625,-0.0941,-0.1944,0.948,1.000
7,0.2800,0,18,right_pinky,1433.61,572.67,0.1003,-0.2406,0.1350,0.035,1.000
7,0.2800,0,19,left_index,1351.92,628.45,-0.1824,-0.0886,-0.1857,0.943,1.000
7,0.2800,0,20,right_index,1428.44,569.52,0.0813,-0.2770,0.1231,0.033,1.000
7,0.2800,0,21,left_thumb,1353.85,621.78,-0.1384,-0.0870,-0.1880,0.883,1.000
7,0.2800,0,22,right_thumb,1430.70,565.79,0.0784,-0.2481,0.1322,0.034,1.000
7,0.2800,0,23,left_hip,1392.21,638.43,-0.0569,0.0070,-0.0526,1.000,1.000
7,0.2800,0,24,right_hip,1421.84,633.48,0.0597,-0.0110,0.0527,1.000,1.000
7,0.2800,0,25,left_knee,1380.55,713.50,-0.1147,0.3322,0.0367,0.887,1.000
7,0.2800,0,26,right_knee,1414.26,703.25,0.0422,0.2639,0.2165,0.208,1.000
7,0.2800,0,27,left_ankle,1360.80,813.76,-0.1694,0.6596,0.1051,0.969,1.000
7,0.2800,0,28,right_ankle,1411.42,801.97,-0.0132,0.6407,0.3493,0.668,1.000
7,0.2800,0,29,left_heel,1366.69,834.24,-0.2008,0.6934,0.1209,0.939,0.999
7,0.2800,0,30,right_heel,1413.45,823.61,-0.0262,0.6722,0.3258,0.815,1.000
7,0.2800,0,31,left_foot_index,1304.84,826.16,-0.3118,0.6894,0.1173,0.914,1.000
7,0.2800,0,32,right_foot_index,1380.83,808.04,-0.0927,0.6498,0.3456,0.578,1.000
7,0.2800,1,0,nose,691.09,436.45,0.0688,-0.6294,0.0141,0.998,1.000
7,0.2800,1,1,left_eye_inner,685.82,429.40,0.0516,-0.6479,-0.0096,0.996,1.000
7,0.2800,1,2,left_eye,683.22,429.17,0.0522,-0.6475,-0.0024,0.995,1.000
7,0.2800,1,3,left_eye_outer,680.72,428.99,0.0520,-0.6496,-0.0047,0.996,1.000
7,0.2800,1,4,right_eye_inner,692.61,429.80,0.0811,-0.6556,-0.0368,0.997,1.000
7,0.2800,1,5,right_eye,695.02,429.85,0.0852,-0.6551,-0.0500,0.998,1.000
7,0.2800,1,6,right_eye_outer,697.67,429.78,0.0910,-0.6440,-0.0295,0.999,1.000
7,0.2800,1,7,left_ear,675.49,433.16,-0.0212,-0.6233,-0.0706,0.995,1.000
7,0.2800,1,8,right_ear,701.13,433.50,0.0922,-0.5618,-0.1156,0.997,1.000
7,0.2800,1,9,mouth_left,688.19,444.30,0.0560,-0.6113,0.0110,0.995,1.000
7,0.2800,1,10,mouth_right,694.84,443.51,0.0883,-0.5730,-0.0335,0.996,1.000
7,0.2800,1,11,left_shoulder,660.02,476.17,-0.0521,-0.4832,0.0285,1.000,1.000
7,0.2800,1,12,right_shoulder,706.96,475.67,0.1374,-0.5189,-0.0949,1.000,1.000
7,0.2800,1,13,left_elbow,688.32,520.48,0.0817,-0.3740,-0.0091,0.038,1.000
7,0.2800,1,14,right_elbow,729.41,538.43,0.2280,-0.3014,-0.1193,0.925,1.000
7,0.2800,1,15,left_wrist,724.96,512.23,0.2199,-0.3550,-0.0382,0.088,1.000
7,0.2800,1,16,right_wrist,747.43,529.89,0.2546,-0.3121,-0.0485,0.763,1.000
7,0.2800,1,17,left_pinky,736.50,521.63,0.2343,-0.3824,-0.0216,0.142,1.000
7,0.2800,1,18,right_pinky,751.40,532.12,0.2980,-0.3524,-0.0749,0.673,1.000
7,0.2800,1,19,left_index,740.60,514.78,0.2359,-0.3971,-0.0269,0.140,1.000
7,0.2800,1,20,right_index,749.20,524.67,0.2856,-0.4070,-0.0729,0.647,1.000
7,0.2800,1,21,left_thumb,733.38,511.30,0.2350,-0.3465,-0.0404,0.123,1.000
7,0.2800,1,22,right_thumb,746.66,523.34,0.2499,-0.3400,-0.0492,0.503,1.000
7,0.2800,1,23,left_hip,661.49,605.68,-0.0615,-0.0028,0.0898,1.000,1.000
7,0.2800,1,24,right_hip,697.62,608.76,0.0633,-0.0033,-0.0891,1.000,1.000
7,0.2800,1,25,left_knee,671.67,666.95,-0.0053,0.3008,0.2301,0.533,1.000
7,0.2800,1,26,right_knee,708.29,684.09,0.1429,0.2909,-0.0128,0.955,1.000
7,0.2800,1,27,left_ankle,671.86,745.46,-0.0174,0.6003,0.3040,0.776,1.000
7,0.2800,1,28,right_ankle,678.36,770.77,0.0184,0.6484,0.0278,0.959,1.000
7,0.2800,1,29,left_heel,664.50,759.79,-0.0389,0.6334,0.3251,0.856,1.000
7,0.2800,1,30,right_heel,663.87,787.91,0.0061,0.6778,0.0045,0.902,1.000
7,0.2800,1,31,left_foot_index,676.20,767.93,-0.0098,0.6439,0.3743,0.618,1.000
7,0.2800,1,32,right_foot_index,711.28,788.35,0.0769,0.6804,0.0164,0.842,1.000
8,0.3200,0,0,nose,1393.06,436.60,-0.0433,-0.6647,0.0021,0.996,1.000
8,0.3200,0,1,left_eye_inner,1393.40,428.14,-0.0312,-0.6714,-0.0380,0.996,1.000
8,0.3200,0,2,left_eye,1392.33,427.57,-0.0314,-0.6714,-0.0271,0.997,1.000
8,0.3200,0,3,left_eye_outer,1391.35,427.06,-0.0301,-0.6730,-0.0292,0.998,1.000
8,0.3200,0,4,right_eye_inner,1399.13,428.47,-0.0036,-0.6834,-0.0287,0.996,1.000
8,0.3200,0,5,right_eye,1401.91,428.12,-0.0033,-0.6828,-0.0419,0.996,1.000
8,0.3200,0,6,right_eye_outer,1404.57,427.70,0.0034,-0.6673,-0.0211,0.997,1.000
8,0.3200,0,7,left_ear,1395.27,429.42,0.0091,-0.6206,-0.1384,0.998,1.000
8,0.3200,0,8,right_ear,1413.25,429.62,0.0938,-0.5752,-0.0321,0.989,1.000
8,0.3200,0,9,mouth_left,1392.73,443.97,-0.0180,-0.6369,-0.0138,0.994,1.000
8,0.3200,0,10,mouth_right,1398.26,445.05,0.0045,-0.6044,-0.0126,0.990,1.000
8,0.3200,0,11,left_shoulder,1390.27,478.09,-0.0153,-0.4695,-0.1563,1.000,1.000
8,0.3200,0,12,right_shoulder,1452.17,484.67,0.1959,-0.5299,0.1111,0.999,1.000
8,0.3200,0,13,left_elbow,1378.30,557.71,-0.0282,-0.2983,-0.2224,0.990,1.000
8,0.3200,0,14,right_elbow,1480.54,536.56,0.2343,-0.3034,0.1496,0.185,1.000
8,0.3200,0,15,left_wrist,1350.59,615.77,-0.1196,-0.1385,-0.1355,0.933,1.000
8,0.3200,0,16,right_wrist,1432.28,570.16,0.0956,-0.2457,0.1810,0.061,1.000
8,0.3200,0,17,left_pinky,1345.88,631.37,-0.1451,-0.1309,-0.1264,0.893,1.000
8,0.3200,0,18,right_pinky,1423.46,577.50,0.1021,-0.2560,0.1735,0.068,1.000
8,0.3200,0,19,left_index,1344.62,629.84,-0.1622,-0.1276,-0.1201,0.885,1.000
8,0.3200,0,20,right_index,1419.97,573.22,0.0901,-0.2936,0.1626,0.065,1.000
8,0.3200,0,21,left_thumb,1347.51,624.86,-0.1220,-0.1184,-0.1253,0.795,1.000
8,0.3200,0,22,right_thumb,1422.27,571.09,0.0793,-0.2614,0.1710,0.064,1.000
8,0.3200,0,23,left_hip,1380.91,639.95,-0.0566,0.0028,-0.0432,1.000,1.000
8,0.3200,0,24,right_hip,1413.89,635.40,0.0596,-0.0070,0.0431,1.000,1.000
8,0.3200,0,25,left_knee,1373.60,711.55,-0.1215,0.3124,0.0468,0.912,1.000
8,0.3200,0,26,right_knee,1412.03,709.68,0.0564,0.2647,0.2141,0.317,1.000
8,0.3200,0,27,left_ankle,1355.63,812.26,-0.1648,0.6197,0.0765,0.975,1.000
8,0.3200,0,28,right_ankle,1405.05,801.63,-0.0066,0.6039,0.3294,0.725,1.000
8,0.3200,0,29,left_heel,1361.91,833.94,-0.1945,0.6504,0.0879,0.954,1.000
8,0.3200,0,30,right_heel,1407.97,827.88,-0.0203,0.6312,0.3053,0.851,1.000
8,0.3200,0,31,left_foot_index,1305.77,822.75,-0.2968,0.6445,0.0925,0.930,1.000
8,0.3200,0,32,right_foot_index,1375.52,803.99,-0.0724,0.6076,0.3378,0.622,1.000
8,0.3200,1,0,nose,689.83,433.34,0.0821,-0.6364,0.0240,0.999,1.000
8,0.3200,1,1,left_eye_inner,684.77,426.83,0.0583,-0.6519,0.0004,0.999,1.000
8,0.3200,1,2,left_eye,682.44,426.71,0.0583,-0.6522,0.0079,0.999,1.000
8,0.3200,1,3,left_eye_outer,680.20,426.68,0.0578,-0.6530,0.0062,0.999,1.000
8,0.3200,1,4,right_eye_inner,690.98,426.66,0.0918,-0.6639,-0.0267,0.999,1.000
8,0.3200,1,5,right_eye,693.10,426.57,0.0951,-0.6624,-0.0388,1.000,1.000
8,0.3200,1,6,right_eye_outer,695.50,426.46,0.1010,-0.6514,-0.0189,1.000,1.000
8,0.3200,1,7,left_ear,674.83,431.81,-0.0177,-0.6125,-0.0579,0.999,1.000
8,0.3200,1,8,right_ear,698.83,430.39,0.0986,-0.5617,-0.1101,0.999,1.000
8,0.3200,1,9,mouth_left,686.82,441.72,0.0702,-0.6125,0.0234,0.998,1.000
8,0.3200,1,10,mouth_right,693.25,440.12,0.1024,-0.5769,-0.0206,0.998,1.000
8,0.3200,1,11,left_shoulder,660.16,474.87,-0.0482,-0.4677,0.0622,1.000,1.000
8,0.3200,1,12,right_shoulder,703.35,471.91,0.1526,-0.5223,-0.0829,1.000,1.000
8,0.3200,1,13,left_elbow,689.70,527.42,0.0809,-0.3584,0.1140,0.020,1.000
8,0.3200,1,14,right_elbow,728.69,536.64,0.2468,-0.3133,-0.0845,0.972,1.000
8,0.3200,1,15,left_wrist,724.22,515.69,0.2285,-0.3334,0.2263,0.154,1.000
8,0.3200,1,16,right_wrist,749.17,527.04,0.2781,-0.3208,0.0315,0.792,1.000
8,0.3200,1,17,left_pinky,731.92,517.27,0.2424,-0.3633,0.2681,0.236,1.000
8,0.3200,1,18,right_pinky,754.31,526.25,0.3225,-0.3674,0.0110,0.714,1.000
8,0.3200,1,19,left_index,735.24,513.28,0.2442,-0.3717,0.2610,0.239,1.000
8,0.3200,1,20,right_index,750.88,519.58,0.3166,-0.4135,0.0200,0.694,1.000
8,0.3200,1,21,left_thumb,732.00,514.05,0.2448,-0.3235,0.2281,0.219,1.000
8,0.3200,1,22,right_thumb,748.41,519.74,0.2746,-0.3470,0.0332,0.570,1.000
8,0.3200,1,23,left_hip,658.38,602.87,-0.0635,-0.0003,0.0965,1.000,1.000
8,0.3200,1,24,right_hip,691.85,608.02,0.0647,-0.0066,-0.0958,1.000,1.000
8,0.3200,1,25,left_knee,669.62,665.18,-0.0249,0.3076,0.2392,0.766,1.000
8,0.3200,1,26,right_knee,702.66,681.17,0.1325,0.2822,-0.0024,0.982,1.000
8,0.3200,1,27,left_ankle,655.74,746.81,-0.0703,0.6035,0.3106,0.905,1.000
8,0.3200,1,28,right_ankle,670.26,767.14,0.0175,0.6262,0.0628,0.983,1.000
8,0.3200,1,29,left_heel,650.62,765.72,-0.0948,0.6391,0.3314,0.950,1.000
8,0.3200,1,30,right_heel,659.20,785.57,0.0062,0.6557,0.0442,0.956,1.000
8,0.3200,1,31,left_foot_index,680.16,758.07,-0.0490,0.6467,0.3836,0.812,1.000
8,0.3200,1,32,right_foot_index,706.77,781.96,0.0898,0.6584,0.0645,0.924,1.000
9,0.3600,0,0,nose,1390.93,435.75,-0.0424,-0.6668,0.0003,0.995,1.000
9,0.3600,0,1,left_eye_inner,1392.18,427.39,-0.0329,-0.6733,-0.0409,0.994,1.000
9,0.3600,0,2,left_eye,1391.12,427.22,-0.0330,-0.6726,-0.0293,0.995,1.000
9,0.3600,0,3,left_eye_outer,1389.96,427.09,-0.0320,-0.6745,-0.0323,0.997,1.000
9,0.3600,0,4,right_eye_inner,1398.09,426.95,-0.0037,-0.6850,-0.0337,0.993,1.000
9,0.3600,0,5,right_eye,1400.79,426.42,-0.0033,-0.6847,-0.0478,0.994,1.000
9,0.3600,0,6,right_eye_outer,1403.26,425.77,0.0035,-0.6693,-0.0267,0.995,1.000
9,0.3600,0,7,left_ear,1395.25,429.60,-0.0071,-0.6201,-0.1456,0.997,1.000
9,0.3600,0,8,right_ear,1410.94,428.78,0.0875,-0.5743,-0.0501,0.983,0.999
9,0.3600,0,9,mouth_left,1390.16,443.99,-0.0224,-0.6393,-0.0167,0.994,1.000
9,0.3600,0,10,mouth_right,1395.81,443.75,0.0031,-0.6064,-0.0186,0.987,1.000
9,0.3600,0,11,left_shoulder,1387.50,475.85,-0.0325,-0.4663,-0.1644,1.000,1.000
9,0.3600,0,12,right_shoulder,1447.73,482.43,0.1999,-0.5317,0.0890,0.999,1.000
9,0.3600,0,13,left_elbow,1373.42,552.68,-0.0381,-0.2764,-0.2309,0.994,1.000
9,0.3600,0,14,right_elbow,1480.40,536.19,0.2621,-0.2861,0.1161,0.185,0.999
9,0.3600,0,15,left_wrist,1350.24,613.26,-0.1247,-0.0924,-0.1526,0.919,1.000
9,0.3600,0,16,right_wrist,1434.34,560.68,0.1150,-0.2231,0.1519,0.021,1.000
9,0.3600,0,17,left_pinky,1346.15,629.95,-0.1500,-0.0795,-0.1444,0.858,1.000
9,0.3600,0,18,right_pinky,1426.92,571.43,0.1196,-0.2302,0.1475,0.022,1.000
9,0.3600,0,19,left_index,1344.95,629.40,-0.1675,-0.0758,-0.1376,0.846,1.000
9,0.3600,0,20,right_index,1422.29,567.65,0.1025,-0.2695,0.1395,0.020,1.000
9,0.3600,0,21,left_thumb,1346.79,623.53,-0.1270,-0.0707,-0.1427,0.731,1.000
9,0.3600,0,22,right_thumb,1425.48,563.28,0.0968,-0.2383,0.1436,0.021,1.000
9,0.3600,0,23,left_hip,1381.04,630.33,-0.0611,0.0054,-0.0394,1.000,1.000
9,0.3600,0,24,right_hip,1413.83,629.08,0.0640,-0.0092,0.0394,1.000,1.000
9,0.3600,0,25,left_knee,1370.36,715.13,-0.1129,0.3276,0.0504,0.913,1.000
9,0.3600,0,26,right_knee,1412.15,709.58,0.0732,0.2613,0.2032,0.267,1.000
9,0.3600,0,27,left_ankle,1349.90,813.20,-0.1745,0.6524,0.1167,0.970,1.000
9,0.3600,0,28,right_ankle,1404.79,803.59,0.0150,0.6555,0.3280,0.724,1.000
9,0.3600,0,29,left_heel,1360.24,831.95,-0.2072,0.6846,0.1323,0.941,0.999
9,0.3600,0,30,right_heel,1405.45,824.65,0.0013,0.6886,0.3045,0.845,1.000
9,0.3600,0,31,left_foot_index,1301.16,826.10,-0.3129,0.6767,0.1397,0.895,1.000
9,0.3600,0,32,right_foot_index,1371.10,808.70,-0.0646,0.6606,0.3333,0.571,1.000
9,0.3600,1,0,nose,690.94,427.47,0.1057,-0.6113,0.0169,0.999,1.000
9,0.3600,1,1,left_eye_inner,685.17,420.52,0.0848,-0.6286,-0.0016,0.998,1.000
9,0.3600,1,2,left_eye,682.98,420.54,0.0854,-0.6286,0.0058,0.998,1.000
9,0.3600,1,3,left_eye_outer,680.91,420.76,0.0851,-0.6298,0.0037,0.999,1.000
9,0.3600,1,4,right_eye_inner,690.56,420.88,0.1136,-0.6379,-0.0309,0.999,1.000
9,0.3600,1,5,right_eye,692.32,421.09,0.1174,-0.6367,-0.0435,0.999,1.000
9,0.3600,1,6,right_eye_outer,694.23,421.23,0.1223,-0.6257,-0.0233,0.999,1.000
9,0.3600,1,7,left_ear,674.69,424.35,0.0117,-0.6041,-0.0408,0.999,1.000
9,0.3600,1,8,right_ear,695.83,424.07,0.1053,-0.5498,-0.1008,0.999,1.000
9,0.3600,1,9,mouth_left,688.24,435.67,0.0938,-0.5935,0.0218,0.998,1.000
9,0.3600,1,10,mouth_right,693.85,434.88,0.1190,-0.5573,-0.0259,0.998,1.000
9,0.3600,1,11,left_shoulder,659.62,467.23,-0.0203,-0.4707,0.0860,1.000,1.000
9,0.3600,1,12,right_shoulder,698.10,462.91,0.1503,-0.5212,-0.0834,1.000,1.000
9,0.3600,1,13,left_elbow,688.17,517.95,0.1026,-0.3555,0.0937,0.059,1.000
9,0.3600,1,14,right_elbow,720.27,527.78,0.2264,-0.3040,-0.1112,0.984,1.000
9,0.3600,1,15,left_wrist,732.45,506.66,0.2609,-0.3277,0.1125,0.312,1.000
9,0.3600,1,16,right_wrist,743.89,521.22,0.2738,-0.3055,-0.0405,0.908,1.000
9,0.3600,1,17,left_pinky,742.63,508.80,0.2816,-0.3596,0.1378,0.410,1.000
9,0.3600,1,18,right_pinky,754.51,520.84,0.3230,-0.3477,-0.0703,0.850,1.000
9,0.3600,1,19,left_index,745.15,500.01,0.2875,-0.3708,0.1307,0.418,1.000
9,0.3600,1,20,right_index,750.57,510.94,0.3227,-0.3999,-0.0623,0.835,1.000
9,0.3600,1,21,left_thumb,738.83,501.61,0.2782,-0.3184,0.1108,0.379,1.000
9,0.3600,1,22,right_thumb,745.50,511.52,0.2747,-0.3327,-0.0395,0.724,1.000
9,0.3600,1,23,left_hip,655.09,595.10,-0.0582,-0.0002,0.1045,1.000,1.000
9,0.3600,1,24,right_hip,687.65,601.10,0.0599,-0.0059,-0.1034,1.000,1.000
9,0.3600,1,25,left_knee,663.31,664.58,-0.0299,0.3244,0.2197,0.760,1.000
9,0.3600,1,26,right_knee,691.97,679.80,0.1258,0.2840,-0.0315,0.987,1.000
9,0.3600,1,27,left_ankle,647.80,750.05,-0.0847,0.6346,0.2768,0.895,1.000
9,0.3600,1,28,right_ankle,671.50,769.84,0.0230,0.6308,0.0104,0.984,1.000
9,0.3600,1,29,left_heel,639.82,765.04,-0.1075,0.6696,0.2965,0.949,1.000
9,0.3600,1,30,right_heel,656.34,783.75,0.0162,0.6604,-0.0123,0.960,1.000
9,0.3600,1,31,left_foot_index,667.17,765.28,-0.0513,0.6731,0.3412,0.808,1.000
9,0.3600,1,32,right_foot_index,704.95,785.10,0.1117,0.6573,-0.0071,0.924,1.000
10,0.4000,1,0,nose,694.52,424.98,0.1513,-0.6044,0.0648,0.999,1.000
10,0.4000,1,1,left_eye_inner,687.61,416.55,0.1318,-0.6229,0.0500,0.999,1.000
10,0.4000,1,2,left_eye,684.69,416.22,0.1339,-0.6223,0.0559,0.999,1.000
10,0.4000,1,3,left_eye_outer,682.07,416.05,0.1338,-0.6240,0.0537,0.999,1.000
10,0.4000,1,4,right_eye_inner,695.13,417.60,0.1630,-0.6295,0.0172,0.999,1.000
10,0.4000,1,5,right_eye,697.35,417.76,0.1677,-0.6283,0.0050,1.000,1.000
10,0.4000,1,6,right_eye_outer,699.41,417.79,0.1729,-0.6180,0.0259,1.000,1.000
10,0.4000,1,7,left_ear,675.83,419.78,0.0519,-0.5948,0.0089,0.999,1.000
10,0.4000,1,8,right_ear,699.18,421.37,0.1450,-0.5392,-0.0543,0.999,1.000
10,0.4000,1,9,mouth_left,690.86,432.17,0.1348,-0.5853,0.0706,0.998,1.000
10,0.4000,1,10,mouth_right,697.15,431.81,0.1589,-0.5471,0.0210,0.999,1.000
10,0.4000,1,11,left_shoulder,662.46,465.55,0.0080,-0.4436,0.1301,1.000,1.000
10,0.4000,1,12,right_shoulder,698.52,460.76,0.1794,-0.4958,-0.0373,1.000,1.000
10,0.4000,1,13,left_elbow,686.28,524.77,0.1347,-0.2929,0.1100,0.126,1.000
10,0.4000,1,14,right_elbow,716.29,528.09,0.2462,-0.2495,-0.0312,0.987,1.000
10,0.4000,1,15,left_wrist,731.75,517.03,0.3047,-0.2509,0.1058,0.262,1.000
10,0.4000,1,16,right_wrist,743.13,525.31,0.3139,-0.2514,0.0699,0.969,1.000
10,0.4000,1,17,left_pinky,745.44,519.12,0.3330,-0.2724,0.1226,0.342,1.000
10,0.4000,1,18,right_pinky,752.64,527.51,0.3729,-0.2866,0.0455,0.948,1.000
10,0.4000,1,19,left_index,744.54,511.33,0.3406,-0.2860,0.1191,0.344,1.000
10,0.4000,1,20,right_index,749.62,519.89,0.3804,-0.3427,0.0496,0.942,1.000
10,0.4000,1,21,left_thumb,738.40,510.00,0.3213,-0.2420,0.1024,0.317,1.000
10,0.4000,1,22,right_thumb,745.14,517.71,0.3181,-0.2796,0.0709,0.886,1.000
10,0.4000,1,23,left_hip,650.05,584.62,-0.0543,0.0041,0.1040,1.000,1.000
10,0.4000,1,24,right_hip,675.64,585.76,0.0569,-0.0106,-0.1043,1.000,1.000
10,0.4000,1,25,left_knee,671.80,666.25,0.0096,0.3737,0.1228,0.836,1.000
10,0.4000,1,26,right_knee,687.42,674.16,0.1337,0.3219,-0.1199,0.994,1.000
10,0.4000,1,27,left_ankle,637.80,752.00,-0.1062,0.6781,0.1040,0.919,1.000
10,0.4000,1,28,right_ankle,666.87,768.56,0.0258,0.6727,-0.1420,0.989,1.000
10,0.4000,1,29,left_heel,627.97,769.63,-0.1345,0.7127,0.1150,0.970,1.000
10,0.4000,1,30,right_heel,653.76,783.84,0.0184,0.7041,-0.1733,0.978,1.000
10,0.4000,1,31,left_foot_index,660.26,769.62,-0.0772,0.7260,0.1537,0.837,1.000
10,0.4000,1,32,right_foot_index,701.39,784.48,0.1181,0.7085,-0.1775,0.941,1.000
10,0.4000,0,0,nose,1390.17,432.76,-0.0483,-0.6675,-0.0064,0.997,1.000
10,0.4000,0,1,left_eye_inner,1391.34,425.63,-0.0374,-0.6740,-0.0477,0.997,1.000
10,0.4000,0,2,left_eye,1389.85,425.68,-0.0375,-0.6729,-0.0358,0.997,1.000
10,0.4000,0,3,left_eye_outer,1388.46,425.77,-0.0365,-0.6751,-0.0391,0.998,1.000
10,0.4000,0,4,right_eye_inner,1397.24,425.26,-0.0082,-0.6852,-0.0389,0.996,1.000
10,0.4000,0,5,right_eye,1399.99,425.27,-0.0074,-0.6851,-0.0535,0.996,1.000
10,0.4000,0,6,right_eye_outer,1402.35,425.26,-0.0008,-0.6697,-0.0319,0.997,1.000
10,0.4000,0,7,left_ear,1392.87,430.57,-0.0068,-0.6180,-0.1576,0.998,1.000
10,0.4000,0,8,right_ear,1409.83,430.48,0.0892,-0.5712,-0.0536,0.990,1.000
10,0.4000,0,9,mouth_left,1388.21,441.75,-0.0268,-0.6390,-0.0259,0.997,1.000
10,0.4000,0,10,mouth_right,1393.85,441.44,-0.0012,-0.6056,-0.0258,0.993,1.000
10,0.4000,0,11,left_shoulder,1386.02,478.47,-0.0273,-0.4564,-0.1797,1.000,1.000
10,0.4000,0,12,right_shoulder,1445.21,484.52,0.2048,-0.5270,0.0818,0.999,1.000
10,0.4000,0,13,left_elbow,1372.52,554.97,-0.0334,-0.2592,-0.2537,0.997,1.000
10,0.4000,0,14,right_elbow,1476.39,535.39,0.2644,-0.2730,0.0964,0.242,1.000
10,0.4000,0,15,left_wrist,1348.59,612.42,-0.1221,-0.0651,-0.1808,0.944,1.000
10,0.4000,0,16,right_wrist,1430.37,565.54,0.1137,-0.1982,0.1220,0.018,1.000
10,0.4000,0,17,left_pinky,1344.38,630.56,-0.1470,-0.0494,-0.1745,0.894,1.000
10,0.4000,0,18,right_pinky,1423.50,575.65,0.1161,-0.1993,0.1191,0.018,1.000
10,0.4000,0,19,left_index,1342.36,629.79,-0.1654,-0.0480,-0.1670,0.885,1.000
10,0.4000,0,20,right_index,1419.71,572.58,0.1011,-0.2395,0.1113,0.016,1.000
10,0.4000,0,21,left_thumb,1345.10,623.61,-0.1252,-0.0438,-0.1712,0.785,1.000
10,0.4000,0,22,right_thumb,1421.39,568.67,0.0962,-0.2122,0.1137,0.017,1.000
10,0.4000,0,23,left_hip,1380.07,624.75,-0.0608,0.0056,-0.0422,1.000,1.000
10,0.4000,0,24,right_hip,1411.21,621.45,0.0636,-0.0094,0.0420,1.000,1.000
10,0.4000,0,25,left_knee,1367.51,713.55,-0.1269,0.3444,0.0319,0.910,1.000
10,0.4000,0,26,right_knee,1408.34,707.06,0.0606,0.2842,0.1934,0.260,1.000
10,0.4000,0,27,left_ankle,1345.33,814.84,-0.1952,0.6692,0.0865,0.965,1.000
10,0.4000,0,28,right_ankle,1402.80,804.67,0.0137,0.6768,0.3046,0.699,1.000
10,0.4000,0,29,left_heel,1357.02,835.08,-0.2289,0.7011,0.1010,0.942,0.999
10,0.4000,0,30,right_heel,1406.81,826.95,0.0015,0.7097,0.2794,0.854,1.000
10,0.4000,0,31,left_foot_index,1294.88,826.02,-0.3447,0.7022,0.1096,0.883,0.999
10,0.4000,0,32,right_foot_index,1366.90,812.22,-0.0665,0.6838,0.3087,0.551,1.000
11,0.4400,0,0,nose,1388.05,435.66,-0.0676,-0.6545,-0.0057,0.999,1.000
11,0.4400,0,1,left_eye_inner,1389.01,427.68,-0.0537,-0.6620,-0.0459,0.999,1.000
11,0.4400,0,2,left_eye,1387.66,427.77,-0.0536,-0.6611,-0.0343,0.999,1.000
11,0.4400,0,3,left_eye_outer,1386.38,427.92,-0.0525,-0.6631,-0.0374,0.999,1.000
11,0.4400,0,4,right_eye_inner,1394.92,427.16,-0.0251,-0.6752,-0.0361,0.999,1.000
11,0.4400,0,5,right_eye,1397.27,427.02,-0.0245,-0.6746,-0.0500,0.999,1.000
11,0.4400,0,6,right_eye_outer,1399.37,426.82,-0.0173,-0.6593,-0.0287,0.999,1.000
11,0.4400,0,7,left_ear,1391.78,431.44,-0.0122,-0.6065,-0.1537,1.000,1.000
11,0.4400,0,8,right_ear,1406.88,430.46,0.0789,-0.5671,-0.0415,0.997,1.000
11,0.4400,0,9,mouth_left,1387.03,444.78,-0.0430,-0.6264,-0.0233,0.999,1.000
11,0.4400,0,10,mouth_right,1392.55,443.56,-0.0181,-0.5951,-0.0207,0.997,1.000
11,0.4400,0,11,left_shoulder,1385.16,477.30,-0.0342,-0.4499,-0.1794,1.000,1.000
11,0.4400,0,12,right_shoulder,1442.04,484.36,0.1926,-0.5239,0.1045,0.999,1.000
11,0.4400,0,13,left_elbow,1370.20,552.88,-0.0376,-0.2609,-0.2561,0.998,1.000
11,0.4400,0,14,right_elbow,1472.91,537.15,0.2502,-0.2782,0.1415,0.260,1.000
11,0.4400,0,15,left_wrist,1349.27,611.42,-0.1229,-0.0631,-0.1694,0.979,1.000
11,0.4400,0,16,right_wrist,1429.87,561.78,0.0980,-0.2038,0.1946,0.019,1.000
11,0.4400,0,17,left_pinky,1343.11,627.97,-0.1448,-0.0467,-0.1625,0.955,1.000
11,0.4400,0,18,right_pinky,1422.32,574.25,0.1022,-0.2063,0.1964,0.019,1.000
11,0.4400,0,19,left_index,1341.42,627.36,-0.1636,-0.0400,-0.1556,0.951,1.000
11,0.4400,0,20,right_index,1417.90,570.19,0.0883,-0.2454,0.1890,0.017,1.000
11,0.4400,0,21,left_thumb,1343.80,622.15,-0.1256,-0.0402,-0.1599,0.901,1.000
11,0.4400,0,22,right_thumb,1420.08,565.62,0.0805,-0.2181,0.1861,0.020,1.000
11,0.4400,0,23,left_hip,1380.47,618.61,-0.0564,0.0075,-0.0512,1.000,1.000
11,0.4400,0,24,right_hip,1411.19,617.52,0.0594,-0.0115,0.0509,1.000,1.000
11,0.4400,0,25,left_knee,1366.19,713.89,-0.1241,0.3490,-0.0076,0.964,1.000
11,0.4400,0,26,right_knee,1406.56,704.79,0.0564,0.2850,0.1820,0.401,1.000
11,0.4400,0,27,left_ankle,1346.81,816.08,-0.1868,0.6909,0.0149,0.988,1.000
11,0.4400,0,28,right_ankle,1402.18,804.50,0.0149,0.6855,0.2824,0.813,1.000
11,0.4400,0,29,left_heel,1356.52,836.79,-0.2198,0.7260,0.0252,0.975,0.999
11,0.4400,0,30,right_heel,1403.56,825.85,0.0021,0.7197,0.2551,0.912,1.000
11,0.4400,0,31,left_foot_index,1294.68,826.37,-0.3355,0.7307,0.0244,0.960,0.999
11,0.4400,0,32,right_foot_index,1367.35,810.10,-0.0767,0.6959,0.2818,0.722,1.000
11,0.4400,1,0,nose,695.40,428.70,0.1710,-0.6081,-0.0033,1.000,1.000
11,0.4400,1,1,left_eye_inner,689.69,420.86,0.1500,-0.6302,-0.0240,0.999,1.000
11,0.4400,1,2,left_eye,687.21,420.61,0.1510,-0.6303,-0.0156,0.999,1.000
11,0.4400,1,3,left_eye_outer,685.12,420.65,0.1507,-0.6315,-0.0176,0.999,1.000
11,0.4400,1,4,right_eye_inner,695.59,420.90,0.1810,-0.6345,-0.0539,1.000,1.000
11,0.4400,1,5,right_eye,697.40,420.71,0.1839,-0.6325,-0.0658,1.000,1.000
11,0.4400,1,6,right_eye_outer,699.35,420.42,0.1871,-0.6207,-0.0452,1.000,1.000
11,0.4400,1,7,left_ear,679.66,423.97,0.0683,-0.6120,-0.0589,0.999,1.000
11,0.4400,1,8,right_ear,697.88,422.49,0.1499,-0.5419,-0.1248,0.999,1.000
11,0.4400,1,9,mouth_left,691.95,436.24,0.1569,-0.5902,0.0033,0.999,1.000
11,0.4400,1,10,mouth_right,698.09,435.48,0.1746,-0.5491,-0.0454,0.999,1.000
11,0.4400,1,11,left_shoulder,661.43,464.22,0.0233,-0.4740,0.0769,1.000,1.000
11,0.4400,1,12,right_shoulder,703.28,464.98,0.2043,-0.5015,-0.0875,1.000,1.000
11,0.4400,1,13,left_elbow,687.86,519.17,0.1498,-0.3523,0.1469,0.173,1.000
11,0.4400,1,14,right_elbow,718.08,526.78,0.2661,-0.2829,-0.1054,0.972,1.000
11,0.4400,1,15,left_wrist,732.27,514.80,0.3116,-0.3097,0.2502,0.276,1.000
11,0.4400,1,16,right_wrist,748.21,527.47,0.3326,-0.2849,-0.0256,0.870,1.000
11,0.4400,1,17,left_pinky,744.14,516.28,0.3358,-0.3387,0.2861,0.313,1.000
11,0.4400,1,18,right_pinky,758.85,528.63,0.3930,-0.3185,-0.0576,0.808,1.000
11,0.4400,1,19,left_index,748.40,509.72,0.3451,-0.3467,0.2762,0.317,1.000
11,0.4400,1,20,right_index,757.22,519.22,0.4025,-0.3670,-0.0473,0.785,1.000
11,0.4400,1,21,left_thumb,741.39,509.45,0.3289,-0.2968,0.2494,0.307,1.000
11,0.4400,1,22,right_thumb,752.68,518.46,0.3394,-0.3115,-0.0244,0.662,1.000
11,0.4400,1,23,left_hip,645.25,593.18,-0.0583,-0.0065,0.1027,1.000,1.000
11,0.4400,1,24,right_hip,675.48,596.73,0.0609,0.0012,-0.1018,1.000,1.000
11,0.4400,1,25,left_knee,663.55,674.00,-0.0265,0.3523,0.1886,0.933,1.000
11,0.4400,1,26,right_knee,693.20,682.17,0.1454,0.3118,-0.0317,0.992,1.000
11,0.4400,1,27,left_ankle,625.48,761.05,-0.1397,0.6631,0.2352,0.967,1.000
11,0.4400,1,28,right_ankle,665.61,774.66,0.0105,0.6544,0.0279,0.993,1.000
11,0.4400,1,29,left_heel,615.31,774.60,-0.1694,0.6949,0.2529,0.975,1.000
11,0.4400,1,30,right_heel,651.34,788.64,0.0005,0.6852,0.0049,0.979,1.000
11,0.4400,1,31,left_foot_index,645.35,778.16,-0.1233,0.7084,0.2956,0.924,1.000
11,0.4400,1,32,right_foot_index,693.79,787.63,0.0917,0.6928,0.0130,0.962,1.000
12,0.4800,0,0,nose,1389.35,436.19,-0.0492,-0.6721,-0.0097,0.999,1.000
12,0.4800,0,1,left_eye_inner,1390.23,428.15,-0.0372,-0.6783,-0.0501,0.999,1.000
12,0.4800,0,2,left_eye,1389.23,428.12,-0.0368,-0.6773,-0.0388,0.999,1.000
12,0.4800,0,3,left_eye_outer,1388.11,428.15,-0.0360,-0.6794,-0.0415,0.999,1.000
12,0.4800,0,4,right_eye_inner,1395.30,427.81,-0.0064,-0.6907,-0.0422,0.998,1.000
12,0.4800,0,5,right_eye,1397.73,427.65,-0.0058,-0.6901,-0.0559,0.998,1.000
12,0.4800,0,6,right_eye_outer,1400.13,427.43,0.0010,-0.6747,-0.0344,0.999,1.000
12,0.4800,0,7,left_ear,1390.84,431.73,-0.0036,-0.6155,-0.1581,0.999,1.000
12,0.4800,0,8,right_ear,1407.57,431.23,0.0900,-0.5759,-0.0536,0.996,1.000
12,0.4800,0,9,mouth_left,1388.86,444.31,-0.0274,-0.6411,-0.0265,0.998,1.000
12,0.4800,0,10,mouth_right,1393.76,444.68,-0.0025,-0.6101,-0.0264,0.996,1.000
12,0.4800,0,11,left_shoulder,1381.82,479.24,-0.0317,-0.4523,-0.1737,1.000,1.000
12,0.4800,0,12,right_shoulder,1441.78,484.80,0.2045,-0.5289,0.0896,0.999,1.000
12,0.4800,0,13,left_elbow,1369.10,555.44,-0.0398,-0.2572,-0.2435,0.996,1.000
12,0.4800,0,14,right_elbow,1474.66,536.74,0.2570,-0.2885,0.1415,0.291,1.000
12,0.4800,0,15,left_wrist,1345.72,615.24,-0.1176,-0.0658,-0.1543,0.952,1.000
12,0.4800,0,16,right_wrist,1428.79,560.60,0.1051,-0.2223,0.2175,0.028,1.000
12,0.4800,0,17,left_pinky,1342.58,632.02,-0.1372,-0.0532,-0.1465,0.913,1.000
12,0.4800,0,18,right_pinky,1421.21,571.29,0.1098,-0.2281,0.2207,0.027,1.000
12,0.4800,0,19,left_index,1341.72,630.21,-0.1555,-0.0476,-0.1406,0.906,1.000
12,0.4800,0,20,right_index,1416.31,566.49,0.0966,-0.2649,0.2134,0.025,1.000
12,0.4800,0,21,left_thumb,1343.30,624.29,-0.1204,-0.0434,-0.1453,0.828,1.000
12,0.4800,0,22,right_thumb,1419.05,563.43,0.0876,-0.2371,0.2092,0.027,1.000
12,0.4800,0,23,left_hip,1377.63,625.71,-0.0562,0.0063,-0.0422,1.000,1.000
12,0.4800,0,24,right_hip,1407.65,622.45,0.0593,-0.0107,0.0418,1.000,1.000
12,0.4800,0,25,left_knee,1364.51,715.52,-0.1228,0.3420,0.0199,0.948,1.000
12,0.4800,0,26,right_knee,1406.84,705.86,0.0583,0.2859,0.1646,0.479,1.000
12,0.4800,0,27,left_ankle,1342.61,814.35,-0.1927,0.6720,0.0625,0.981,1.000
12,0.4800,0,28,right_ankle,1400.77,805.86,0.0253,0.6796,0.2551,0.834,1.000
12,0.4800,0,29,left_heel,1354.49,835.81,-0.2266,0.7047,0.0747,0.962,0.999
12,0.4800,0,30,right_heel,1403.72,827.31,0.0132,0.7120,0.2288,0.914,1.000
12,0.4800,0,31,left_foot_index,1293.21,825.84,-0.3432,0.7031,0.0818,0.933,0.999
12,0.4800,0,32,right_foot_index,1368.35,812.02,-0.0568,0.6831,0.2563,0.717,1.000
12,0.4800,1,0,nose,695.87,427.47,0.1642,-0.5968,0.0269,1.000,1.000
12,0.4800,1,1,left_eye_inner,689.66,420.25,0.1392,-0.6170,0.0127,1.000,1.000
12,0.4800,1,2,left_eye,687.54,420.15,0.1404,-0.6171,0.0201,1.000,1.000
12,0.4800,1,3,left_eye_outer,685.63,420.25,0.1401,-0.6177,0.0176,1.000,1.000
12,0.4800,1,4,right_eye_inner,695.12,420.58,0.1658,-0.6233,-0.0186,1.000,1.000
12,0.4800,1,5,right_eye,696.77,420.62,0.1701,-0.6212,-0.0310,1.000,1.000
12,0.4800,1,6,right_eye_outer,698.53,420.52,0.1729,-0.6117,-0.0100,1.000,1.000
12,0.4800,1,7,left_ear,680.23,424.43,0.0605,-0.5939,-0.0031,1.000,1.000
12,0.4800,1,8,right_ear,697.65,423.87,0.1342,-0.5301,-0.0791,1.000,1.000
12,0.4800,1,9,mouth_left,693.62,435.63,0.1510,-0.5797,0.0381,0.999,1.000
12,0.4800,1,10,mouth_right,698.64,435.44,0.1685,-0.5387,-0.0132,0.999,1.000
12,0.4800,1,11,left_shoulder,662.67,465.56,0.0260,-0.4515,0.1376,1.000,1.000
12,0.4800,1,12,right_shoulder,696.50,465.54,0.1813,-0.4939,-0.0520,1.000,1.000
12,0.4800,1,13,left_elbow,690.69,522.36,0.1439,-0.3188,0.1969,0.062,1.000
12,0.4800,1,14,right_elbow,709.10,531.64,0.2195,-0.2417,-0.1352,0.993,1.000
12,0.4800,1,15,left_wrist,732.51,522.20,0.3098,-0.2574,0.2663,0.518,1.000
12,0.4800,1,16,right_wrist,747.77,531.45,0.3085,-0.2303,-0.1539,0.967,1.000
12,0.4800,1,17,left_pinky,744.39,520.91,0.3321,-0.2813,0.2957,0.602,1.000
12,0.4800,1,18,right_pinky,761.49,531.27,0.3677,-0.2657,-0.1992,0.952,1.000
12,0.4800,1,19,left_index,747.85,516.03,0.3433,-0.2914,0.2896,0.611,1.000
12,0.4800,1,20,right_index,758.56,521.53,0.3870,-0.3167,-0.1861,0.946,1.000
12,0.4800,1,21,left_thumb,742.85,515.80,0.3279,-0.2463,0.2645,0.569,1.000
12,0.4800,1,22,right_thumb,752.69,521.19,0.3191,-0.2557,-0.1531,0.885,1.000
12,0.4800,1,23,left_hip,645.94,587.89,-0.0547,0.0006,0.1084,1.000,1.000
12,0.4800,1,24,right_hip,671.53,593.23,0.0568,-0.0067,-0.1063,1.000,1.000
12,0.4800,1,25,left_knee,662.94,679.20,-0.0189,0.3884,0.1143,0.887,1.000
12,0.4800,1,26,right_knee,692.67,685.81,0.1297,0.3175,-0.0982,0.994,1.000
12,0.4800,1,27,left_ankle,621.29,768.85,-0.1485,0.6835,0.1147,0.925,1.000
12,0.4800,1,28,right_ankle,656.97,784.23,-0.0063,0.6583,-0.1117,0.991,1.000
12,0.4800,1,29,left_heel,610.28,784.49,-0.1797,0.7158,0.1280,0.972,1.000
12,0.4800,1,30,right_heel,643.45,799.20,-0.0145,0.6899,-0.1428,0.977,1.000
12,0.4800,1,31,left_foot_index,642.56,787.77,-0.1105,0.7129,0.1581,0.890,1.000
12,0.4800,1,32,right_foot_index,692.60,799.57,0.0950,0.6947,-0.1476,0.965,1.000
13,0.5200,0,0,nose,1389.87,438.42,-0.0355,-0.6755,0.0013,0.999,1.000
13,0.5200,0,1,left_eye_inner,1389.92,429.38,-0.0270,-0.6808,-0.0376,0.999,1.000
13,0.5200,0,2,left_eye,1388.64,428.88,-0.0266,-0.6800,-0.0268,0.999,1.000
13,0.5200,0,3,left_eye_outer,1387.32,428.54,-0.0258,-0.6820,-0.0291,0.999,1.000
13,0.5200,0,4,right_eye_inner,1395.84,429.75,0.0060,-0.6918,-0.0316,0.998,1.000
13,0.5200,0,5,right_eye,1398.57,429.53,0.0065,-0.6914,-0.0448,0.998,1.000
13,0.5200,0,6,right_eye_outer,1401.19,429.23,0.0136,-0.6753,-0.0237,0.998,1.000
13,0.5200,0,7,left_ear,1390.16,431.09,-0.0009,-0.6155,-0.1490,0.999,1.000
13,0.5200,0,8,right_ear,1408.13,431.52,0.0965,-0.5723,-0.0493,0.996,1.000
13,0.5200,0,9,mouth_left,1389.06,445.32,-0.0153,-0.6428,-0.0154,0.998,1.000
13,0.5200,0,10,mouth_right,1394.99,446.42,0.0101,-0.6112,-0.0167,0.996,1.000
13,0.5200,0,11,left_shoulder,1383.56,480.47,-0.0256,-0.4543,-0.1684,1.000,1.000
13,0.5200,0,12,right_shoulder,1442.13,485.38,0.2068,-0.5238,0.0954,0.999,1.000
13,0.5200,0,13,left_elbow,1369.07,554.52,-0.0226,-0.2667,-0.2527,0.997,1.000
13,0.5200,0,14,right_elbow,1475.64,537.15,0.2607,-0.3005,0.1785,0.291,1.000
13,0.5200,0,15,left_wrist,1345.90,615.79,-0.1053,-0.0802,-0.1734,0.958,1.000
13,0.5200,0,16,right_wrist,1430.06,560.97,0.1109,-0.2500,0.3000,0.027,1.000
13,0.5200,0,17,left_pinky,1342.54,632.18,-0.1250,-0.0704,-0.1685,0.921,1.000
13,0.5200,0,18,right_pinky,1423.59,569.54,0.1189,-0.2612,0.3103,0.025,1.000
13,0.5200,0,19,left_index,1341.57,630.76,-0.1481,-0.0641,-0.1605,0.913,1.000
13,0.5200,0,20,right_index,1417.81,566.63,0.1056,-0.2983,0.3026,0.023,1.000
13,0.5200,0,21,left_thumb,1343.18,625.12,-0.1112,-0.0579,-0.1644,0.836,1.000
13,0.5200,0,22,right_thumb,1420.39,564.00,0.0928,-0.2664,0.2923,0.025,1.000
13,0.5200,0,23,left_hip,1377.34,627.52,-0.0546,0.0053,-0.0432,1.000,1.000
13,0.5200,0,24,right_hip,1406.93,625.32,0.0578,-0.0102,0.0422,1.000,1.000
13,0.5200,0,25,left_knee,1365.62,713.12,-0.1212,0.3396,0.0220,0.942,1.000
13,0.5200,0,26,right_knee,1404.93,705.70,0.0592,0.2839,0.1773,0.437,1.000
13,0.5200,0,27,left_ankle,1343.03,814.62,-0.1889,0.6705,0.0693,0.977,1.000
13,0.5200,0,28,right_ankle,1399.53,807.62,0.0220,0.6778,0.2698,0.805,1.000
13,0.5200,0,29,left_heel,1355.17,835.38,-0.2205,0.7039,0.0818,0.960,0.999
13,0.5200,0,30,right_heel,1400.42,827.56,0.0093,0.7108,0.2447,0.902,1.000
13,0.5200,0,31,left_foot_index,1293.51,826.34,-0.3322,0.7044,0.0908,0.922,0.999
13,0.5200,0,32,right_foot_index,1366.56,814.89,-0.0599,0.6843,0.2715,0.658,1.000
13,0.5200,1,0,nose,696.99,433.82,0.1784,-0.6012,0.0112,0.999,1.000
13,0.5200,1,1,left_eye_inner,689.44,426.19,0.1560,-0.6201,-0.0005,0.998,1.000
13,0.5200,1,2,left_eye,687.19,425.98,0.1575,-0.6192,0.0064,0.998,1.000
13,0.5200,1,3,left_eye_outer,685.07,425.93,0.1573,-0.6208,0.0035,0.999,1.000
13,0.5200,1,4,right_eye_inner,694.77,426.81,0.1800,-0.6252,-0.0351,0.999,1.000
13,0.5200,1,5,right_eye,696.14,426.95,0.1848,-0.6237,-0.0481,0.999,1.000
13,0.5200,1,6,right_eye_outer,697.67,426.94,0.1885,-0.6140,-0.0265,1.000,1.000
13,0.5200,1,7,left_ear,679.55,430.08,0.0750,-0.5974,-0.0147,0.998,1.000
13,0.5200,1,8,right_ear,696.39,431.20,0.1448,-0.5355,-0.0941,0.999,1.000
13,0.5200,1,9,mouth_left,694.96,441.74,0.1640,-0.5852,0.0248,0.997,1.000
13,0.5200,1,10,mouth_right,699.14,441.48,0.1814,-0.5451,-0.0299,0.998,1.000
13,0.5200,1,11,left_shoulder,664.21,473.96,0.0445,-0.4573,0.1287,1.000,1.000
13,0.5200,1,12,right_shoulder,694.10,471.69,0.1870,-0.5004,-0.0784,1.000,1.000
13,0.5200,1,13,left_elbow,690.89,527.38,0.1644,-0.3235,0.1305,0.093,1.000
13,0.5200,1,14,right_elbow,713.00,537.51,0.2440,-0.2593,-0.1407,0.994,1.000
13,0.5200,1,15,left_wrist,739.90,527.97,0.3355,-0.2669,0.1128,0.368,1.000
13,0.5200,1,16,right_wrist,749.26,533.34,0.3352,-0.2615,-0.1294,0.981,1.000
13,0.5200,1,17,left_pinky,749.10,528.73,0.3615,-0.2880,0.1284,0.453,1.000
13,0.5200,1,18,right_pinky,760.97,531.78,0.3934,-0.2965,-0.1724,0.968,1.000
13,0.5200,1,19,left_index,752.10,519.35,0.3741,-0.2995,0.1223,0.460,1.000
13,0.5200,1,20,right_index,757.50,522.33,0.4100,-0.3536,-0.1640,0.963,1.000
13,0.5200,1,21,left_thumb,746.93,518.85,0.3534,-0.2556,0.1081,0.424,1.000
13,0.5200,1,22,right_thumb,752.43,522.22,0.3444,-0.2888,-0.1287,0.917,1.000
13,0.5200,1,23,left_hip,645.19,598.99,-0.0522,0.0016,0.1150,1.000,1.000
13,0.5200,1,24,right_hip,669.01,605.01,0.0547,-0.0076,-0.1139,1.000,1.000
13,0.5200,1,25,left_knee,658.36,688.82,-0.0027,0.3711,0.1374,0.768,1.000
13,0.5200,1,26,right_knee,693.82,693.31,0.1497,0.3244,-0.1300,0.995,1.000
13,0.5200,1,27,left_ankle,614.53,778.59,-0.1455,0.6845,0.1385,0.887,1.000
13,0.5200,1,28,right_ankle,650.54,797.55,-0.0123,0.6741,-0.1673,0.990,1.000
13,0.5200,1,29,left_heel,604.76,795.52,-0.1768,0.7184,0.1525,0.961,1.000
13,0.5200,1,30,right_heel,634.43,808.66,-0.0233,0.7056,-0.2007,0.975,1.000
13,0.5200,1,31,left_foot_index,638.86,797.75,-0.1053,0.7267,0.1903,0.830,1.000
13,0.5200,1,32,right_foot_index,682.24,817.34,0.0850,0.7179,-0.2099,0.959,1.000
14,0.5600,0,0,nose,1389.21,441.69,-0.0295,-0.6594,0.0169,0.995,1.000
14,0.5600,0,1,left_eye_inner,1389.49,432.21,-0.0231,-0.6659,-0.0237,0.994,1.000
14,0.5600,0,2,left_eye,1388.23,431.44,-0.0228,-0.6654,-0.0127,0.995,1.000
14,0.5600,0,3,left_eye_outer,1386.91,430.89,-0.0218,-0.6674,-0.0153,0.996,1.000
14,0.5600,0,4,right_eye_inner,1395.50,433.32,0.0081,-0.6755,-0.0176,0.994,1.000
14,0.5600,0,5,right_eye,1398.19,433.20,0.0087,-0.6751,-0.0312,0.995,1.000
14,0.5600,0,6,right_eye_outer,1400.61,432.98,0.0149,-0.6597,-0.0101,0.996,1.000
14,0.5600,0,7,left_ear,1389.48,433.06,-0.0018,-0.6105,-0.1287,0.997,1.000
14,0.5600,0,8,right_ear,1407.47,434.74,0.0932,-0.5585,-0.0367,0.987,1.000
14,0.5600,0,9,mouth_left,1388.15,447.86,-0.0105,-0.6307,0.0001,0.994,1.000
14,0.5600,0,10,mouth_right,1394.00,449.38,0.0144,-0.5959,-0.0028,0.990,1.000
14,0.5600,0,11,left_shoulder,1382.90,480.98,-0.0284,-0.4508,-0.1456,1.000,1.000
14,0.5600,0,12,right_shoulder,1440.26,488.17,0.2026,-0.5134,0.1005,0.999,1.000
14,0.5600,0,13,left_elbow,1370.56,558.11,-0.0361,-0.2448,-0.2079,0.988,1.000
14,0.5600,0,14,right_elbow,1472.34,543.96,0.2486,-0.2683,0.1385,0.203,1.000
14,0.5600,0,15,left_wrist,1343.91,620.05,-0.1224,-0.0705,-0.1213,0.802,1.000
14,0.5600,0,16,right_wrist,1425.21,566.10,0.0925,-0.2146,0.1904,0.025,1.000
14,0.5600,0,17,left_pinky,1341.29,638.44,-0.1464,-0.0615,-0.1123,0.713,1.000
14,0.5600,0,18,right_pinky,1414.62,577.84,0.0954,-0.2239,0.1879,0.025,1.000
14,0.5600,0,19,left_index,1339.92,636.21,-0.1643,-0.0623,-0.1058,0.696,1.000
14,0.5600,0,20,right_index,1410.03,572.66,0.0808,-0.2623,0.1796,0.023,1.000
14,0.5600,0,21,left_thumb,1340.53,629.85,-0.1255,-0.0515,-0.1117,0.548,1.000
14,0.5600,0,22,right_thumb,1413.47,568.75,0.0741,-0.2308,0.1819,0.024,1.000
14,0.5600,0,23,left_hip,1376.43,631.94,-0.0594,0.0032,-0.0359,1.000,1.000
14,0.5600,0,24,right_hip,1407.00,627.52,0.0625,-0.0072,0.0359,1.000,1.000
14,0.5600,0,25,left_knee,1365.06,720.02,-0.1208,0.3415,0.0355,0.930,1.000
14,0.5600,0,26,right_knee,1406.01,709.66,0.0769,0.2778,0.1727,0.365,1.000
14,0.5600,0,27,left_ankle,1348.63,819.80,-0.1854,0.6597,0.0812,0.976,1.000
14,0.5600,0,28,right_ankle,1403.13,808.92,0.0150,0.6593,0.2766,0.784,1.000
14,0.5600,0,29,left_heel,1357.01,840.11,-0.2181,0.6898,0.0943,0.948,0.999
14,0.5600,0,30,right_heel,1404.40,830.07,0.0004,0.6907,0.2519,0.873,1.000
14,0.5600,0,31,left_foot_index,1295.18,830.81,-0.3290,0.6758,0.0984,0.907,1.000
14,0.5600,0,32,right_foot_index,1371.41,813.96,-0.0602,0.6586,0.2771,0.617,1.000
14,0.5600,1,0,nose,699.36,441.91,0.1936,-0.6092,0.0355,1.000,1.000
14,0.5600,1,1,left_eye_inner,692.87,433.87,0.1726,-0.6297,0.0188,1.000,1.000
14,0.5600,1,2,left_eye,690.54,433.81,0.1745,-0.6286,0.0254,1.000,1.000
14,0.5600,1,3,left_eye_outer,688.50,433.97,0.1739,-0.6304,0.0230,1.000,1.000
14,0.5600,1,4,right_eye_inner,698.27,434.41,0.2020,-0.6344,-0.0136,1.000,1.000
14,0.5600,1,5,right_eye,699.77,434.59,0.2067,-0.6325,-0.0259,1.000,1.000
14,0.5600,1,6,right_eye_outer,701.38,434.67,0.2096,-0.6232,-0.0048,1.000,1.000
14,0.5600,1,7,left_ear,682.51,438.95,0.0902,-0.6025,-0.0098,1.000,1.000
14,0.5600,1,8,right_ear,700.81,439.57,0.1742,-0.5392,-0.0808,1.000,1.000
14,0.5600,1,9,mouth_left,696.42,450.56,0.1777,-0.5890,0.0434,0.999,1.000
14,0.5600,1,10,mouth_right,701.48,450.23,0.1974,-0.5492,-0.0076,0.999,1.000
14,0.5600,1,11,left_shoulder,666.97,482.93,0.0510,-0.4611,0.1344,1.000,1.000
14,0.5600,1,12,right_shoulder,695.15,482.15,0.2157,-0.5005,-0.0601,1.000,1.000
14,0.5600,1,13,left_elbow,693.26,539.70,0.1765,-0.3367,0.1565,0.055,1.000
14,0.5600,1,14,right_elbow,716.60,546.90,0.2740,-0.2772,-0.1118,0.996,1.000
14,0.5600,1,15,left_wrist,738.48,537.19,0.3476,-0.2833,0.1679,0.485,1.000
14,0.5600,1,16,right_wrist,752.45,540.69,0.3681,-0.2928,-0.0820,0.984,1.000
14,0.5600,1,17,left_pinky,749.35,537.59,0.3718,-0.3089,0.1905,0.603,1.000
14,0.5600,1,18,right_pinky,764.73,539.95,0.4299,-0.3319,-0.1197,0.975,1.000
14,0.5600,1,19,left_index,751.55,531.91,0.3816,-0.3218,0.1853,0.610,1.000
14,0.5600,1,20,right_index,761.70,529.89,0.4466,-0.3848,-0.1100,0.972,1.000
14,0.5600,1,21,left_thumb,746.69,531.00,0.3627,-0.2723,0.1651,0.563,1.000
14,0.5600,1,22,right_thumb,756.54,529.67,0.3783,-0.3204,-0.0806,0.936,1.000
14,0.5600,1,23,left_hip,641.58,615.07,-0.0529,-0.0041,0.1138,1.000,1.000
14,0.5600,1,24,right_hip,665.98,621.90,0.0555,-0.0023,-0.1124,1.000,1.000
14,0.5600,1,25,left_knee,659.45,700.12,0.0023,0.3606,0.1758,0.874,1.000
14,0.5600,1,26,right_knee,689.71,704.19,0.1595,0.3113,-0.1518,0.998,1.000
14,0.5600,1,27,left_ankle,612.33,784.34,-0.1322,0.6629,0.2114,0.932,1.000
14,0.5600,1,28,right_ankle,645.38,816.50,0.0051,0.6590,-0.1942,0.996,1.000
14,0.5600,1,29,left_heel,599.56,802.58,-0.1646,0.6943,0.2279,0.974,1.000
14,0.5600,1,30,right_heel,629.43,830.34,-0.0060,0.6892,-0.2250,0.989,1.000
14,0.5600,1,31,left_foot_index,634.16,800.94,-0.1039,0.6926,0.2734,0.885,1.000
14,0.5600,1,32,right_foot_index,677.28,838.05,0.0896,0.6937,-0.2256,0.984,1.000
15,0.6000,1,0,nose,699.78,452.69,0.1979,-0.6036,0.0265,1.000,1.000
15,0.6000,1,1,left_eye_inner,693.90,445.17,0.1709,-0.6220,0.0202,0.999,1.000
15,0.6000,1,2,left_eye,691.96,445.10,0.1738,-0.6198,0.0262,0.999,1.000
15,0.6000,1,3,left_eye_outer,690.27,445.19,0.1736,-0.6228,0.0230,0.999,1.000
15,0.6000,1,4,right_eye_inner,698.63,445.53,0.1953,-0.6240,-0.0235,1.000,1.000
15,0.6000,1,5,right_eye,699.91,445.85,0.2005,-0.6223,-0.0370,1.000,1.000
15,0.6000,1,6,right_eye_outer,701.39,445.97,0.2037,-0.6133,-0.0147,1.000,1.000
15,0.6000,1,7,left_ear,684.58,449.86,0.0745,-0.5889,0.0161,0.999,1.000
15,0.6000,1,8,right_ear,700.17,449.79,0.1379,-0.5240,-0.0902,1.000,1.000
15,0.6000,1,9,mouth_left,697.24,461.68,0.1812,-0.5829,0.0424,0.999,1.000
15,0.6000,1,10,mouth_right,701.29,461.06,0.1934,-0.5436,-0.0206,0.999,1.000
15,0.6000,1,11,left_shoulder,668.91,493.61,0.0451,-0.4470,0.1443,1.000,1.000
15,0.6000,1,12,right_shoulder,695.27,493.85,0.1924,-0.4812,-0.0785,1.000,1.000
15,0.6000,1,13,left_elbow,683.81,549.44,0.1491,-0.3215,0.0907,0.062,1.000
15,0.6000,1,14,right_elbow,717.78,559.52,0.2699,-0.2699,-0.0978,0.968,1.000
15,0.6000,1,15,left_wrist,739.24,546.01,0.3213,-0.2806,-0.0003,0.082,1.000
15,0.6000,1,16,right_wrist,756.79,550.48,0.3815,-0.3089,-0.0064,0.911,1.000
15,0.6000,1,17,left_pinky,751.33,546.88,0.3529,-0.3046,0.0040,0.127,1.000
15,0.6000,1,18,right_pinky,769.54,550.39,0.4476,-0.3446,-0.0435,0.863,1.000
15,0.6000,1,19,left_index,749.42,541.93,0.3637,-0.3192,-0.0004,0.129,1.000
15,0.6000,1,20,right_index,766.14,540.54,0.4661,-0.4069,-0.0341,0.841,1.000
15,0.6000,1,21,left_thumb,744.69,541.41,0.3362,-0.2689,-0.0066,0.123,1.000
15,0.6000,1,22,right_thumb,760.23,540.65,0.3933,-0.3410,-0.0039,0.700,1.000
15,0.6000,1,23,left_hip,645.47,622.18,-0.0436,-0.0025,0.1278,1.000,1.000
15,0.6000,1,24,right_hip,665.59,626.80,0.0474,-0.0037,-0.1270,1.000,1.000
15,0.6000,1,25,left_knee,660.26,708.31,-0.0085,0.3567,0.2474,0.286,1.000
15,0.6000,1,26,right_knee,685.63,719.25,0.1321,0.3266,-0.2080,0.998,1.000
15,0.6000,1,27,left_ankle,613.98,785.96,-0.1472,0.6644,0.3348,0.631,1.000
15,0.6000,1,28,right_ankle,641.53,830.85,-0.0491,0.6796,-0.2978,0.996,1.000
15,0.6000,1,29,left_heel,601.51,807.41,-0.1776,0.6962,0.3568,0.864,1.000
15,0.6000,1,30,right_heel,620.36,842.47,-0.0617,0.7086,-0.3343,0.984,1.000
15,0.6000,1,31,left_foot_index,638.97,802.99,-0.1020,0.7076,0.4217,0.580,1.000
15,0.6000,1,32,right_foot_index,675.98,859.02,0.0373,0.7235,-0.3503,0.980,1.000
15,0.6000,0,0,nose,1384.46,448.84,-0.0463,-0.6615,0.0454,0.998,1.000
15,0.6000,0,1,left_eye_inner,1385.66,439.71,-0.0382,-0.6688,0.0057,0.998,1.000
15,0.6000,0,2,left_eye,1384.38,439.60,-0.0376,-0.6682,0.0161,0.999,1.000
15,0.6000,0,3,left_eye_outer,1383.32,439.55,-0.0365,-0.6703,0.0136,0.999,1.000
15,0.6000,0,4,right_eye_inner,1390.77,439.59,-0.0068,-0.6791,0.0143,0.998,1.000
15,0.6000,0,5,right_eye,1393.24,439.31,-0.0060,-0.6786,0.0011,0.999,1.000
15,0.6000,0,6,right_eye_outer,1395.44,439.01,0.0010,-0.6633,0.0217,0.999,1.000
15,0.6000,0,7,left_ear,1387.54,441.98,-0.0054,-0.6101,-0.1056,0.999,1.000
15,0.6000,0,8,right_ear,1403.85,442.09,0.0928,-0.5603,-0.0001,0.996,1.000
15,0.6000,0,9,mouth_left,1383.61,456.77,-0.0220,-0.6320,0.0268,0.998,1.000
15,0.6000,0,10,mouth_right,1389.02,456.38,0.0042,-0.5974,0.0276,0.996,1.000
15,0.6000,0,11,left_shoulder,1381.57,488.76,-0.0216,-0.4483,-0.1261,1.000,1.000
15,0.6000,0,12,right_shoulder,1439.43,495.32,0.2045,-0.5114,0.1234,1.000,1.000
15,0.6000,0,13,left_elbow,1370.30,564.88,-0.0248,-0.2500,-0.2055,0.994,1.000
15,0.6000,0,14,right_elbow,1473.73,547.29,0.2722,-0.2749,0.1581,0.400,1.000
15,0.6000,0,15,left_wrist,1344.76,624.11,-0.1114,-0.0753,-0.1375,0.900,1.000
15,0.6000,0,16,right_wrist,1427.44,573.34,0.1131,-0.2270,0.2087,0.040,1.000
15,0.6000,0,17,left_pinky,1340.99,641.91,-0.1345,-0.0689,-0.1301,0.844,1.000
15,0.6000,0,18,right_pinky,1419.10,579.65,0.1151,-0.2402,0.2086,0.036,1.000
15,0.6000,0,19,left_index,1340.05,639.67,-0.1514,-0.0679,-0.1229,0.831,1.000
15,0.6000,0,20,right_index,1413.86,575.04,0.0987,-0.2808,0.2015,0.032,1.000
15,0.6000,0,21,left_thumb,1341.37,633.52,-0.1142,-0.0570,-0.1278,0.712,1.000
15,0.6000,0,22,right_thumb,1416.30,573.66,0.0933,-0.2443,0.2006,0.033,1.000
15,0.6000,0,23,left_hip,1376.51,632.82,-0.0574,0.0054,-0.0362,1.000,1.000
15,0.6000,0,24,right_hip,1405.13,629.93,0.0604,-0.0097,0.0364,1.000,1.000
15,0.6000,0,25,left_knee,1366.08,723.92,-0.1072,0.3524,-0.0049,0.966,1.000
15,0.6000,0,26,right_knee,1403.88,714.34,0.0816,0.2872,0.1417,0.575,1.000
15,0.6000,0,27,left_ankle,1347.87,822.66,-0.1777,0.6677,0.0316,0.982,1.000
15,0.6000,0,28,right_ankle,1399.54,813.79,0.0435,0.6685,0.2231,0.848,1.000
15,0.6000,0,29,left_heel,1354.42,844.71,-0.2091,0.6986,0.0444,0.968,1.000
15,0.6000,0,30,right_heel,1403.37,837.53,0.0317,0.7004,0.1958,0.921,1.000
15,0.6000,0,31,left_foot_index,1294.13,835.00,-0.3113,0.6827,0.0508,0.927,1.000
15,0.6000,0,32,right_foot_index,1370.64,817.06,-0.0310,0.6651,0.2200,0.696,1.000
16,0.6400,0,0,nose,1385.99,451.03,-0.0265,-0.6412,0.0827,0.999,1.000
16,0.6400,0,1,left_eye_inner,1387.15,442.21,-0.0229,-0.6519,0.0430,0.999,1.000
16,0.6400,0,2,left_eye,1385.93,442.01,-0.0218,-0.6529,0.0532,0.999,1.000
16,0.6400,0,3,left_eye_outer,1384.79,441.86,-0.0205,-0.6539,0.0509,0.999,1.000
16,0.6400,0,4,right_eye_inner,1392.43,442.42,0.0108,-0.6582,0.0498,0.999,1.000
16,0.6400,0,5,right_eye,1394.85,442.29,0.0118,-0.6576,0.0372,0.999,1.000
16,0.6400,0,6,right_eye_outer,1397.09,442.12,0.0159,-0.6418,0.0575,0.999,1.000
16,0.6400,0,7,left_ear,1388.10,445.06,-0.0040,-0.6008,-0.0609,1.000,1.000
16,0.6400,0,8,right_ear,1404.21,445.33,0.0847,-0.5399,0.0322,0.998,1.000
16,0.6400,0,9,mouth_left,1385.51,459.33,-0.0059,-0.6113,0.0635,0.998,1.000
16,0.6400,0,10,mouth_right,1390.70,459.25,0.0132,-0.5750,0.0631,0.998,1.000
16,0.6400,0,11,left_shoulder,1384.91,492.60,-0.0291,-0.4410,-0.0829,1.000,1.000
16,0.6400,0,12,right_shoulder,1441.55,503.43,0.2037,-0.4841,0.1512,1.000,1.000
16,0.6400,0,13,left_elbow,1373.21,564.20,-0.0362,-0.2290,-0.1382,0.992,1.000
16,0.6400,0,14,right_elbow,1460.93,559.91,0.2328,-0.2493,0.2033,0.381,1.000
16,0.6400,0,15,left_wrist,1347.47,628.86,-0.1152,-0.0745,-0.0400,0.893,1.000
16,0.6400,0,16,right_wrist,1419.75,580.47,0.0915,-0.2247,0.2777,0.072,1.000
16,0.6400,0,17,left_pinky,1342.94,644.96,-0.1337,-0.0718,-0.0233,0.836,1.000
16,0.6400,0,18,right_pinky,1409.48,586.47,0.1027,-0.2372,0.2788,0.068,1.000
16,0.6400,0,19,left_index,1340.88,642.16,-0.1476,-0.0736,-0.0191,0.829,1.000
16,0.6400,0,20,right_index,1404.27,582.62,0.0950,-0.2742,0.2721,0.062,1.000
16,0.6400,0,21,left_thumb,1341.68,636.76,-0.1176,-0.0567,-0.0314,0.741,1.000
16,0.6400,0,22,right_thumb,1408.75,580.64,0.0768,-0.2444,0.2698,0.062,1.000
16,0.6400,0,23,left_hip,1375.69,640.49,-0.0624,-0.0012,-0.0351,1.000,1.000
16,0.6400,0,24,right_hip,1404.31,636.20,0.0657,-0.0022,0.0357,1.000,1.000
16,0.6400,0,25,left_knee,1369.36,728.23,-0.1257,0.3483,0.0256,0.984,1.000
16,0.6400,0,26,right_knee,1402.33,720.50,0.0613,0.3045,0.1555,0.843,1.000
16,0.6400,0,27,left_ankle,1347.63,828.61,-0.1581,0.6547,0.0884,0.991,1.000
16,0.6400,0,28,right_ankle,1399.31,818.97,-0.0109,0.6541,0.2550,0.960,1.000
16,0.6400,0,29,left_heel,1354.08,846.66,-0.1834,0.6830,0.1041,0.981,1.000
16,0.6400,0,30,right_heel,1400.51,841.80,-0.0254,0.6817,0.2317,0.970,1.000
16,0.6400,0,31,left_foot_index,1298.47,838.35,-0.2670,0.6787,0.1230,0.959,1.000
16,0.6400,0,32,right_foot_index,1360.92,824.99,-0.0825,0.6514,0.2638,0.879,1.000
16,0.6400,1,0,nose,701.95,465.31,0.1944,-0.5933,0.0419,0.999,1.000
16,0.6400,1,1,left_eye_inner,695.80,457.01,0.1695,-0.6120,0.0346,0.999,1.000
16,0.6400,1,2,left_eye,693.40,456.76,0.1714,-0.6106,0.0401,0.999,1.000
16,0.6400,1,3,left_eye_outer,691.21,456.78,0.1711,-0.6133,0.0375,0.999,1.000
16,0.6400,1,4,right_eye_inner,700.82,457.53,0.1941,-0.6165,-0.0075,0.999,1.000
16,0.6400,1,5,right_eye,702.02,457.54,0.1992,-0.6150,-0.0210,1.000,1.000
16,0.6400,1,6,right_eye_outer,703.32,457.50,0.2033,-0.6053,0.0007,1.000,1.000
16,0.6400,1,7,left_ear,685.45,460.26,0.0758,-0.5864,0.0249,0.999,1.000
16,0.6400,1,8,right_ear,700.99,459.84,0.1490,-0.5221,-0.0772,0.999,1.000
16,0.6400,1,9,mouth_left,698.45,473.23,0.1764,-0.5751,0.0563,0.998,1.000
16,0.6400,1,10,mouth_right,703.16,472.63,0.1935,-0.5362,-0.0048,0.998,1.000
16,0.6400,1,11,left_shoulder,668.37,502.72,0.0503,-0.4514,0.1520,1.000,1.000
16,0.6400,1,12,right_shoulder,693.69,502.21,0.1900,-0.4909,-0.0711,1.000,1.000
16,0.6400,1,13,left_elbow,702.13,554.47,0.1791,-0.3398,0.0980,0.081,1.000
16,0.6400,1,14,right_elbow,717.48,567.67,0.2836,-0.2745,-0.0875,0.977,1.000
16,0.6400,1,15,left_wrist,754.34,552.85,0.3637,-0.3009,0.0068,0.240,1.000
16,0.6400,1,16,right_wrist,759.66,559.47,0.3738,-0.3031,0.0048,0.936,1.000
16,0.6400,1,17,left_pinky,769.27,554.18,0.3976,-0.3253,0.0136,0.339,1.000
16,0.6400,1,18,right_pinky,773.56,559.02,0.4328,-0.3411,-0.0290,0.905,1.000
16,0.6400,1,19,left_index,766.44,544.85,0.4046,-0.3374,0.0077,0.343,1.000
16,0.6400,1,20,right_index,770.02,547.79,0.4392,-0.4022,-0.0213,0.891,1.000
16,0.6400,1,21,left_thumb,759.16,544.64,0.3794,-0.2889,-0.0001,0.327,1.000
16,0.6400,1,22,right_thumb,763.65,548.30,0.3800,-0.3343,0.0069,0.799,1.000
16,0.6400,1,23,left_hip,646.33,632.98,-0.0398,0.0041,0.1259,1.000,1.000
16,0.6400,1,24,right_hip,663.87,637.45,0.0431,-0.0110,-0.1252,1.000,1.000
16,0.6400,1,25,left_knee,666.57,723.59,0.0193,0.3563,0.2415,0.550,1.000
16,0.6400,1,26,right_knee,679.50,733.91,0.1037,0.3174,-0.1728,0.998,1.000
16,0.6400,1,27,left_ankle,613.47,792.42,-0.1413,0.6387,0.3389,0.736,1.000
16,0.6400,1,28,right_ankle,640.25,848.96,-0.0528,0.6971,-0.2291,0.997,1.000
16,0.6400,1,29,left_heel,599.93,810.26,-0.1762,0.6700,0.3628,0.906,1.000
16,0.6400,1,30,right_heel,618.98,861.11,-0.0635,0.7299,-0.2627,0.988,1.000
16,0.6400,1,31,left_foot_index,640.35,814.31,-0.1167,0.7048,0.4299,0.673,1.000
16,0.6400,1,32,right_foot_index,677.10,883.84,0.0339,0.7502,-0.2773,0.983,0.999
17,0.6800,0,0,nose,1387.34,454.56,-0.0242,-0.6592,0.0537,0.997,1.000
17,0.6800,0,1,left_eye_inner,1388.53,446.88,-0.0202,-0.6670,0.0131,0.997,1.000
17,0.6800,0,2,left_eye,1387.53,446.37,-0.0195,-0.6677,0.0238,0.997,1.000
17,0.6800,0,3,left_eye_outer,1386.26,445.90,-0.0184,-0.6689,0.0211,0.998,1.000
17,0.6800,0,4,right_eye_inner,1393.66,447.43,0.0131,-0.6744,0.0183,0.996,1.000
17,0.6800,0,5,right_eye,1396.05,447.17,0.0140,-0.6741,0.0050,0.997,1.000
17,0.6800,0,6,right_eye_outer,1398.29,446.81,0.0189,-0.6582,0.0257,0.997,1.000
17,0.6800,0,7,left_ear,1388.79,447.95,-0.0076,-0.6123,-0.0934,0.998,1.000
17,0.6800,0,8,right_ear,1405.58,449.31,0.0873,-0.5547,-0.0060,0.994,1.000
17,0.6800,0,9,mouth_left,1386.74,461.33,-0.0073,-0.6292,0.0349,0.996,1.000
17,0.6800,0,10,mouth_right,1391.77,461.60,0.0148,-0.5939,0.0319,0.993,1.000
17,0.6800,0,11,left_shoulder,1380.87,494.63,-0.0359,-0.4514,-0.1150,1.000,1.000
17,0.6800,0,12,right_shoulder,1439.90,503.35,0.2045,-0.5046,0.1138,1.000,1.000
17,0.6800,0,13,left_elbow,1373.06,568.94,-0.0353,-0.2468,-0.1804,0.994,1.000
17,0.6800,0,14,right_elbow,1464.81,559.08,0.2494,-0.2736,0.1607,0.431,1.000
17,0.6800,0,15,left_wrist,1346.89,633.92,-0.1161,-0.0742,-0.0985,0.899,1.000
17,0.6800,0,16,right_wrist,1425.65,584.32,0.1129,-0.2196,0.2361,0.061,1.000
17,0.6800,0,17,left_pinky,1343.74,651.38,-0.1365,-0.0638,-0.0868,0.834,1.000
17,0.6800,0,18,right_pinky,1414.48,595.86,0.1230,-0.2238,0.2382,0.054,1.000
17,0.6800,0,19,left_index,1342.70,649.33,-0.1544,-0.0643,-0.0811,0.824,1.000
17,0.6800,0,20,right_index,1410.75,592.33,0.1134,-0.2589,0.2313,0.049,1.000
17,0.6800,0,21,left_thumb,1343.39,643.41,-0.1199,-0.0544,-0.0899,0.723,1.000
17,0.6800,0,22,right_thumb,1413.39,588.99,0.0974,-0.2355,0.2288,0.050,1.000
17,0.6800,0,23,left_hip,1375.92,647.14,-0.0633,0.0000,-0.0342,1.000,1.000
17,0.6800,0,24,right_hip,1404.52,644.08,0.0665,-0.0036,0.0341,1.000,1.000
17,0.6800,0,25,left_knee,1368.23,733.79,-0.1168,0.3437,0.0403,0.971,1.000
17,0.6800,0,26,right_knee,1403.84,724.64,0.0683,0.2951,0.1655,0.701,1.000
17,0.6800,0,27,left_ankle,1346.98,832.73,-0.1584,0.6500,0.0914,0.989,1.000
17,0.6800,0,28,right_ankle,1401.43,821.44,0.0064,0.6492,0.2785,0.920,1.000
17,0.6800,0,29,left_heel,1357.89,850.92,-0.1861,0.6790,0.1060,0.977,1.000
17,0.6800,0,30,right_heel,1402.69,842.88,-0.0076,0.6778,0.2566,0.952,1.000
17,0.6800,0,31,left_foot_index,1297.66,844.23,-0.2806,0.6781,0.1195,0.946,1.000
17,0.6800,0,32,right_foot_index,1365.89,828.68,-0.0660,0.6526,0.2889,0.786,1.000
17,0.6800,1,0,nose,699.02,469.92,0.1486,-0.5830,0.0771,1.000,1.000
17,0.6800,1,1,left_eye_inner,693.25,463.01,0.1208,-0.5979,0.0783,0.999,1.000
17,0.6800,1,2,left_eye,690.90,462.74,0.1233,-0.5966,0.0831,0.999,1.000
17,0.6800,1,3,left_eye_outer,688.67,462.51,0.1232,-0.6000,0.0801,1.000,1.000
17,0.6800,1,4,right_eye_inner,698.95,463.19,0.1459,-0.6057,0.0315,1.000,1.000
17,0.6800,1,5,right_eye,700.68,462.99,0.1513,-0.6052,0.0174,1.000,1.000
17,0.6800,1,6,right_eye_outer,702.52,462.61,0.1574,-0.5976,0.0394,1.000,1.000
17,0.6800,1,7,left_ear,683.26,467.55,0.0184,-0.5739,0.0739,1.000,1.000
17,0.6800,1,8,right_ear,703.83,466.55,0.1039,-0.5185,-0.0447,0.999,1.000
17,0.6800,1,9,mouth_left,696.15,477.83,0.1244,-0.5694,0.0938,0.999,1.000
17,0.6800,1,10,mouth_right,701.17,477.14,0.1472,-0.5332,0.0270,0.999,1.000
17,0.6800,1,11,left_shoulder,663.19,514.43,-0.0193,-0.4311,0.1726,1.000,1.000
17,0.6800,1,12,right_shoulder,694.15,510.14,0.1334,-0.4951,-0.0504,1.000,1.000
17,0.6800,1,13,left_elbow,703.86,570.29,0.1338,-0.3002,0.0936,0.128,1.000
17,0.6800,1,14,right_elbow,725.74,576.00,0.2534,-0.2627,-0.0581,0.934,1.000
17,0.6800,1,15,left_wrist,755.99,562.80,0.3277,-0.2702,0.0113,0.161,1.000
17,0.6800,1,16,right_wrist,767.74,567.67,0.3462,-0.2648,0.0459,0.777,1.000
17,0.6800,1,17,left_pinky,766.63,562.51,0.3583,-0.3022,0.0135,0.213,1.000
17,0.6800,1,18,right_pinky,780.28,568.31,0.3980,-0.3040,0.0115,0.690,1.000
17,0.6800,1,19,left_index,765.96,555.72,0.3619,-0.3198,0.0127,0.208,1.000
17,0.6800,1,20,right_index,777.85,558.23,0.3999,-0.3678,0.0202,0.642,1.000
17,0.6800,1,21,left_thumb,761.66,555.11,0.3454,-0.2619,0.0059,0.196,1.000
17,0.6800,1,22,right_thumb,772.65,557.62,0.3484,-0.2945,0.0500,0.442,1.000
17,0.6800,1,23,left_hip,654.56,642.41,-0.0438,0.0173,0.1234,1.000,1.000
17,0.6800,1,24,right_hip,670.04,644.68,0.0458,-0.0251,-0.1233,1.000,1.000
17,0.6800,1,25,left_knee,665.84,730.09,-0.0114,0.3596,0.2747,0.196,1.000
17,0.6800,1,26,right_knee,675.26,744.23,0.0671,0.3173,-0.2043,0.999,1.000
17,0.6800,1,27,left_ankle,617.21,800.16,-0.1498,0.6488,0.4405,0.345,1.000
17,0.6800,1,28,right_ankle,631.74,863.77,-0.1005,0.7133,-0.3050,0.998,1.000
17,0.6800,1,29,left_heel,603.61,813.65,-0.1819,0.6854,0.4728,0.744,1.000
17,0.6800,1,30,right_heel,611.37,880.21,-0.1138,0.7459,-0.3434,0.989,1.000
17,0.6800,1,31,left_foot_index,641.15,824.16,-0.1311,0.7340,0.5518,0.292,1.000
17,0.6800,1,32,right_foot_index,674.50,893.58,-0.0197,0.7568,-0.3728,0.987,0.999
18,0.7200,0,0,nose,1389.37,459.10,-0.0196,-0.6564,0.0248,0.997,1.000
18,0.7200,0,1,left_eye_inner,1389.72,450.94,-0.0143,-0.6628,-0.0145,0.997,1.000
18,0.7200,0,2,left_eye,1388.49,450.12,-0.0138,-0.6625,-0.0038,0.997,1.000
18,0.7200,0,3,left_eye_outer,1387.12,449.41,-0.0128,-0.6645,-0.0062,0.998,1.000
18,0.7200,0,4,right_eye_inner,1395.74,452.03,0.0180,-0.6717,-0.0088,0.997,1.000
18,0.7200,0,5,right_eye,1398.41,451.88,0.0187,-0.6713,-0.0219,0.997,1.000
18,0.7200,0,6,right_eye_outer,1400.86,451.60,0.0245,-0.6554,-0.0012,0.998,1.000
18,0.7200,0,7,left_ear,1389.84,451.44,0.0071,-0.6049,-0.1203,0.998,1.000
18,0.7200,0,8,right_ear,1408.12,453.81,0.0988,-0.5526,-0.0275,0.993,1.000
18,0.7200,0,9,mouth_left,1388.06,464.99,-0.0000,-0.6264,0.0085,0.996,1.000
18,0.7200,0,10,mouth_right,1394.15,466.08,0.0231,-0.5914,0.0059,0.994,1.000
18,0.7200,0,11,left_shoulder,1382.57,500.03,-0.0156,-0.4440,-0.1309,1.000,1.000
18,0.7200,0,12,right_shoulder,1438.50,507.78,0.2092,-0.5055,0.1047,0.999,1.000
18,0.7200,0,13,left_elbow,1370.26,579.50,-0.0214,-0.2345,-0.1907,0.979,1.000
18,0.7200,0,14,right_elbow,1466.19,561.60,0.2519,-0.2702,0.1567,0.188,1.000
18,0.7200,0,15,left_wrist,1347.63,639.57,-0.1001,-0.0662,-0.0964,0.700,1.000
18,0.7200,0,16,right_wrist,1421.53,583.13,0.0906,-0.2393,0.2373,0.017,1.000
18,0.7200,0,17,left_pinky,1343.54,658.22,-0.1204,-0.0610,-0.0860,0.605,1.000
18,0.7200,0,18,right_pinky,1411.85,591.59,0.0934,-0.2544,0.2389,0.017,1.000
18,0.7200,0,19,left_index,1343.90,656.75,-0.1373,-0.0612,-0.0806,0.587,1.000
18,0.7200,0,20,right_index,1406.65,586.17,0.0810,-0.2927,0.2321,0.016,1.000
18,0.7200,0,21,left_thumb,1345.45,649.93,-0.1031,-0.0479,-0.0878,0.441,1.000
18,0.7200,0,22,right_thumb,1409.77,583.86,0.0723,-0.2574,0.2293,0.017,1.000
18,0.7200,0,23,left_hip,1375.93,650.71,-0.0539,0.0019,-0.0324,1.000,1.000
18,0.7200,0,24,right_hip,1404.05,648.11,0.0573,-0.0061,0.0323,1.000,1.000
18,0.7200,0,25,left_knee,1367.77,737.45,-0.1178,0.3397,0.0233,0.904,1.000
18,0.7200,0,26,right_knee,1401.21,726.51,0.0641,0.2800,0.1531,0.316,1.000
18,0.7200,0,27,left_ankle,1345.50,839.05,-0.1910,0.6570,0.0573,0.966,1.000
18,0.7200,0,28,right_ankle,1400.59,825.96,0.0150,0.6451,0.2540,0.697,1.000
18,0.7200,0,29,left_heel,1356.10,857.97,-0.2234,0.6861,0.0690,0.934,1.000
18,0.7200,0,30,right_heel,1402.11,847.62,0.0027,0.6745,0.2292,0.820,1.000
18,0.7200,0,31,left_foot_index,1295.29,848.13,-0.3266,0.6666,0.0737,0.880,1.000
18,0.7200,0,32,right_foot_index,1373.53,827.75,-0.0464,0.6396,0.2537,0.513,1.000
18,0.7200,1,0,nose,710.89,481.68,0.2218,-0.5772,0.0665,1.000,1.000
18,0.7200,1,1,left_eye_inner,704.39,474.03,0.1923,-0.5981,0.0658,1.000,1.000
18,0.7200,1,2,left_eye,701.99,473.69,0.1947,-0.5963,0.0711,1.000,1.000
18,0.7200,1,3,left_eye_outer,699.84,473.54,0.1946,-0.5993,0.0686,1.000,1.000
18,0.7200,1,4,right_eye_inner,708.63,474.63,0.2147,-0.6004,0.0180,1.000,1.000
18,0.7200,1,5,right_eye,709.26,474.69,0.2193,-0.5984,0.0050,1.000,1.000
18,0.7200,1,6,right_eye_outer,710.00,474.65,0.2225,-0.5892,0.0266,1.000,1.000
18,0.7200,1,7,left_ear,692.76,476.94,0.0875,-0.5808,0.0798,1.000,1.000
18,0.7200,1,8,right_ear,704.75,476.97,0.1391,-0.5141,-0.0487,1.000,1.000
18,0.7200,1,9,mouth_left,707.13,488.57,0.2005,-0.5614,0.0875,0.999,1.000
18,0.7200,1,10,mouth_right,710.73,488.79,0.2090,-0.5216,0.0200,1.000,1.000
18,0.7200,1,11,left_shoulder,674.71,522.35,0.0552,-0.4484,0.2046,1.000,1.000
18,0.7200,1,12,right_shoulder,700.72,520.38,0.1956,-0.4821,-0.0472,1.000,1.000
18,0.7200,1,13,left_elbow,713.77,569.46,0.2005,-0.3488,0.1515,0.064,1.000
18,0.7200,1,14,right_elbow,728.88,585.31,0.2957,-0.2715,-0.0668,0.986,1.000
18,0.7200,1,15,left_wrist,762.76,565.59,0.3856,-0.3068,0.0601,0.122,1.000
18,0.7200,1,16,right_wrist,773.26,572.86,0.4085,-0.3026,0.0310,0.961,1.000
18,0.7200,1,17,left_pinky,773.20,567.89,0.4202,-0.3319,0.0644,0.182,1.000
18,0.7200,1,18,right_pinky,784.21,572.41,0.4724,-0.3398,-0.0058,0.940,1.000
18,0.7200,1,19,left_index,775.70,561.49,0.4248,-0.3451,0.0593,0.184,1.000
18,0.7200,1,20,right_index,783.36,564.12,0.4870,-0.3976,0.0063,0.928,1.000
18,0.7200,1,21,left_thumb,769.62,560.93,0.3986,-0.2953,0.0526,0.182,1.000
18,0.7200,1,22,right_thumb,777.87,564.75,0.4186,-0.3330,0.0351,0.856,1.000
18,0.7200,1,23,left_hip,651.23,649.80,-0.0386,0.0006,0.1334,1.000,1.000
18,0.7200,1,24,right_hip,664.64,652.67,0.0425,-0.0075,-0.1322,1.000,1.000
18,0.7200,1,25,left_knee,676.97,737.18,0.0362,0.3483,0.2268,0.427,1.000
18,0.7200,1,26,right_knee,677.58,755.94,0.0734,0.3408,-0.2033,0.999,1.000
18,0.7200,1,27,left_ankle,617.23,803.25,-0.1521,0.6117,0.3366,0.550,1.000
18,0.7200,1,28,right_ankle,631.56,876.37,-0.1075,0.7123,-0.3004,0.998,1.000
18,0.7200,1,29,left_heel,600.02,815.40,-0.1893,0.6402,0.3614,0.848,1.000
18,0.7200,1,30,right_heel,607.75,894.90,-0.1196,0.7447,-0.3388,0.993,1.000
18,0.7200,1,31,left_foot_index,642.84,824.33,-0.1380,0.6643,0.4290,0.550,1.000
18,0.7200,1,32,right_foot_index,675.08,895.81,-0.0109,0.7554,-0.3674,0.990,1.000
19,0.7600,0,0,nose,1391.17,458.63,-0.0123,-0.6776,0.0008,0.998,1.000
19,0.7600,0,1,left_eye_inner,1391.09,450.84,-0.0051,-0.6836,-0.0387,0.998,1.000
19,0.7600,0,2,left_eye,1389.53,450.17,-0.0051,-0.6842,-0.0275,0.998,1.000
19,0.7600,0,3,left_eye_outer,1388.16,449.57,-0.0044,-0.6854,-0.0296,0.999,1.000
19,0.7600,0,4,right_eye_inner,1397.97,451.48,0.0267,-0.6933,-0.0325,0.997,1.000
19,0.7600,0,5,right_eye,1401.08,451.21,0.0267,-0.6929,-0.0454,0.998,1.000
19,0.7600,0,6,right_eye_outer,1403.87,450.89,0.0319,-0.6759,-0.0250,0.998,1.000
19,0.7600,0,7,left_ear,1390.42,452.71,0.0143,-0.6231,-0.1413,0.999,1.000
19,0.7600,0,8,right_ear,1410.56,453.91,0.0994,-0.5759,-0.0491,0.995,1.000
19,0.7600,0,9,mouth_left,1389.59,465.17,0.0065,-0.6444,-0.0155,0.997,1.000
19,0.7600,0,10,mouth_right,1396.07,466.52,0.0265,-0.6121,-0.0176,0.995,1.000
19,0.7600,0,11,left_shoulder,1384.37,503.20,-0.0074,-0.4644,-0.1481,1.000,1.000
19,0.7600,0,12,right_shoulder,1444.26,513.57,0.1982,-0.5252,0.0977,0.999,1.000
19,0.7600,0,13,left_elbow,1371.83,582.70,-0.0056,-0.2618,-0.2041,0.974,1.000
19,0.7600,0,14,right_elbow,1457.22,572.14,0.2207,-0.3169,0.1804,0.141,1.000
19,0.7600,0,15,left_wrist,1350.32,642.00,-0.0830,-0.1306,-0.1072,0.772,1.000
19,0.7600,0,16,right_wrist,1417.84,587.70,0.0775,-0.3050,0.2910,0.023,1.000
19,0.7600,0,17,left_pinky,1347.08,658.39,-0.1031,-0.1343,-0.0970,0.703,1.000
19,0.7600,0,18,right_pinky,1407.58,593.97,0.0865,-0.3219,0.2924,0.026,1.000
19,0.7600,0,19,left_index,1345.72,655.11,-0.1201,-0.1387,-0.0920,0.691,1.000
19,0.7600,0,20,right_index,1401.33,592.58,0.0808,-0.3602,0.2839,0.024,1.000
19,0.7600,0,21,left_thumb,1347.95,650.59,-0.0867,-0.1152,-0.0994,0.560,1.000
19,0.7600,0,22,right_thumb,1403.00,590.68,0.0625,-0.3243,0.2821,0.026,1.000
19,0.7600,0,23,left_hip,1373.46,674.23,-0.0541,-0.0028,-0.0423,1.000,1.000
19,0.7600,0,24,right_hip,1402.23,667.82,0.0573,-0.0014,0.0418,1.000,1.000
19,0.7600,0,25,left_knee,1369.26,736.15,-0.1280,0.2937,0.0570,0.891,1.000
19,0.7600,0,26,right_knee,1403.60,731.19,0.0605,0.2323,0.2469,0.212,1.000
19,0.7600,0,27,left_ankle,1350.40,839.65,-0.1629,0.6072,0.1255,0.961,1.000
19,0.7600,0,28,right_ankle,1401.82,832.93,-0.0016,0.5989,0.3875,0.657,1.000
19,0.7600,0,29,left_heel,1357.65,863.88,-0.1888,0.6357,0.1408,0.923,1.000
19,0.7600,0,30,right_heel,1400.66,855.86,-0.0145,0.6287,0.3673,0.789,1.000
19,0.7600,0,31,left_foot_index,1296.87,851.85,-0.2769,0.6250,0.1566,0.889,1.000
19,0.7600,0,32,right_foot_index,1370.18,836.59,-0.0673,0.6041,0.4056,0.510,1.000
19,0.7600,1,0,nose,718.37,488.59,0.2084,-0.5666,0.0049,1.000,1.000
19,0.7600,1,1,left_eye_inner,712.73,480.44,0.1816,-0.5850,0.0085,0.999,1.000
19,0.7600,1,2,left_eye,710.61,480.17,0.1831,-0.5837,0.0144,0.999,1.000
19,0.7600,1,3,left_eye_outer,708.82,480.03,0.1827,-0.5865,0.0124,1.000,1.000
19,0.7600,1,4,right_eye_inner,716.18,480.17,0.1981,-0.5912,-0.0391,1.000,1.000
19,0.7600,1,5,right_eye,716.31,479.88,0.2024,-0.5897,-0.0524,1.000,1.000
19,0.7600,1,6,right_eye_outer,716.58,479.53,0.2077,-0.5801,-0.0304,1.000,1.000
19,0.7600,1,7,left_ear,698.76,482.55,0.0761,-0.5731,0.0391,1.000,1.000
19,0.7600,1,8,right_ear,708.77,482.15,0.1185,-0.5112,-0.0959,0.999,1.000
19,0.7600,1,9,mouth_left,714.12,497.71,0.1858,-0.5550,0.0325,0.999,1.000
19,0.7600,1,10,mouth_right,716.42,497.02,0.1967,-0.5169,-0.0369,0.999,1.000
19,0.7600,1,11,left_shoulder,678.07,529.78,0.0556,-0.4495,0.1658,1.000,1.000
19,0.7600,1,12,right_shoulder,697.05,523.88,0.1388,-0.4936,-0.0838,1.000,1.000
19,0.7600,1,13,left_elbow,725.60,572.76,0.2047,-0.3503,0.1382,0.128,1.000
19,0.7600,1,14,right_elbow,731.40,589.28,0.2573,-0.2804,-0.1253,0.969,1.000
19,0.7600,1,15,left_wrist,781.29,565.53,0.3909,-0.3289,0.0813,0.302,1.000
19,0.7600,1,16,right_wrist,782.67,578.25,0.3526,-0.3015,-0.0643,0.958,1.000
19,0.7600,1,17,left_pinky,792.04,564.87,0.4226,-0.3608,0.0924,0.366,1.000
19,0.7600,1,18,right_pinky,792.24,575.92,0.4018,-0.3431,-0.1132,0.934,1.000
19,0.7600,1,19,left_index,789.59,555.83,0.4266,-0.3756,0.0835,0.369,1.000
19,0.7600,1,20,right_index,790.99,567.20,0.4125,-0.4044,-0.1021,0.922,1.000
19,0.7600,1,21,left_thumb,785.37,556.68,0.4072,-0.3188,0.0745,0.363,1.000
19,0.7600,1,22,right_thumb,786.23,568.88,0.3588,-0.3314,-0.0624,0.845,1.000
19,0.7600,1,23,left_hip,660.62,661.50,-0.0223,0.0063,0.1277,1.000,1.000
19,0.7600,1,24,right_hip,664.68,663.26,0.0250,-0.0131,-0.1256,1.000,1.000
19,0.7600,1,25,left_knee,701.98,740.70,0.1078,0.3135,0.2333,0.406,1.000
19,0.7600,1,26,right_knee,684.58,764.99,0.0624,0.3075,-0.1719,0.996,1.000
19,0.7600,1,27,left_ankle,627.78,802.56,-0.1148,0.5644,0.3518,0.418,1.000
19,0.7600,1,28,right_ankle,626.10,882.70,-0.1268,0.6895,-0.2244,0.994,1.000
19,0.7600,1,29,left_heel,608.93,810.72,-0.1574,0.5926,0.3790,0.747,1.000
19,0.7600,1,30,right_heel,605.60,900.13,-0.1410,0.7218,-0.2606,0.978,0.999
19,0.7600,1,31,left_foot_index,646.95,831.84,-0.1241,0.6507,0.4514,0.459,1.000
19,0.7600,1,32,right_foot_index,670.69,900.20,-0.0448,0.7323,-0.2905,0.978,0.998
20,0.8000,0,0,nose,1392.69,460.51,-0.0084,-0.6815,0.0497,0.997,1.000
20,0.8000,0,1,left_eye_inner,1392.68,452.62,-0.0034,-0.6886,0.0085,0.997,1.000
20,0.8000,0,2,left_eye,1391.15,452.05,-0.0030,-0.6893,0.0192,0.997,1.000
20,0.8000,0,3,left_eye_outer,1389.53,451.47,-0.0018,-0.6907,0.0166,0.998,1.000
20,0.8000,0,4,right_eye_inner,1399.22,453.48,0.0312,-0.6964,0.0136,0.996,1.000
20,0.8000,0,5,right_eye,1401.99,453.39,0.0317,-0.6961,0.0006,0.996,1.000
20,0.8000,0,6,right_eye_outer,1404.93,453.27,0.0362,-0.6797,0.0209,0.997,1.000
20,0.8000,0,7,left_ear,1389.61,454.38,0.0074,-0.6297,-0.1021,0.999,1.000
20,0.8000,0,8,right_ear,1412.78,457.35,0.1061,-0.5746,-0.0131,0.993,1.000
20,0.8000,0,9,mouth_left,1391.28,468.07,0.0075,-0.6488,0.0300,0.996,1.000
20,0.8000,0,10,mouth_right,1396.91,468.98,0.0308,-0.6146,0.0267,0.993,1.000
20,0.8000,0,11,left_shoulder,1385.02,505.03,-0.0219,-0.4701,-0.1193,1.000,1.000
20,0.8000,0,12,right_shoulder,1446.77,516.47,0.2078,-0.5184,0.1130,0.999,1.000
20,0.8000,0,13,left_elbow,1375.85,580.88,-0.0213,-0.2688,-0.1837,0.987,1.000
20,0.8000,0,14,right_elbow,1455.32,574.50,0.2335,-0.3022,0.1788,0.205,1.000
20,0.8000,0,15,left_wrist,1354.63,641.77,-0.0976,-0.1225,-0.1073,0.900,1.000
20,0.8000,0,16,right_wrist,1419.38,590.20,0.0877,-0.2882,0.2790,0.031,1.000
20,0.8000,0,17,left_pinky,1347.13,658.91,-0.1149,-0.1219,-0.0959,0.849,1.000
20,0.8000,0,18,right_pinky,1410.23,593.81,0.0973,-0.3049,0.2823,0.031,1.000
20,0.8000,0,19,left_index,1344.68,656.20,-0.1317,-0.1236,-0.0905,0.841,1.000
20,0.8000,0,20,right_index,1404.03,592.73,0.0868,-0.3431,0.2740,0.029,1.000
20,0.8000,0,21,left_thumb,1346.92,651.35,-0.1003,-0.1051,-0.0996,0.747,1.000
20,0.8000,0,22,right_thumb,1404.97,591.77,0.0718,-0.3083,0.2707,0.031,1.000
20,0.8000,0,23,left_hip,1378.85,673.32,-0.0598,-0.0030,-0.0332,1.000,1.000
20,0.8000,0,24,right_hip,1405.09,666.66,0.0631,-0.0007,0.0333,1.000,1.000
20,0.8000,0,25,left_knee,1375.15,736.02,-0.1083,0.3015,0.0707,0.892,1.000
20,0.8000,0,26,right_knee,1403.88,732.49,0.0712,0.2367,0.2034,0.369,1.000
20,0.8000,0,27,left_ankle,1348.75,838.35,-0.1494,0.6073,0.1349,0.961,1.000
20,0.8000,0,28,right_ankle,1403.21,833.42,0.0095,0.6129,0.3129,0.767,1.000
20,0.8000,0,29,left_heel,1358.83,861.71,-0.1763,0.6346,0.1506,0.930,1.000
20,0.8000,0,30,right_heel,1404.73,856.99,-0.0029,0.6435,0.2907,0.859,1.000
20,0.8000,0,31,left_foot_index,1298.72,850.55,-0.2626,0.6262,0.1691,0.877,1.000
20,0.8000,0,32,right_foot_index,1365.90,841.32,-0.0532,0.6251,0.3286,0.593,1.000
20,0.8000,1,0,nose,713.97,491.72,0.1232,-0.5923,-0.0255,1.000,1.000
20,0.8000,1,1,left_eye_inner,706.43,483.74,0.0976,-0.6081,-0.0163,1.000,1.000
20,0.8000,1,2,left_eye,704.27,483.92,0.0988,-0.6082,-0.0099,1.000,1.000
20,0.8000,1,3,left_eye_outer,702.39,484.27,0.0981,-0.6105,-0.0117,1.000,1.000
20,0.8000,1,4,right_eye_inner,710.70,483.41,0.1060,-0.6186,-0.0637,1.000,1.000
20,0.8000,1,5,right_eye,711.34,483.38,0.1107,-0.6170,-0.0768,1.000,1.000
20,0.8000,1,6,right_eye_outer,712.12,483.34,0.1173,-0.6086,-0.0546,1.000,1.000
20,0.8000,1,7,left_ear,695.42,489.40,0.0002,-0.5900,0.0435,1.000,1.000
20,0.8000,1,8,right_ear,708.43,487.57,0.0278,-0.5369,-0.1013,1.000,1.000
20,0.8000,1,9,mouth_left,709.94,500.39,0.1006,-0.5811,0.0128,1.000,1.000
20,0.8000,1,10,mouth_right,712.74,499.66,0.1125,-0.5454,-0.0584,1.000,1.000
20,0.8000,1,11,left_shoulder,679.00,536.60,0.0011,-0.4623,0.1880,1.000,1.000
20,0.8000,1,12,right_shoulder,695.42,528.74,0.0224,-0.5125,-0.0870,1.000,1.000
20,0.8000,1,13,left_elbow,721.96,582.53,0.1305,-0.3416,0.1869,0.064,1.000
20,0.8000,1,14,right_elbow,736.10,587.66,0.1817,-0.2959,-0.1636,0.959,1.000
20,0.8000,1,15,left_wrist,776.40,580.76,0.3233,-0.3106,0.1658,0.250,1.000
20,0.8000,1,16,right_wrist,786.33,581.63,0.2951,-0.2911,-0.1282,0.887,1.000
20,0.8000,1,17,left_pinky,785.69,580.46,0.3549,-0.3396,0.1785,0.343,1.000
20,0.8000,1,18,right_pinky,800.20,582.16,0.3341,-0.3243,-0.1837,0.842,1.000
20,0.8000,1,19,left_index,787.09,573.76,0.3620,-0.3471,0.1659,0.355,1.000
20,0.8000,1,20,right_index,797.84,574.78,0.3475,-0.3852,-0.1654,0.819,1.000
20,0.8000,1,21,left_thumb,782.58,574.21,0.3454,-0.2999,0.1575,0.358,1.000
20,0.8000,1,22,right_thumb,791.84,574.64,0.3014,-0.3165,-0.1240,0.682,1.000
20,0.8000,1,23,left_hip,681.83,667.84,0.0049,0.0065,0.1273,1.000,1.000
20,0.8000,1,24,right_hip,673.97,669.21,-0.0039,-0.0134,-0.1242,1.000,1.000
20,0.8000,1,25,left_knee,723.82,731.86,0.1498,0.2895,0.1539,0.290,1.000
20,0.8000,1,26,right_knee,691.57,773.33,0.0359,0.3274,-0.1873,0.996,1.000
20,0.8000,1,27,left_ankle,642.23,795.41,-0.1379,0.5028,0.2953,0.185,1.000
20,0.8000,1,28,right_ankle,629.13,881.47,-0.1818,0.7205,-0.2240,0.995,1.000
20,0.8000,1,29,left_heel,624.27,799.59,-0.1927,0.5313,0.3252,0.509,1.000
20,0.8000,1,30,right_heel,611.20,899.87,-0.2028,0.7533,-0.2604,0.974,1.000
20,0.8000,1,31,left_foot_index,642.87,823.46,-0.2026,0.6257,0.3801,0.372,1.000
20,0.8000,1,32,right_foot_index,672.82,903.07,-0.1118,0.7721,-0.3115,0.989,0.999
21,0.8400,0,0,nose,1392.93,463.63,-0.0148,-0.6654,0.0278,0.997,1.000
21,0.8400,0,1,left_eye_inner,1393.23,455.40,-0.0093,-0.6720,-0.0114,0.997,1.000
21,0.8400,0,2,left_eye,1391.60,454.94,-0.0088,-0.6724,-0.0010,0.997,1.000
21,0.8400,0,3,left_eye_outer,1389.86,454.54,-0.0079,-0.6739,-0.0033,0.998,1.000
21,0.8400,0,4,right_eye_inner,1399.23,456.40,0.0243,-0.6804,-0.0058,0.997,1.000
21,0.8400,0,5,right_eye,1401.98,456.54,0.0248,-0.6801,-0.0184,0.997,1.000
21,0.8400,0,6,right_eye_outer,1404.64,456.60,0.0300,-0.6638,0.0019,0.997,1.000
21,0.8400,0,7,left_ear,1389.44,457.70,0.0086,-0.6104,-0.1186,0.999,1.000
21,0.8400,0,8,right_ear,1411.49,460.63,0.1004,-0.5579,-0.0245,0.994,1.000
21,0.8400,0,9,mouth_left,1390.87,472.06,0.0034,-0.6325,0.0109,0.997,1.000
21,0.8400,0,10,mouth_right,1396.07,472.30,0.0251,-0.5983,0.0088,0.994,1.000
21,0.8400,0,11,left_shoulder,1385.16,507.60,-0.0164,-0.4515,-0.1307,1.000,1.000
21,0.8400,0,12,right_shoulder,1442.19,519.12,0.2031,-0.5050,0.1134,0.999,1.000
21,0.8400,0,13,left_elbow,1376.99,585.55,-0.0041,-0.2402,-0.1924,0.982,1.000
21,0.8400,0,14,right_elbow,1456.98,572.74,0.2227,-0.2882,0.1879,0.201,1.000
21,0.8400,0,15,left_wrist,1355.84,645.83,-0.0883,-0.0874,-0.0967,0.794,1.000
21,0.8400,0,16,right_wrist,1420.95,589.73,0.0766,-0.2757,0.2949,0.024,1.000
21,0.8400,0,17,left_pinky,1350.14,664.08,-0.1089,-0.0870,-0.0866,0.716,1.000
21,0.8400,0,18,right_pinky,1408.72,591.70,0.0876,-0.2951,0.2980,0.024,1.000
21,0.8400,0,19,left_index,1346.74,662.41,-0.1284,-0.0891,-0.0793,0.699,1.000
21,0.8400,0,20,right_index,1403.30,590.59,0.0812,-0.3338,0.2919,0.022,1.000
21,0.8400,0,21,left_thumb,1348.20,657.34,-0.0933,-0.0705,-0.0878,0.567,1.000
21,0.8400,0,22,right_thumb,1405.83,589.89,0.0619,-0.2961,0.2868,0.024,1.000
21,0.8400,0,23,left_hip,1380.55,666.52,-0.0532,-0.0024,-0.0368,1.000,1.000
21,0.8400,0,24,right_hip,1402.86,661.71,0.0567,-0.0018,0.0367,1.000,1.000
21,0.8400,0,25,left_knee,1372.91,739.81,-0.1167,0.3220,0.0389,0.934,1.000
21,0.8400,0,26,right_knee,1399.87,733.77,0.0552,0.2737,0.1816,0.459,1.000
21,0.8400,0,27,left_ankle,1347.56,842.38,-0.1665,0.6288,0.0981,0.978,1.000
21,0.8400,0,28,right_ankle,1398.29,834.15,0.0031,0.6366,0.2836,0.837,1.000
21,0.8400,0,29,left_heel,1359.36,864.05,-0.1943,0.6570,0.1126,0.954,1.000
21,0.8400,0,30,right_heel,1396.28,856.80,-0.0090,0.6662,0.2600,0.893,1.000
21,0.8400,0,31,left_foot_index,1295.93,856.62,-0.2827,0.6520,0.1242,0.922,1.000
21,0.8400,0,32,right_foot_index,1366.92,844.54,-0.0610,0.6449,0.2851,0.684,1.000
21,0.8400,1,0,nose,718.59,497.09,0.1994,-0.5986,0.0341,1.000,1.000
21,0.8400,1,1,left_eye_inner,711.20,489.20,0.1726,-0.6150,0.0358,1.000,1.000
21,0.8400,1,2,left_eye,709.10,489.07,0.1746,-0.6137,0.0407,1.000,1.000
21,0.8400,1,3,left_eye_outer,707.21,489.07,0.1738,-0.6162,0.0391,1.000,1.000
21,0.8400,1,4,right_eye_inner,715.99,489.61,0.1906,-0.6191,-0.0088,1.000,1.000
21,0.8400,1,5,right_eye,717.22,489.65,0.1955,-0.6177,-0.0218,1.000,1.000
21,0.8400,1,6,right_eye_outer,718.62,489.55,0.2001,-0.6083,0.0004,1.000,1.000
21,0.8400,1,7,left_ear,701.32,494.68,0.0812,-0.5925,0.0553,1.000,1.000
21,0.8400,1,8,right_ear,716.24,494.09,0.1242,-0.5324,-0.0649,1.000,1.000
21,0.8400,1,9,mouth_left,716.58,506.01,0.1820,-0.5813,0.0563,1.000,1.000
21,0.8400,1,10,mouth_right,720.06,505.88,0.1919,-0.5442,-0.0083,1.000,1.000
21,0.8400,1,11,left_shoulder,689.72,540.94,0.0759,-0.4544,0.1848,1.000,1.000
21,0.8400,1,12,right_shoulder,706.53,535.87,0.1615,-0.5016,-0.0702,1.000,1.000
21,0.8400,1,13,left_elbow,733.73,585.63,0.2276,-0.3531,0.1314,0.062,1.000
21,0.8400,1,14,right_elbow,742.92,593.07,0.2817,-0.2792,-0.1162,0.988,1.000
21,0.8400,1,15,left_wrist,785.16,583.23,0.4157,-0.3082,0.0347,0.340,1.000
21,0.8400,1,16,right_wrist,789.05,584.52,0.4009,-0.3138,-0.0726,0.983,1.000
21,0.8400,1,17,left_pinky,799.68,581.62,0.4521,-0.3334,0.0353,0.458,1.000
21,0.8400,1,18,right_pinky,801.91,582.81,0.4578,-0.3561,-0.1202,0.976,1.000
21,0.8400,1,19,left_index,798.55,573.40,0.4542,-0.3485,0.0276,0.457,1.000
21,0.8400,1,20,right_index,799.50,575.69,0.4724,-0.4199,-0.1082,0.970,1.000
21,0.8400,1,21,left_thumb,792.08,576.35,0.4287,-0.2984,0.0238,0.432,1.000
21,0.8400,1,22,right_thumb,793.68,576.52,0.4105,-0.3452,-0.0698,0.934,1.000
21,0.8400,1,23,left_hip,672.89,672.12,-0.0120,-0.0001,0.1314,1.000,1.000
21,0.8400,1,24,right_hip,671.81,673.48,0.0145,-0.0068,-0.1292,1.000,1.000
21,0.8400,1,25,left_knee,733.33,734.60,0.1864,0.2863,0.1655,0.355,1.000
21,0.8400,1,26,right_knee,693.06,779.72,0.0612,0.3342,-0.2016,0.997,1.000
21,0.8400,1,27,left_ankle,650.71,795.28,-0.0911,0.4879,0.2786,0.181,1.000
21,0.8400,1,28,right_ankle,626.94,885.36,-0.1633,0.6881,-0.2796,0.992,0.999
21,0.8400,1,29,left_heel,634.19,800.30,-0.1403,0.5092,0.3057,0.595,1.000
21,0.8400,1,30,right_heel,604.78,904.76,-0.1801,0.7194,-0.3178,0.973,0.999
21,0.8400,1,31,left_foot_index,654.23,825.27,-0.1207,0.5797,0.3743,0.250,1.000
21,0.8400,1,32,right_foot_index,672.25,903.65,-0.0713,0.7353,-0.3587,0.974,0.998
22,0.8800,0,0,nose,1380.96,462.70,-0.0493,-0.6716,-0.0257,0.998,1.000
22,0.8800,0,1,left_eye_inner,1385.60,455.24,-0.0338,-0.6797,-0.0656,0.998,1.000
22,0.8800,0,2,left_eye,1385.19,455.14,-0.0333,-0.6794,-0.0537,0.998,1.000
22,0.8800,0,3,left_eye_outer,1384.60,455.14,-0.0323,-0.6812,-0.0568,0.999,1.000
22,0.8800,0,4,right_eye_inner,1390.30,455.42,-0.0084,-0.6896,-0.0555,0.998,1.000
22,0.8800,0,5,right_eye,1392.91,455.64,-0.0077,-0.6892,-0.0696,0.998,1.000
22,0.8800,0,6,right_eye_outer,1395.27,455.84,-0.0027,-0.6738,-0.0480,0.998,1.000
22,0.8800,0,7,left_ear,1390.91,460.03,0.0056,-0.6219,-0.1603,0.999,1.000
22,0.8800,0,8,right_ear,1403.27,460.36,0.0776,-0.5731,-0.0520,0.995,1.000
22,0.8800,0,9,mouth_left,1381.08,471.83,-0.0254,-0.6416,-0.0408,0.997,1.000
22,0.8800,0,10,mouth_right,1385.46,472.59,-0.0079,-0.6079,-0.0390,0.995,1.000
22,0.8800,0,11,left_shoulder,1381.83,506.68,-0.0209,-0.4577,-0.1815,1.000,1.000
22,0.8800,0,12,right_shoulder,1434.37,514.75,0.1911,-0.5197,0.0963,0.999,1.000
22,0.8800,0,13,left_elbow,1372.12,581.92,-0.0256,-0.2487,-0.2514,0.995,1.000
22,0.8800,0,14,right_elbow,1466.78,564.17,0.2306,-0.2711,0.1180,0.274,1.000
22,0.8800,0,15,left_wrist,1346.59,649.34,-0.1128,-0.0437,-0.1723,0.903,1.000
22,0.8800,0,16,right_wrist,1424.44,592.81,0.0907,-0.2052,0.1409,0.028,1.000
22,0.8800,0,17,left_pinky,1342.30,667.09,-0.1318,-0.0277,-0.1652,0.835,1.000
22,0.8800,0,18,right_pinky,1415.70,602.61,0.0968,-0.2079,0.1343,0.029,1.000
22,0.8800,0,19,left_index,1342.06,666.97,-0.1515,-0.0246,-0.1606,0.822,1.000
22,0.8800,0,20,right_index,1410.88,599.32,0.0900,-0.2479,0.1260,0.027,1.000
22,0.8800,0,21,left_thumb,1343.09,660.75,-0.1165,-0.0206,-0.1640,0.704,1.000
22,0.8800,0,22,right_thumb,1414.15,595.30,0.0782,-0.2205,0.1308,0.028,1.000
22,0.8800,0,23,left_hip,1376.87,656.97,-0.0526,0.0027,-0.0469,1.000,1.000
22,0.8800,0,24,right_hip,1406.02,651.76,0.0557,-0.0062,0.0472,1.000,1.000
22,0.8800,0,25,left_knee,1366.31,746.21,-0.1147,0.3611,0.0179,0.943,1.000
22,0.8800,0,26,right_knee,1404.68,735.32,0.0636,0.2989,0.1666,0.412,1.000
22,0.8800,0,27,left_ankle,1348.52,846.70,-0.1817,0.7015,0.0515,0.984,1.000
22,0.8800,0,28,right_ankle,1402.82,834.97,0.0048,0.6910,0.2678,0.828,1.000
22,0.8800,0,29,left_heel,1359.70,865.32,-0.2153,0.7333,0.0626,0.964,0.999
22,0.8800,0,30,right_heel,1404.81,858.15,-0.0088,0.7225,0.2418,0.909,1.000
22,0.8800,0,31,left_foot_index,1295.43,858.15,-0.3304,0.7276,0.0527,0.952,1.000
22,0.8800,0,32,right_foot_index,1369.61,840.50,-0.0736,0.6982,0.2586,0.747,1.000
22,0.8800,1,0,nose,722.58,500.14,0.1983,-0.6048,0.0284,1.000,1.000
22,0.8800,1,1,left_eye_inner,714.38,492.29,0.1747,-0.6214,0.0319,1.000,1.000
22,0.8800,1,2,left_eye,712.22,492.48,0.1767,-0.6204,0.0376,1.000,1.000
22,0.8800,1,3,left_eye_outer,710.32,492.93,0.1759,-0.6231,0.0360,1.000,1.000
22,0.8800,1,4,right_eye_inner,718.74,492.43,0.1899,-0.6269,-0.0113,1.000,1.000
22,0.8800,1,5,right_eye,719.57,492.56,0.1938,-0.6254,-0.0236,1.000,1.000
22,0.8800,1,6,right_eye_outer,720.55,492.63,0.1984,-0.6152,-0.0017,1.000,1.000
22,0.8800,1,7,left_ear,703.81,499.21,0.0888,-0.5998,0.0654,1.000,1.000
22,0.8800,1,8,right_ear,716.98,497.08,0.1174,-0.5437,-0.0578,1.000,1.000
22,0.8800,1,9,mouth_left,719.53,508.23,0.1837,-0.5890,0.0547,1.000,1.000
22,0.8800,1,10,mouth_right,723.44,508.02,0.1885,-0.5529,-0.0098,1.000,1.000
22,0.8800,1,11,left_shoulder,695.36,547.00,0.0850,-0.4564,0.1967,1.000,1.000
22,0.8800,1,12,right_shoulder,710.96,539.14,0.1453,-0.5091,-0.0662,1.000,1.000
22,0.8800,1,13,left_elbow,734.59,589.30,0.2289,-0.3614,0.1769,0.064,1.000
22,0.8800,1,14,right_elbow,747.84,593.72,0.2724,-0.2949,-0.1374,0.990,1.000
22,0.8800,1,15,left_wrist,791.41,582.89,0.4184,-0.3246,0.1155,0.101,1.000
22,0.8800,1,16,right_wrist,799.24,583.08,0.4096,-0.3261,-0.1191,0.989,1.000
22,0.8800,1,17,left_pinky,796.54,591.39,0.4529,-0.3565,0.1219,0.158,1.000
22,0.8800,1,18,right_pinky,811.81,581.78,0.4663,-0.3679,-0.1750,0.983,1.000
22,0.8800,1,19,left_index,803.82,573.48,0.4587,-0.3685,0.1088,0.154,1.000
22,0.8800,1,20,right_index,807.63,574.36,0.4865,-0.4297,-0.1566,0.979,1.000
22,0.8800,1,21,left_thumb,798.52,574.67,0.4346,-0.3145,0.1045,0.161,1.000
22,0.8800,1,22,right_thumb,802.12,575.55,0.4222,-0.3565,-0.1144,0.949,1.000
22,0.8800,1,23,left_hip,678.63,676.40,-0.0048,-0.0009,0.1345,1.000,1.000
22,0.8800,1,24,right_hip,674.47,679.77,0.0074,-0.0053,-0.1314,1.000,1.000
22,0.8800,1,25,left_knee,746.01,729.92,0.2228,0.2641,0.1489,0.442,1.000
22,0.8800,1,26,right_knee,694.41,786.54,0.0734,0.3491,-0.1999,0.998,1.000
22,0.8800,1,27,left_ankle,672.42,796.88,-0.0430,0.4837,0.3099,0.204,1.000
22,0.8800,1,28,right_ankle,624.60,888.05,-0.1841,0.7032,-0.2463,0.996,1.000
22,0.8800,1,29,left_heel,654.22,800.35,-0.0917,0.5027,0.3420,0.525,1.000
22,0.8800,1,30,right_heel,602.98,908.36,-0.2050,0.7326,-0.2827,0.981,1.000
22,0.8800,1,31,left_foot_index,658.63,825.97,-0.0950,0.5600,0.4064,0.311,1.000
22,0.8800,1,32,right_foot_index,667.47,903.95,-0.0974,0.7408,-0.3304,0.988,0.999
23,0.9200,1,0,nose,726.22,499.43,0.1762,-0.6014,-0.0076,0.999,1.000
23,0.9200,1,1,left_eye_inner,718.27,492.58,0.1524,-0.6166,-0.0005,0.999,1.000
23,0.9200,1,2,left_eye,716.09,492.83,0.1544,-0.6155,0.0047,0.999,1.000
23,0.9200,1,3,left_eye_outer,714.12,493.21,0.1533,-0.6179,0.0031,0.999,1.000
23,0.9200,1,4,right_eye_inner,723.41,492.58,0.1652,-0.6223,-0.0447,0.999,1.000
23,0.9200,1,5,right_eye,724.61,492.74,0.1695,-0.6214,-0.0574,1.000,1.000
23,0.9200,1,6,right_eye_outer,725.78,492.80,0.1752,-0.6121,-0.0348,1.000,1.000
23,0.9200,1,7,left_ear,707.45,498.88,0.0695,-0.5935,0.0371,0.999,1.000
23,0.9200,1,8,right_ear,723.13,496.88,0.0934,-0.5373,-0.0855,0.999,1.000
23,0.9200,1,9,mouth_left,724.21,508.33,0.1616,-0.5869,0.0227,0.999,1.000
23,0.9200,1,10,mouth_right,728.21,508.05,0.1672,-0.5503,-0.0434,0.999,1.000
23,0.9200,1,11,left_shoulder,698.39,547.35,0.0833,-0.4570,0.1723,1.000,1.000
23,0.9200,1,12,right_shoulder,715.62,539.90,0.1054,-0.5099,-0.0846,1.000,1.000
23,0.9200,1,13,left_elbow,749.46,587.05,0.2550,-0.3804,0.1502,0.087,1.000
23,0.9200,1,14,right_elbow,754.75,594.44,0.2524,-0.3035,-0.1522,0.981,1.000
23,0.9200,1,15,left_wrist,808.63,574.70,0.4605,-0.3697,0.0985,0.158,1.000
23,0.9200,1,16,right_wrist,804.37,583.89,0.3903,-0.3318,-0.1319,0.980,1.000
23,0.9200,1,17,left_pinky,825.29,567.74,0.4965,-0.4072,0.1042,0.219,1.000
23,0.9200,1,18,right_pinky,817.74,581.01,0.4438,-0.3747,-0.1888,0.971,1.000
23,0.9200,1,19,left_index,820.68,562.29,0.4997,-0.4232,0.0937,0.219,1.000
23,0.9200,1,20,right_index,814.56,572.62,0.4625,-0.4401,-0.1730,0.965,1.000
23,0.9200,1,21,left_thumb,814.46,563.03,0.4773,-0.3626,0.0881,0.224,1.000
23,0.9200,1,22,right_thumb,809.51,573.74,0.4017,-0.3620,-0.1286,0.916,1.000
23,0.9200,1,23,left_hip,686.92,677.93,0.0052,0.0030,0.1301,1.000,1.000
23,0.9200,1,24,right_hip,683.52,678.99,-0.0033,-0.0101,-0.1278,1.000,1.000
23,0.9200,1,25,left_knee,750.32,728.92,0.2268,0.2395,0.1618,0.404,1.000
23,0.9200,1,26,right_knee,693.43,790.19,0.0411,0.3235,-0.2013,0.998,1.000
23,0.9200,1,27,left_ankle,685.94,805.81,-0.0090,0.5191,0.2868,0.374,1.000
23,0.9200,1,28,right_ankle,627.55,888.93,-0.2154,0.6909,-0.2871,0.997,1.000
23,0.9200,1,29,left_heel,667.31,816.11,-0.0530,0.5478,0.3136,0.729,1.000
23,0.9200,1,30,right_heel,604.78,909.32,-0.2371,0.7222,-0.3275,0.982,0.999
23,0.9200,1,31,left_foot_index,695.29,837.10,-0.0167,0.6031,0.3621,0.478,1.000
23,0.9200,1,32,right_foot_index,669.78,908.31,-0.1394,0.7299,-0.3921,0.991,0.998
23,0.9200,0,0,nose,1384.81,472.64,-0.0359,-0.6737,0.0262,0.997,1.000
23,0.9200,0,1,left_eye_inner,1386.78,464.37,-0.0276,-0.6801,-0.0138,0.997,1.000
23,0.9200,0,2,left_eye,1386.09,463.82,-0.0272,-0.6802,-0.0029,0.998,1.000
23,0.9200,0,3,left_eye_outer,1385.25,463.33,-0.0262,-0.6818,-0.0055,0.998,1.000
23,0.9200,0,4,right_eye_inner,1391.10,465.17,0.0045,-0.6895,-0.0057,0.997,1.000
23,0.9200,0,5,right_eye,1393.43,465.11,0.0050,-0.6892,-0.0186,0.998,1.000
23,0.9200,0,6,right_eye_outer,1395.80,464.86,0.0107,-0.6728,0.0019,0.998,1.000
23,0.9200,0,7,left_ear,1388.27,465.94,0.0012,-0.6178,-0.1223,0.999,1.000
23,0.9200,0,8,right_ear,1404.33,468.27,0.0916,-0.5674,-0.0191,0.995,1.000
23,0.9200,0,9,mouth_left,1384.54,480.24,-0.0142,-0.6410,0.0085,0.996,1.000
23,0.9200,0,10,mouth_right,1388.51,480.22,0.0081,-0.6071,0.0092,0.994,1.000
23,0.9200,0,11,left_shoulder,1382.39,516.26,-0.0231,-0.4556,-0.1354,1.000,1.000
23,0.9200,0,12,right_shoulder,1438.84,526.53,0.2081,-0.5112,0.1153,0.999,1.000
23,0.9200,0,13,left_elbow,1372.44,593.79,-0.0185,-0.2521,-0.1974,0.979,1.000
23,0.9200,0,14,right_elbow,1464.81,578.45,0.2527,-0.2845,0.1778,0.235,1.000
23,0.9200,0,15,left_wrist,1348.45,657.14,-0.1063,-0.0847,-0.0989,0.743,1.000
23,0.9200,0,16,right_wrist,1418.35,602.55,0.0911,-0.2530,0.2658,0.033,1.000
23,0.9200,0,17,left_pinky,1344.60,675.20,-0.1285,-0.0790,-0.0865,0.661,1.000
23,0.9200,0,18,right_pinky,1408.55,608.74,0.0954,-0.2674,0.2695,0.033,1.000
23,0.9200,0,19,left_index,1343.99,673.52,-0.1458,-0.0775,-0.0805,0.642,1.000
23,0.9200,0,20,right_index,1404.72,606.24,0.0831,-0.3035,0.2623,0.030,1.000
23,0.9200,0,21,left_thumb,1345.30,667.41,-0.1100,-0.0659,-0.0898,0.501,1.000
23,0.9200,0,22,right_thumb,1407.61,604.05,0.0727,-0.2707,0.2577,0.032,1.000
23,0.9200,0,23,left_hip,1375.05,672.78,-0.0578,0.0004,-0.0409,1.000,1.000
23,0.9200,0,24,right_hip,1401.82,670.20,0.0610,-0.0044,0.0408,1.000,1.000
23,0.9200,0,25,left_knee,1367.18,755.54,-0.1192,0.3290,0.0291,0.925,1.000
23,0.9200,0,26,right_knee,1398.36,745.25,0.0612,0.2830,0.1973,0.366,1.000
23,0.9200,0,27,left_ankle,1347.63,853.16,-0.1787,0.6427,0.0744,0.977,1.000
23,0.9200,0,28,right_ankle,1399.19,842.24,0.0195,0.6429,0.3095,0.784,1.000
23,0.9200,0,29,left_heel,1356.42,870.82,-0.2093,0.6720,0.0873,0.955,0.999
23,0.9200,0,30,right_heel,1398.75,864.23,0.0077,0.6727,0.2858,0.881,1.000
23,0.9200,0,31,left_foot_index,1294.28,865.92,-0.3111,0.6641,0.0957,0.915,1.000
23,0.9200,0,32,right_foot_index,1369.17,847.73,-0.0478,0.6464,0.3150,0.618,1.000
24,0.9600,1,0,nose,729.86,497.56,0.1586,-0.6076,-0.0070,0.999,1.000
24,0.9600,1,1,left_eye_inner,720.91,490.91,0.1329,-0.6194,-0.0004,0.998,1.000
24,0.9600,1,2,left_eye,718.64,491.06,0.1349,-0.6185,0.0045,0.998,1.000
24,0.9600,1,3,left_eye_outer,716.62,491.26,0.1339,-0.6208,0.0027,0.999,1.000
24,0.9600,1,4,right_eye_inner,726.89,490.82,0.1477,-0.6262,-0.0445,0.999,1.000
24,0.9600,1,5,right_eye,728.44,490.79,0.1522,-0.6250,-0.0572,0.999,1.000
24,0.9600,1,6,right_eye_outer,729.85,490.66,0.1585,-0.6160,-0.0347,1.000,1.000
24,0.9600,1,7,left_ear,711.29,496.94,0.0540,-0.5885,0.0328,0.999,1.000
24,0.9600,1,8,right_ear,728.13,495.09,0.0843,-0.5352,-0.0864,0.999,1.000
24,0.9600,1,9,mouth_left,728.50,506.28,0.1467,-0.5913,0.0234,0.998,1.000
24,0.9600,1,10,mouth_right,732.70,505.75,0.1547,-0.5553,-0.0420,0.999,1.000
24,0.9600,1,11,left_shoulder,705.49,549.17,0.0720,-0.4545,0.1785,1.000,1.000
24,0.9600,1,12,right_shoulder,723.32,540.96,0.1076,-0.5080,-0.0819,1.000,1.000
24,0.9600,1,13,left_elbow,755.44,588.28,0.2345,-0.3568,0.1613,0.049,1.000
24,0.9600,1,14,right_elbow,764.57,596.75,0.2491,-0.2942,-0.1229,0.962,1.000
24,0.9600,1,15,left_wrist,815.08,579.25,0.4301,-0.3424,0.1222,0.140,1.000
24,0.9600,1,16,right_wrist,811.96,583.49,0.3813,-0.3259,-0.0704,0.967,1.000
24,0.9600,1,17,left_pinky,826.54,577.23,0.4648,-0.3768,0.1296,0.210,1.000
24,0.9600,1,18,right_pinky,823.36,581.95,0.4365,-0.3683,-0.1223,0.954,1.000
24,0.9600,1,19,left_index,824.08,568.04,0.4682,-0.3911,0.1212,0.212,1.000
24,0.9600,1,20,right_index,821.20,571.72,0.4552,-0.4348,-0.1083,0.945,1.000
24,0.9600,1,21,left_thumb,819.29,568.18,0.4468,-0.3342,0.1129,0.207,1.000
24,0.9600,1,22,right_thumb,815.83,572.71,0.3912,-0.3568,-0.0669,0.870,1.000
24,0.9600,1,23,left_hip,696.96,681.31,0.0039,0.0040,0.1304,1.000,1.000
24,0.9600,1,24,right_hip,692.93,681.08,-0.0021,-0.0116,-0.1289,1.000,1.000
24,0.9600,1,25,left_knee,755.97,731.17,0.2032,0.2378,0.1762,0.208,1.000
24,0.9600,1,26,right_knee,696.00,790.87,0.0056,0.3183,-0.2081,0.996,1.000
24,0.9600,1,27,left_ankle,685.98,813.05,-0.0285,0.5198,0.2815,0.253,1.000
24,0.9600,1,28,right_ankle,626.73,893.34,-0.2518,0.6838,-0.2742,0.993,0.999
24,0.9600,1,29,left_heel,669.81,822.18,-0.0736,0.5498,0.3058,0.612,1.000
24,0.9600,1,30,right_heel,603.94,913.87,-0.2746,0.7145,-0.3122,0.960,0.999
24,0.9600,1,31,left_foot_index,708.00,843.41,-0.0341,0.6134,0.3544,0.336,1.000
24,0.9600,1,32,right_foot_index,669.36,915.19,-0.1740,0.7275,-0.3706,0.978,0.997
24,0.9600,0,0,nose,1382.25,478.30,-0.0572,-0.6401,0.0618,0.999,1.000
24,0.9600,0,1,left_eye_inner,1384.61,469.52,-0.0450,-0.6502,0.0248,1.000,1.000
24,0.9600,0,2,left_eye,1384.18,469.48,-0.0439,-0.6502,0.0343,1.000,1.000
24,0.9600,0,3,left_eye_outer,1383.62,469.43,-0.0426,-0.6519,0.0325,1.000,1.000
24,0.9600,0,4,right_eye_inner,1388.31,469.57,-0.0153,-0.6589,0.0360,0.999,1.000
24,0.9600,0,5,right_eye,1390.32,469.49,-0.0144,-0.6581,0.0241,1.000,1.000
24,0.9600,0,6,right_eye_outer,1392.16,469.34,-0.0084,-0.6425,0.0442,1.000,1.000
24,0.9600,0,7,left_ear,1388.16,472.77,0.0056,-0.5947,-0.0787,1.000,1.000
24,0.9600,0,8,right_ear,1400.79,473.50,0.0831,-0.5429,0.0414,0.999,1.000
24,0.9600,0,9,mouth_left,1383.24,486.27,-0.0277,-0.6102,0.0452,0.999,1.000
24,0.9600,0,10,mouth_right,1386.84,485.96,-0.0088,-0.5748,0.0508,0.998,1.000
24,0.9600,0,11,left_shoulder,1382.99,520.31,-0.0101,-0.4408,-0.1061,1.000,1.000
24,0.9600,0,12,right_shoulder,1435.36,528.09,0.1922,-0.4868,0.1792,1.000,1.000
24,0.9600,0,13,left_elbow,1372.87,596.79,0.0046,-0.2404,-0.1898,0.994,1.000
24,0.9600,0,14,right_elbow,1464.49,580.61,0.2353,-0.2627,0.2384,0.248,1.000
24,0.9600,0,15,left_wrist,1347.48,659.17,-0.0958,-0.0647,-0.1005,0.908,1.000
24,0.9600,0,16,right_wrist,1421.29,603.42,0.0794,-0.2454,0.3161,0.040,1.000
24,0.9600,0,17,left_pinky,1341.78,677.02,-0.1168,-0.0578,-0.0914,0.858,1.000
24,0.9600,0,18,right_pinky,1413.18,608.23,0.0862,-0.2658,0.3180,0.042,1.000
24,0.9600,0,19,left_index,1342.07,676.51,-0.1384,-0.0551,-0.0837,0.846,1.000
24,0.9600,0,20,right_index,1408.66,606.15,0.0772,-0.3065,0.3104,0.039,1.000
24,0.9600,0,21,left_thumb,1343.94,671.22,-0.1017,-0.0458,-0.0909,0.746,1.000
24,0.9600,0,22,right_thumb,1410.96,604.87,0.0628,-0.2659,0.3071,0.042,1.000
24,0.9600,0,23,left_hip,1376.95,661.95,-0.0495,0.0004,-0.0476,1.000,1.000
24,0.9600,0,24,right_hip,1402.83,660.08,0.0531,-0.0047,0.0478,1.000,1.000
24,0.9600,0,25,left_knee,1365.16,758.34,-0.1278,0.3576,-0.0549,0.978,1.000
24,0.9600,0,26,right_knee,1403.61,745.53,0.0719,0.3041,0.1240,0.645,1.000
24,0.9600,0,27,left_ankle,1346.33,859.79,-0.1912,0.6771,-0.0551,0.987,1.000
24,0.9600,0,28,right_ankle,1402.66,847.03,0.0196,0.6728,0.1908,0.863,1.000
24,0.9600,0,29,left_heel,1356.50,879.36,-0.2216,0.7084,-0.0480,0.976,1.000
24,0.9600,0,30,right_heel,1404.73,869.87,0.0058,0.7038,0.1616,0.929,1.000
24,0.9600,0,31,left_foot_index,1291.81,869.23,-0.3333,0.6907,-0.0525,0.960,1.000
24,0.9600,0,32,right_foot_index,1370.91,851.87,-0.0546,0.6729,0.1825,0.771,1.000
25,1.0000,1,0,nose,740.97,501.30,0.1437,-0.6173,-0.0026,1.000,1.000
25,1.0000,1,1,left_eye_inner,732.33,495.16,0.1160,-0.6329,0.0008,1.000,1.000
25,1.0000,1,2,left_eye,730.20,495.36,0.1174,-0.6320,0.0063,1.000,1.000
25,1.0000,1,3,left_eye_outer,728.20,495.75,0.1169,-0.6342,0.0045,1.000,1.000
25,1.0000,1,4,right_eye_inner,735.40,495.04,0.1331,-0.6400,-0.0455,1.000,1.000
25,1.0000,1,5,right_eye,735.43,495.07,0.1372,-0.6390,-0.0577,1.000,1.000
25,1.0000,1,6,right_eye_outer,735.58,495.06,0.1437,-0.6294,-0.0366,1.000,1.000
25,1.0000,1,7,left_ear,719.76,500.60,0.0206,-0.6065,0.0290,1.000,1.000
25,1.0000,1,8,right_ear,729.64,498.66,0.0678,-0.5477,-0.1010,1.000,1.000
25,1.0000,1,9,mouth_left,738.15,509.87,0.1261,-0.6018,0.0263,0.999,1.000
25,1.0000,1,10,mouth_right,740.42,509.18,0.1387,-0.5640,-0.0428,1.000,1.000
25,1.0000,1,11,left_shoulder,710.10,547.78,0.0338,-0.4798,0.1681,1.000,1.000
25,1.0000,1,12,right_shoulder,728.13,541.65,0.0899,-0.5207,-0.0942,1.000,1.000
25,1.0000,1,13,left_elbow,763.53,584.90,0.1956,-0.4150,0.1694,0.235,1.000
25,1.0000,1,14,right_elbow,776.14,593.29,0.2511,-0.3387,-0.1254,0.990,1.000
25,1.0000,1,15,left_wrist,818.86,578.57,0.3907,-0.3908,0.1351,0.546,1.000
25,1.0000,1,16,right_wrist,818.33,582.17,0.3585,-0.3670,-0.0441,0.983,1.000
25,1.0000,1,17,left_pinky,832.85,574.78,0.4233,-0.4216,0.1497,0.583,1.000
25,1.0000,1,18,right_pinky,832.05,578.70,0.4101,-0.4105,-0.0898,0.970,1.000
25,1.0000,1,19,left_index,830.47,569.30,0.4263,-0.4281,0.1369,0.586,1.000
25,1.0000,1,20,right_index,828.14,572.10,0.4168,-0.4698,-0.0761,0.964,1.000
25,1.0000,1,21,left_thumb,824.86,570.73,0.4076,-0.3778,0.1275,0.584,1.000
25,1.0000,1,22,right_thumb,822.61,573.72,0.3648,-0.3968,-0.0400,0.921,1.000
25,1.0000,1,23,left_hip,706.61,684.24,-0.0003,0.0070,0.1290,1.000,1.000
25,1.0000,1,24,right_hip,703.35,685.93,0.0020,-0.0144,-0.1274,1.000,1.000
25,1.0000,1,25,left_knee,757.28,739.57,0.1316,0.2790,0.2405,0.838,1.000
25,1.0000,1,26,right_knee,695.97,796.16,-0.0356,0.3174,-0.1861,1.000,1.000
25,1.0000,1,27,left_ankle,706.93,826.56,0.0151,0.5899,0.3881,0.931,1.000
25,1.0000,1,28,right_ankle,625.34,895.74,-0.2816,0.6874,-0.2070,0.999,1.000
25,1.0000,1,29,left_heel,694.38,841.82,-0.0166,0.6268,0.4151,0.964,1.000
25,1.0000,1,30,right_heel,602.19,917.15,-0.3042,0.7190,-0.2388,0.991,1.000
25,1.0000,1,31,left_foot_index,738.29,848.60,0.0380,0.6534,0.4620,0.929,1.000
25,1.0000,1,32,right_foot_index,666.87,918.96,-0.2164,0.7378,-0.2915,0.997,1.000
25,1.0000,0,0,nose,1382.50,482.06,-0.0482,-0.6801,0.0172,0.999,1.000
25,1.0000,0,1,left_eye_inner,1384.30,473.96,-0.0361,-0.6874,-0.0219,0.999,1.000
25,1.0000,0,2,left_eye,1383.12,473.82,-0.0352,-0.6871,-0.0109,0.999,1.000
25,1.0000,0,3,left_eye_outer,1382.08,473.77,-0.0341,-0.6888,-0.0135,0.999,1.000
25,1.0000,0,4,right_eye_inner,1389.20,474.30,-0.0067,-0.6966,-0.0123,0.999,1.000
25,1.0000,0,5,right_eye,1391.67,474.39,-0.0058,-0.6963,-0.0252,0.999,1.000
25,1.0000,0,6,right_eye_outer,1393.88,474.35,-0.0000,-0.6804,-0.0046,0.999,1.000
25,1.0000,0,7,left_ear,1386.20,478.25,0.0030,-0.6246,-0.1271,0.999,1.000
25,1.0000,0,8,right_ear,1401.14,478.83,0.0878,-0.5752,-0.0163,0.997,1.000
25,1.0000,0,9,mouth_left,1381.64,490.14,-0.0232,-0.6481,0.0004,0.998,1.000
25,1.0000,0,10,mouth_right,1387.07,490.49,-0.0017,-0.6137,0.0022,0.996,1.000
25,1.0000,0,11,left_shoulder,1379.20,528.30,-0.0157,-0.4612,-0.1453,1.000,1.000
25,1.0000,0,12,right_shoulder,1434.95,535.25,0.2039,-0.5174,0.1197,0.999,1.000
25,1.0000,0,13,left_elbow,1371.90,603.04,-0.0031,-0.2666,-0.2246,0.993,1.000
25,1.0000,0,14,right_elbow,1462.76,586.44,0.2599,-0.2873,0.1606,0.279,1.000
25,1.0000,0,15,left_wrist,1345.82,664.01,-0.1033,-0.0850,-0.1546,0.911,1.000
25,1.0000,0,16,right_wrist,1418.35,613.91,0.0909,-0.2452,0.2145,0.036,1.000
25,1.0000,0,17,left_pinky,1340.40,680.97,-0.1266,-0.0759,-0.1473,0.858,1.000
25,1.0000,0,18,right_pinky,1410.48,619.09,0.0918,-0.2574,0.2166,0.036,1.000
25,1.0000,0,19,left_index,1338.82,680.74,-0.1467,-0.0740,-0.1420,0.847,1.000
25,1.0000,0,20,right_index,1405.82,616.61,0.0768,-0.2948,0.2076,0.033,1.000
25,1.0000,0,21,left_thumb,1341.14,675.58,-0.1087,-0.0657,-0.1466,0.739,1.000
25,1.0000,0,22,right_thumb,1407.67,615.05,0.0719,-0.2622,0.2049,0.034,1.000
25,1.0000,0,23,left_hip,1375.09,675.38,-0.0547,0.0028,-0.0452,1.000,1.000
25,1.0000,0,24,right_hip,1401.19,676.12,0.0579,-0.0067,0.0454,1.000,1.000
25,1.0000,0,25,left_knee,1365.83,762.58,-0.1212,0.3411,-0.0251,0.961,1.000
25,1.0000,0,26,right_knee,1400.58,754.29,0.0600,0.2826,0.1666,0.451,1.000
25,1.0000,0,27,left_ankle,1347.18,865.13,-0.1891,0.6621,-0.0127,0.984,1.000
25,1.0000,0,28,right_ankle,1400.88,855.29,0.0165,0.6611,0.2503,0.820,1.000
25,1.0000,0,29,left_heel,1355.33,886.48,-0.2206,0.6928,-0.0032,0.970,1.000
25,1.0000,0,30,right_heel,1401.27,877.47,0.0041,0.6929,0.2226,0.907,1.000
25,1.0000,0,31,left_foot_index,1292.84,875.43,-0.3302,0.6876,-0.0042,0.951,1.000
25,1.0000,0,32,right_foot_index,1366.44,859.59,-0.0576,0.6685,0.2456,0.712,1.000
26,1.0400,1,0,nose,736.20,502.81,0.1038,-0.6192,0.0355,1.000,1.000
26,1.0400,1,1,left_eye_inner,727.62,495.35,0.0757,-0.6304,0.0352,1.000,1.000
26,1.0400,1,2,left_eye,724.99,495.67,0.0772,-0.6297,0.0398,1.000,1.000
26,1.0400,1,3,left_eye_outer,722.61,496.23,0.0768,-0.6322,0.0376,1.000,1.000
26,1.0400,1,4,right_eye_inner,733.98,494.82,0.0957,-0.6382,-0.0088,1.000,1.000
26,1.0400,1,5,right_eye,735.53,494.58,0.1003,-0.6374,-0.0213,1.000,1.000
26,1.0400,1,6,right_eye_outer,737.11,494.23,0.1069,-0.6281,-0.0001,1.000,1.000
26,1.0400,1,7,left_ear,718.49,501.93,-0.0089,-0.5956,0.0447,1.000,1.000
26,1.0400,1,8,right_ear,737.16,498.27,0.0551,-0.5417,-0.0696,1.000,1.000
26,1.0400,1,9,mouth_left,734.22,512.15,0.0919,-0.6015,0.0573,1.000,1.000
26,1.0400,1,10,mouth_right,739.50,510.80,0.1088,-0.5659,-0.0072,1.000,1.000
26,1.0400,1,11,left_shoulder,716.88,546.83,0.0155,-0.4754,0.1723,1.000,1.000
26,1.0400,1,12,right_shoulder,731.50,543.05,0.0967,-0.5161,-0.0754,1.000,1.000
26,1.0400,1,13,left_elbow,766.59,581.93,0.1848,-0.4101,0.1249,0.285,1.000
26,1.0400,1,14,right_elbow,780.45,590.05,0.2605,-0.3347,-0.1068,0.992,1.000
26,1.0400,1,15,left_wrist,826.60,576.16,0.3846,-0.3819,0.0450,0.586,1.000
26,1.0400,1,16,right_wrist,825.25,582.36,0.3669,-0.3683,-0.0367,0.988,1.000
26,1.0400,1,17,left_pinky,840.22,574.11,0.4208,-0.4094,0.0512,0.627,1.000
26,1.0400,1,18,right_pinky,838.28,579.25,0.4190,-0.4110,-0.0805,0.977,1.000
26,1.0400,1,19,left_index,837.63,567.70,0.4250,-0.4140,0.0398,0.627,1.000
26,1.0400,1,20,right_index,834.24,572.86,0.4240,-0.4712,-0.0693,0.972,1.000
26,1.0400,1,21,left_thumb,831.94,568.18,0.4021,-0.3680,0.0359,0.611,1.000
26,1.0400,1,22,right_thumb,828.79,574.14,0.3714,-0.3978,-0.0328,0.935,1.000
26,1.0400,1,23,left_hip,711.37,684.33,-0.0099,0.0086,0.1258,1.000,1.000
26,1.0400,1,24,right_hip,710.23,685.07,0.0115,-0.0160,-0.1242,1.000,1.000
26,1.0400,1,25,left_knee,766.89,745.50,0.1378,0.3076,0.1951,0.761,1.000
26,1.0400,1,26,right_knee,708.08,797.32,-0.0138,0.3187,-0.2002,1.000,1.000
26,1.0400,1,27,left_ankle,712.20,835.41,-0.0153,0.6190,0.3230,0.843,1.000
26,1.0400,1,28,right_ankle,626.52,894.64,-0.2779,0.6949,-0.2322,0.999,1.000
26,1.0400,1,29,left_heel,700.16,851.16,-0.0514,0.6566,0.3499,0.935,1.000
26,1.0400,1,30,right_heel,604.07,909.83,-0.3027,0.7278,-0.2653,0.989,1.000
26,1.0400,1,31,left_foot_index,739.55,858.25,0.0023,0.6985,0.4025,0.840,1.000
26,1.0400,1,32,right_foot_index,663.02,927.83,-0.2231,0.7464,-0.3051,0.995,1.000
26,1.0400,0,0,nose,1380.80,487.15,-0.0384,-0.6709,0.0559,0.999,1.000
26,1.0400,0,1,left_eye_inner,1382.38,478.72,-0.0314,-0.6798,0.0153,0.999,1.000
26,1.0400,0,2,left_eye,1381.16,478.60,-0.0304,-0.6803,0.0260,0.999,1.000
26,1.0400,0,3,left_eye_outer,1380.12,478.51,-0.0288,-0.6815,0.0231,0.999,1.000
26,1.0400,0,4,right_eye_inner,1387.53,479.11,0.0016,-0.6852,0.0235,0.999,1.000
26,1.0400,0,5,right_eye,1390.00,479.19,0.0027,-0.6848,0.0104,0.999,1.000
26,1.0400,0,6,right_eye_outer,1392.29,479.18,0.0072,-0.6689,0.0309,0.999,1.000
26,1.0400,0,7,left_ear,1383.31,482.64,-0.0063,-0.6227,-0.0985,1.000,1.000
26,1.0400,0,8,right_ear,1400.24,484.23,0.0869,-0.5609,0.0065,0.998,1.000
26,1.0400,0,9,mouth_left,1379.27,495.58,-0.0168,-0.6399,0.0345,0.999,1.000
26,1.0400,0,10,mouth_right,1384.80,495.66,0.0046,-0.6027,0.0357,0.997,1.000
26,1.0400,0,11,left_shoulder,1376.58,534.06,-0.0275,-0.4592,-0.1240,1.000,1.000
26,1.0400,0,12,right_shoulder,1435.92,541.36,0.2067,-0.4991,0.1315,0.999,1.000
26,1.0400,0,13,left_elbow,1368.63,607.02,-0.0179,-0.2568,-0.2045,0.997,1.000
26,1.0400,0,14,right_elbow,1456.20,594.14,0.2370,-0.2773,0.1850,0.393,1.000
26,1.0400,0,15,left_wrist,1347.37,669.94,-0.1074,-0.0745,-0.1381,0.969,1.000
26,1.0400,0,16,right_wrist,1412.54,614.90,0.0790,-0.2483,0.2612,0.050,1.000
26,1.0400,0,17,left_pinky,1341.71,686.62,-0.1256,-0.0642,-0.1325,0.941,1.000
26,1.0400,0,18,right_pinky,1401.92,621.20,0.0851,-0.2599,0.2659,0.044,1.000
26,1.0400,0,19,left_index,1337.80,684.99,-0.1484,-0.0633,-0.1264,0.936,1.000
26,1.0400,0,20,right_index,1397.52,616.44,0.0739,-0.2965,0.2574,0.040,1.000
26,1.0400,0,21,left_thumb,1339.43,680.03,-0.1138,-0.0545,-0.1313,0.880,1.000
26,1.0400,0,22,right_thumb,1399.33,615.57,0.0628,-0.2658,0.2526,0.044,1.000
26,1.0400,0,23,left_hip,1371.05,681.14,-0.0587,-0.0004,-0.0427,1.000,1.000
26,1.0400,0,24,right_hip,1399.52,677.58,0.0621,-0.0032,0.0427,1.000,1.000
26,1.0400,0,25,left_knee,1359.90,765.99,-0.1333,0.3417,-0.0002,0.964,1.000
26,1.0400,0,26,right_knee,1397.40,759.75,0.0532,0.2949,0.1592,0.640,1.000
26,1.0400,0,27,left_ankle,1344.78,868.33,-0.1737,0.6630,0.0250,0.984,1.000
26,1.0400,0,28,right_ankle,1399.35,860.30,0.0268,0.6616,0.2457,0.859,1.000
26,1.0400,0,29,left_heel,1352.30,890.00,-0.2011,0.6929,0.0360,0.970,0.999
26,1.0400,0,30,right_heel,1402.32,884.55,0.0170,0.6914,0.2203,0.934,1.000
26,1.0400,0,31,left_foot_index,1291.40,882.70,-0.3015,0.6826,0.0365,0.941,0.999
26,1.0400,0,32,right_foot_index,1367.20,868.32,-0.0374,0.6707,0.2496,0.718,1.000
27,1.0800,0,0,nose,1376.21,494.20,-0.0463,-0.6748,0.0020,0.998,1.000
27,1.0800,0,1,left_eye_inner,1378.69,485.06,-0.0337,-0.6814,-0.0389,0.998,1.000
27,1.0800,0,2,left_eye,1378.22,484.56,-0.0331,-0.6812,-0.0275,0.998,1.000
27,1.0800,0,3,left_eye_outer,1377.66,484.15,-0.0321,-0.6830,-0.0306,0.999,1.000
27,1.0800,0,4,right_eye_inner,1382.89,485.89,-0.0039,-0.6908,-0.0295,0.998,1.000
27,1.0800,0,5,right_eye,1385.15,485.96,-0.0034,-0.6904,-0.0431,0.998,1.000
27,1.0800,0,6,right_eye_outer,1387.31,485.91,0.0017,-0.6746,-0.0220,0.998,1.000
27,1.0800,0,7,left_ear,1382.17,487.11,0.0010,-0.6214,-0.1431,0.999,1.000
27,1.0800,0,8,right_ear,1394.37,488.48,0.0847,-0.5718,-0.0360,0.995,1.000
27,1.0800,0,9,mouth_left,1376.14,501.21,-0.0236,-0.6438,-0.0158,0.997,1.000
27,1.0800,0,10,mouth_right,1380.28,502.40,-0.0035,-0.6104,-0.0139,0.994,1.000
27,1.0800,0,11,left_shoulder,1376.51,535.27,-0.0274,-0.4598,-0.1587,1.000,1.000
27,1.0800,0,12,right_shoulder,1428.41,542.69,0.2027,-0.5167,0.1011,0.999,1.000
27,1.0800,0,13,left_elbow,1363.72,611.96,-0.0264,-0.2581,-0.2280,0.991,1.000
27,1.0800,0,14,right_elbow,1455.19,598.73,0.2358,-0.2829,0.1435,0.224,1.000
27,1.0800,0,15,left_wrist,1339.67,675.45,-0.1079,-0.0706,-0.1432,0.909,1.000
27,1.0800,0,16,right_wrist,1409.87,620.94,0.0782,-0.2302,0.1995,0.029,1.000
27,1.0800,0,17,left_pinky,1334.83,693.91,-0.1271,-0.0588,-0.1346,0.854,1.000
27,1.0800,0,18,right_pinky,1400.00,629.47,0.0813,-0.2369,0.1985,0.029,1.000
27,1.0800,0,19,left_index,1334.55,692.81,-0.1469,-0.0551,-0.1304,0.844,1.000
27,1.0800,0,20,right_index,1395.59,624.71,0.0700,-0.2712,0.1900,0.027,1.000
27,1.0800,0,21,left_thumb,1336.07,686.89,-0.1120,-0.0487,-0.1354,0.735,1.000
27,1.0800,0,22,right_thumb,1398.90,622.38,0.0619,-0.2452,0.1902,0.029,1.000
27,1.0800,0,23,left_hip,1368.21,690.13,-0.0559,0.0006,-0.0419,1.000,1.000
27,1.0800,0,24,right_hip,1394.40,688.13,0.0592,-0.0041,0.0420,1.000,1.000
27,1.0800,0,25,left_knee,1359.53,774.89,-0.1219,0.3373,0.0278,0.917,1.000
27,1.0800,0,26,right_knee,1392.41,766.74,0.0445,0.2898,0.1717,0.394,1.000
27,1.0800,0,27,left_ankle,1337.09,875.99,-0.1910,0.6601,0.0752,0.976,1.000
27,1.0800,0,28,right_ankle,1394.06,864.19,0.0167,0.6553,0.2887,0.759,1.000
27,1.0800,0,29,left_heel,1346.74,896.60,-0.2242,0.6897,0.0879,0.951,0.999
27,1.0800,0,30,right_heel,1396.20,888.36,0.0064,0.6842,0.2650,0.881,1.000
27,1.0800,0,31,left_foot_index,1285.47,886.34,-0.3311,0.6753,0.0877,0.921,0.999
27,1.0800,0,32,right_foot_index,1361.29,868.47,-0.0523,0.6552,0.2950,0.623,1.000
27,1.0800,1,0,nose,742.90,511.10,0.0894,-0.6142,-0.0029,0.999,1.000
27,1.0800,1,1,left_eye_inner,734.58,503.94,0.0653,-0.6297,0.0001,0.999,1.000
27,1.0800,1,2,left_eye,732.06,504.21,0.0664,-0.6290,0.0057,0.999,1.000
27,1.0800,1,3,left_eye_outer,729.63,504.69,0.0658,-0.6312,0.0037,0.999,1.000
27,1.0800,1,4,right_eye_inner,739.13,503.24,0.0769,-0.6355,-0.0420,0.999,1.000
27,1.0800,1,5,right_eye,739.69,502.97,0.0812,-0.6349,-0.0537,1.000,1.000
27,1.0800,1,6,right_eye_outer,740.42,502.60,0.0879,-0.6253,-0.0329,1.000,1.000
27,1.0800,1,7,left_ear,723.64,509.05,-0.0122,-0.6096,0.0318,0.999,1.000
27,1.0800,1,8,right_ear,736.62,504.85,0.0244,-0.5462,-0.0810,0.999,1.000
27,1.0800,1,9,mouth_left,739.49,519.57,0.0788,-0.6021,0.0254,0.999,1.000
27,1.0800,1,10,mouth_right,743.30,518.35,0.0905,-0.5632,-0.0386,0.999,1.000
27,1.0800,1,11,left_shoulder,721.58,549.02,0.0243,-0.5013,0.1672,1.000,1.000
27,1.0800,1,12,right_shoulder,735.31,542.84,0.0507,-0.5260,-0.0811,1.000,1.000
27,1.0800,1,13,left_elbow,770.86,576.56,0.1804,-0.4514,0.1386,0.167,1.000
27,1.0800,1,14,right_elbow,782.53,589.02,0.2161,-0.3549,-0.1450,0.996,1.000
27,1.0800,1,15,left_wrist,833.56,572.59,0.3727,-0.4281,0.0538,0.410,1.000
27,1.0800,1,16,right_wrist,831.47,579.59,0.3233,-0.3971,-0.1095,0.996,1.000
27,1.0800,1,17,left_pinky,846.17,572.15,0.4064,-0.4516,0.0613,0.500,1.000
27,1.0800,1,18,right_pinky,842.88,578.74,0.3695,-0.4392,-0.1594,0.993,1.000
27,1.0800,1,19,left_index,845.13,562.63,0.4101,-0.4515,0.0492,0.500,1.000
27,1.0800,1,20,right_index,841.03,571.71,0.3772,-0.4965,-0.1469,0.991,1.000
27,1.0800,1,21,left_thumb,838.94,563.78,0.3900,-0.4116,0.0448,0.497,1.000
27,1.0800,1,22,right_thumb,836.34,572.69,0.3283,-0.4250,-0.1060,0.979,1.000
27,1.0800,1,23,left_hip,722.33,687.39,0.0033,0.0069,0.1235,1.000,1.000
27,1.0800,1,24,right_hip,719.98,686.72,-0.0014,-0.0138,-0.1206,1.000,1.000
27,1.0800,1,25,left_knee,766.97,755.37,0.1360,0.3116,0.1548,0.949,1.000
27,1.0800,1,26,right_knee,729.71,791.83,0.0188,0.3022,-0.2326,1.000,1.000
27,1.0800,1,27,left_ankle,710.76,841.38,-0.0262,0.6116,0.2655,0.980,1.000
27,1.0800,1,28,right_ankle,644.84,878.66,-0.2544,0.6434,-0.2230,1.000,1.000
27,1.0800,1,29,left_heel,696.10,854.27,-0.0641,0.6470,0.2908,0.987,1.000
27,1.0800,1,30,right_heel,616.84,886.17,-0.2833,0.6716,-0.2504,0.996,1.000
27,1.0800,1,31,left_foot_index,734.39,863.98,-0.0252,0.7062,0.3404,0.979,1.000
27,1.0800,1,32,right_foot_index,659.09,927.62,-0.2276,0.7322,-0.2806,0.999,1.000
28,1.1200,0,0,nose,1368.47,493.03,-0.0759,-0.6770,-0.0663,0.999,1.000
28,1.1200,0,1,left_eye_inner,1373.39,485.75,-0.0522,-0.6848,-0.1043,0.999,1.000
28,1.1200,0,2,left_eye,1373.49,486.06,-0.0521,-0.6838,-0.0924,0.999,1.000
28,1.1200,0,3,left_eye_outer,1373.48,486.35,-0.0513,-0.6859,-0.0951,0.999,1.000
28,1.1200,0,4,right_eye_inner,1376.68,485.69,-0.0319,-0.6981,-0.0897,0.998,1.000
28,1.1200,0,5,right_eye,1378.97,486.11,-0.0319,-0.6978,-0.1034,0.998,1.000
28,1.1200,0,6,right_eye_outer,1381.07,486.42,-0.0252,-0.6827,-0.0822,0.999,1.000
28,1.1200,0,7,left_ear,1381.65,491.87,0.0145,-0.6262,-0.1923,0.999,1.000
28,1.1200,0,8,right_ear,1390.07,492.07,0.0730,-0.5915,-0.0617,0.995,1.000
28,1.1200,0,9,mouth_left,1369.33,502.87,-0.0430,-0.6468,-0.0786,0.998,1.000
28,1.1200,0,10,mouth_right,1372.42,502.44,-0.0275,-0.6174,-0.0705,0.995,1.000
28,1.1200,0,11,left_shoulder,1374.70,537.96,-0.0047,-0.4662,-0.2140,1.000,1.000
28,1.1200,0,12,right_shoulder,1421.03,546.21,0.1755,-0.5372,0.1182,0.999,1.000
28,1.1200,0,13,left_elbow,1363.64,612.16,-0.0057,-0.2822,-0.2977,0.996,1.000
28,1.1200,0,14,right_elbow,1450.60,597.59,0.2144,-0.2927,0.1524,0.085,0.999
28,1.1200,0,15,left_wrist,1340.73,674.22,-0.0971,-0.0829,-0.2241,0.968,1.000
28,1.1200,0,16,right_wrist,1410.11,626.52,0.0742,-0.2244,0.1469,0.019,1.000
28,1.1200,0,17,left_pinky,1334.52,693.69,-0.1198,-0.0657,-0.2243,0.938,1.000
28,1.1200,0,18,right_pinky,1399.41,635.12,0.0793,-0.2301,0.1345,0.025,1.000
28,1.1200,0,19,left_index,1333.25,694.49,-0.1416,-0.0564,-0.2174,0.932,1.000
28,1.1200,0,20,right_index,1395.74,632.34,0.0681,-0.2690,0.1218,0.024,1.000
28,1.1200,0,21,left_thumb,1335.30,688.36,-0.1014,-0.0579,-0.2150,0.862,1.000
28,1.1200,0,22,right_thumb,1398.99,629.27,0.0607,-0.2385,0.1339,0.025,1.000
28,1.1200,0,23,left_hip,1365.93,694.87,-0.0443,0.0049,-0.0638,1.000,1.000
28,1.1200,0,24,right_hip,1394.23,693.02,0.0474,-0.0087,0.0637,1.000,1.000
28,1.1200,0,25,left_knee,1354.79,777.35,-0.1149,0.3357,0.0141,0.914,1.000
28,1.1200,0,26,right_knee,1395.55,772.17,0.0576,0.2725,0.2024,0.246,1.000
28,1.1200,0,27,left_ankle,1335.16,875.81,-0.1755,0.6755,0.0739,0.980,1.000
28,1.1200,0,28,right_ankle,1391.27,868.04,0.0273,0.6708,0.3258,0.718,1.000
28,1.1200,0,29,left_heel,1346.63,895.96,-0.2080,0.7091,0.0874,0.953,0.999
28,1.1200,0,30,right_heel,1392.75,890.03,0.0174,0.7032,0.3005,0.846,1.000
28,1.1200,0,31,left_foot_index,1282.65,889.60,-0.3204,0.7003,0.0716,0.955,1.000
28,1.1200,0,32,right_foot_index,1356.37,874.30,-0.0503,0.6868,0.3117,0.698,1.000
28,1.1200,1,0,nose,753.06,509.65,0.1304,-0.6115,0.0103,1.000,1.000
28,1.1200,1,1,left_eye_inner,745.49,502.45,0.1025,-0.6299,0.0188,1.000,1.000
28,1.1200,1,2,left_eye,743.67,502.54,0.1034,-0.6311,0.0257,1.000,1.000
28,1.1200,1,3,left_eye_outer,742.15,502.83,0.1030,-0.6313,0.0235,1.000,1.000
28,1.1200,1,4,right_eye_inner,748.64,503.08,0.1116,-0.6339,-0.0231,1.000,1.000
28,1.1200,1,5,right_eye,748.95,503.50,0.1150,-0.6320,-0.0343,1.000,1.000
28,1.1200,1,6,right_eye_outer,749.35,503.85,0.1189,-0.6216,-0.0135,1.000,1.000
28,1.1200,1,7,left_ear,737.80,508.14,0.0309,-0.6168,0.0753,1.000,1.000
28,1.1200,1,8,right_ear,745.38,507.85,0.0290,-0.5489,-0.0493,1.000,1.000
28,1.1200,1,9,mouth_left,751.40,517.94,0.1254,-0.6001,0.0448,1.000,1.000
28,1.1200,1,10,mouth_right,753.38,517.97,0.1211,-0.5593,-0.0205,1.000,1.000
28,1.1200,1,11,left_shoulder,739.39,549.14,0.0801,-0.4903,0.2176,1.000,1.000
28,1.1200,1,12,right_shoulder,739.81,550.55,0.0656,-0.5207,-0.0560,1.000,1.000
28,1.1200,1,13,left_elbow,785.66,574.21,0.2430,-0.4486,0.2647,0.203,1.000
28,1.1200,1,14,right_elbow,791.41,591.54,0.2302,-0.3364,-0.1677,0.995,1.000
28,1.1200,1,15,left_wrist,842.46,560.25,0.4291,-0.4516,0.2717,0.686,1.000
28,1.1200,1,16,right_wrist,840.82,573.22,0.3664,-0.4025,-0.1829,0.993,1.000
28,1.1200,1,17,left_pinky,854.46,558.36,0.4597,-0.4835,0.2891,0.745,1.000
28,1.1200,1,18,right_pinky,853.78,567.57,0.4199,-0.4480,-0.2425,0.990,1.000
28,1.1200,1,19,left_index,850.44,550.59,0.4645,-0.4929,0.2729,0.760,1.000
28,1.1200,1,20,right_index,850.66,562.19,0.4421,-0.5048,-0.2229,0.989,1.000
28,1.1200,1,21,left_thumb,845.35,550.81,0.4449,-0.4419,0.2613,0.767,1.000
28,1.1200,1,22,right_thumb,845.58,564.18,0.3779,-0.4332,-0.1792,0.973,1.000
28,1.1200,1,23,left_hip,729.79,682.01,0.0088,0.0082,0.1254,1.000,1.000
28,1.1200,1,24,right_hip,725.64,682.83,-0.0065,-0.0145,-0.1215,1.000,1.000
28,1.1200,1,25,left_knee,759.92,774.86,0.1020,0.3537,0.0897,0.901,1.000
28,1.1200,1,26,right_knee,756.80,783.14,0.0466,0.3111,-0.1970,0.999,1.000
28,1.1200,1,27,left_ankle,699.58,851.78,-0.1085,0.6569,0.1523,0.930,1.000
28,1.1200,1,28,right_ankle,666.07,864.99,-0.2331,0.6220,-0.1764,0.998,1.000
28,1.1200,1,29,left_heel,684.23,866.22,-0.1497,0.6904,0.1713,0.964,1.000
28,1.1200,1,30,right_heel,641.98,869.03,-0.2581,0.6512,-0.2062,0.988,1.000
28,1.1200,1,31,left_foot_index,736.52,868.80,-0.0951,0.7200,0.1914,0.950,1.000
28,1.1200,1,32,right_foot_index,673.42,916.72,-0.1876,0.6861,-0.2404,0.994,0.999
29,1.1600,0,0,nose,1366.99,495.38,-0.0618,-0.6693,-0.0196,0.999,1.000
29,1.1600,0,1,left_eye_inner,1371.17,488.84,-0.0412,-0.6778,-0.0598,0.999,1.000
29,1.1600,0,2,left_eye,1371.08,488.94,-0.0410,-0.6768,-0.0480,0.999,1.000
29,1.1600,0,3,left_eye_outer,1370.87,489.06,-0.0398,-0.6793,-0.0512,0.999,1.000
29,1.1600,0,4,right_eye_inner,1374.52,488.95,-0.0182,-0.6902,-0.0457,0.998,1.000
29,1.1600,0,5,right_eye,1376.40,489.19,-0.0175,-0.6899,-0.0597,0.999,1.000
29,1.1600,0,6,right_eye_outer,1378.11,489.37,-0.0116,-0.6751,-0.0384,0.999,1.000
29,1.1600,0,7,left_ear,1377.20,493.73,0.0167,-0.6224,-0.1565,0.999,1.000
29,1.1600,0,8,right_ear,1386.60,494.73,0.0889,-0.5812,-0.0295,0.995,1.000
29,1.1600,0,9,mouth_left,1367.08,504.36,-0.0323,-0.6410,-0.0353,0.998,1.000
29,1.1600,0,10,mouth_right,1370.38,504.51,-0.0134,-0.6090,-0.0284,0.996,1.000
29,1.1600,0,11,left_shoulder,1367.08,539.25,-0.0084,-0.4650,-0.1834,1.000,1.000
29,1.1600,0,12,right_shoulder,1419.84,548.79,0.1964,-0.5291,0.1220,0.999,1.000
29,1.1600,0,13,left_elbow,1358.18,614.83,-0.0085,-0.2720,-0.2633,0.997,1.000
29,1.1600,0,14,right_elbow,1445.98,600.51,0.2400,-0.2746,0.1143,0.189,1.000
29,1.1600,0,15,left_wrist,1333.72,677.22,-0.0986,-0.0642,-0.1908,0.956,1.000
29,1.1600,0,16,right_wrist,1402.96,630.84,0.0838,-0.1922,0.0890,0.014,1.000
29,1.1600,0,17,left_pinky,1327.65,696.67,-0.1192,-0.0466,-0.1866,0.918,1.000
29,1.1600,0,18,right_pinky,1394.03,638.91,0.0836,-0.1932,0.0775,0.016,1.000
29,1.1600,0,19,left_index,1327.43,697.24,-0.1393,-0.0395,-0.1803,0.910,1.000
29,1.1600,0,20,right_index,1390.33,636.00,0.0713,-0.2315,0.0681,0.014,1.000
29,1.1600,0,21,left_thumb,1329.00,691.46,-0.1014,-0.0403,-0.1812,0.826,1.000
29,1.1600,0,22,right_thumb,1392.94,632.76,0.0690,-0.2052,0.0778,0.016,1.000
29,1.1600,0,23,left_hip,1360.85,689.56,-0.0505,0.0017,-0.0520,1.000,1.000
29,1.1600,0,24,right_hip,1387.62,687.93,0.0536,-0.0050,0.0527,1.000,1.000
29,1.1600,0,25,left_knee,1350.58,779.13,-0.1091,0.3545,0.0014,0.945,1.000
29,1.1600,0,26,right_knee,1389.03,769.56,0.0673,0.2882,0.1515,0.359,1.000
29,1.1600,0,27,left_ankle,1332.56,880.03,-0.1834,0.6913,0.0295,0.986,1.000
29,1.1600,0,28,right_ankle,1389.71,868.07,0.0303,0.6874,0.2456,0.767,1.000
29,1.1600,0,29,left_heel,1340.33,900.63,-0.2178,0.7237,0.0402,0.969,0.999
29,1.1600,0,30,right_heel,1392.09,890.97,0.0206,0.7204,0.2163,0.886,1.000
29,1.1600,0,31,left_foot_index,1277.86,889.40,-0.3326,0.7070,0.0205,0.961,1.000
29,1.1600,0,32,right_foot_index,1357.50,873.97,-0.0397,0.6983,0.2244,0.722,1.000
29,1.1600,1,0,nose,752.30,513.74,0.1048,-0.6324,-0.0733,0.999,1.000
29,1.1600,1,1,left_eye_inner,745.52,506.99,0.0807,-0.6467,-0.0662,0.998,1.000
29,1.1600,1,2,left_eye,743.88,507.14,0.0809,-0.6471,-0.0588,0.998,1.000
29,1.1600,1,3,left_eye_outer,742.78,507.48,0.0798,-0.6479,-0.0607,0.999,1.000
29,1.1600,1,4,right_eye_inner,749.00,506.97,0.0859,-0.6501,-0.1053,0.999,1.000
29,1.1600,1,5,right_eye,749.83,507.00,0.0894,-0.6490,-0.1175,0.999,1.000
29,1.1600,1,6,right_eye_outer,750.83,506.86,0.0945,-0.6376,-0.0961,0.999,1.000
29,1.1600,1,7,left_ear,738.85,512.19,0.0199,-0.6273,-0.0130,0.999,1.000
29,1.1600,1,8,right_ear,747.24,510.09,0.0185,-0.5583,-0.1254,0.999,1.000
29,1.1600,1,9,mouth_left,752.01,521.55,0.1056,-0.6205,-0.0400,0.999,1.000
29,1.1600,1,10,mouth_right,754.03,520.97,0.1046,-0.5806,-0.1025,0.999,1.000
29,1.1600,1,11,left_shoulder,747.99,553.59,0.1025,-0.5141,0.1321,1.000,1.000
29,1.1600,1,12,right_shoulder,744.47,552.69,0.0393,-0.5363,-0.1242,1.000,1.000
29,1.1600,1,13,left_elbow,802.81,569.37,0.2607,-0.4784,0.1280,0.297,1.000
29,1.1600,1,14,right_elbow,795.53,586.88,0.2045,-0.3760,-0.2358,0.993,1.000
29,1.1600,1,15,left_wrist,858.01,551.15,0.4467,-0.5100,0.0708,0.629,1.000
29,1.1600,1,16,right_wrist,845.08,568.53,0.3394,-0.4568,-0.2600,0.992,1.000
29,1.1600,1,17,left_pinky,871.73,541.82,0.4777,-0.5435,0.0777,0.700,1.000
29,1.1600,1,18,right_pinky,857.23,563.50,0.3891,-0.4972,-0.3296,0.986,1.000
29,1.1600,1,19,left_index,869.83,540.59,0.4799,-0.5569,0.0572,0.719,1.000
29,1.1600,1,20,right_index,855.79,559.43,0.4159,-0.5625,-0.3119,0.985,1.000
29,1.1600,1,21,left_thumb,865.57,541.42,0.4627,-0.5002,0.0573,0.722,1.000
29,1.1600,1,22,right_thumb,851.94,561.02,0.3531,-0.4871,-0.2575,0.962,1.000
29,1.1600,1,23,left_hip,737.47,688.73,0.0167,0.0022,0.1189,1.000,1.000
29,1.1600,1,24,right_hip,733.04,689.10,-0.0146,-0.0085,-0.1158,1.000,1.000
29,1.1600,1,25,left_knee,771.23,768.77,0.0983,0.3330,0.1435,0.722,1.000
29,1.1600,1,26,right_knee,786.04,775.05,0.1367,0.2749,-0.1530,0.994,1.000
29,1.1600,1,27,left_ankle,715.86,844.57,-0.0513,0.6585,0.2572,0.839,1.000
29,1.1600,1,28,right_ankle,703.74,849.12,-0.1346,0.5850,-0.0476,0.985,1.000
29,1.1600,1,29,left_heel,696.50,858.63,-0.0864,0.6931,0.2818,0.877,1.000
29,1.1600,1,30,right_heel,680.49,858.49,-0.1596,0.6114,-0.0677,0.937,1.000
29,1.1600,1,31,left_foot_index,740.49,868.73,-0.0446,0.7198,0.3126,0.877,1.000
29,1.1600,1,32,right_foot_index,718.95,888.36,-0.1105,0.6458,-0.0800,0.973,1.000
30,1.2000,1,0,nose,757.05,510.27,0.1065,-0.6371,-0.0485,1.000,1.000
30,1.2000,1,1,left_eye_inner,749.64,503.86,0.0834,-0.6538,-0.0498,1.000,1.000
30,1.2000,1,2,left_eye,747.55,504.15,0.0840,-0.6547,-0.0409,1.000,1.000
30,1.2000,1,3,left_eye_outer,745.74,504.50,0.0832,-0.6555,-0.0437,1.000,1.000
30,1.2000,1,4,right_eye_inner,755.04,504.23,0.0931,-0.6600,-0.0854,1.000,1.000
30,1.2000,1,5,right_eye,756.49,504.53,0.0967,-0.6590,-0.0974,1.000,1.000
30,1.2000,1,6,right_eye_outer,757.94,504.66,0.1007,-0.6484,-0.0756,1.000,1.000
30,1.2000,1,7,left_ear,741.03,509.66,0.0152,-0.6321,-0.0127,1.000,1.000
30,1.2000,1,8,right_ear,756.91,508.45,0.0321,-0.5676,-0.1139,1.000,1.000
30,1.2000,1,9,mouth_left,755.51,518.45,0.1007,-0.6238,-0.0195,1.000,1.000
30,1.2000,1,10,mouth_right,759.55,517.88,0.1030,-0.5848,-0.0784,1.000,1.000
30,1.2000,1,11,left_shoulder,738.85,554.62,0.0419,-0.4977,0.1392,1.000,1.000
30,1.2000,1,12,right_shoulder,755.53,550.72,0.0740,-0.5386,-0.1010,1.000,1.000
30,1.2000,1,13,left_elbow,791.67,567.54,0.2165,-0.4752,0.1885,0.284,1.000
30,1.2000,1,14,right_elbow,797.76,580.19,0.1898,-0.3739,-0.2638,0.997,1.000
30,1.2000,1,15,left_wrist,850.19,555.16,0.4262,-0.4889,0.2103,0.559,1.000
30,1.2000,1,16,right_wrist,847.35,563.68,0.3551,-0.4248,-0.3742,0.997,1.000
30,1.2000,1,17,left_pinky,862.98,549.83,0.4536,-0.5332,0.2265,0.628,1.000
30,1.2000,1,18,right_pinky,862.19,558.43,0.4117,-0.4764,-0.4528,0.996,1.000
30,1.2000,1,19,left_index,862.78,541.40,0.4615,-0.5388,0.2066,0.637,1.000
30,1.2000,1,20,right_index,861.46,553.23,0.4434,-0.5328,-0.4258,0.996,1.000
30,1.2000,1,21,left_thumb,858.01,546.16,0.4468,-0.4792,0.2000,0.635,1.000
30,1.2000,1,22,right_thumb,856.75,555.17,0.3718,-0.4542,-0.3699,0.988,1.000
30,1.2000,1,23,left_hip,732.54,684.53,-0.0204,0.0045,0.1169,1.000,1.000
30,1.2000,1,24,right_hip,743.33,684.55,0.0223,-0.0105,-0.1127,1.000,1.000
30,1.2000,1,25,left_knee,764.37,770.23,0.0993,0.3587,0.1259,0.757,1.000
30,1.2000,1,26,right_knee,800.74,765.42,0.2221,0.2671,-0.1458,0.995,1.000
30,1.2000,1,27,left_ankle,709.33,846.42,-0.1183,0.6736,0.2245,0.884,1.000
30,1.2000,1,28,right_ankle,731.94,845.93,-0.0196,0.6091,-0.0490,0.993,1.000
30,1.2000,1,29,left_heel,693.74,862.64,-0.1599,0.7058,0.2505,0.942,1.000
30,1.2000,1,30,right_heel,711.85,858.68,-0.0375,0.6411,-0.0718,0.980,1.000
30,1.2000,1,31,left_foot_index,729.35,873.31,-0.1041,0.7303,0.2859,0.907,1.000
30,1.2000,1,32,right_foot_index,756.86,885.05,0.0597,0.6680,-0.0830,0.985,1.000
30,1.2000,0,0,nose,1362.99,495.51,-0.0657,-0.6578,0.0188,0.999,1.000
30,1.2000,0,1,left_eye_inner,1366.98,488.13,-0.0472,-0.6674,-0.0207,0.999,1.000
30,1.2000,0,2,left_eye,1366.74,488.13,-0.0468,-0.6666,-0.0094,0.999,1.000
30,1.2000,0,3,left_eye_outer,1366.43,488.10,-0.0453,-0.6690,-0.0125,0.999,1.000
30,1.2000,0,4,right_eye_inner,1370.62,488.43,-0.0225,-0.6786,-0.0074,0.999,1.000
30,1.2000,0,5,right_eye,1372.59,488.65,-0.0214,-0.6782,-0.0213,0.999,1.000
30,1.2000,0,6,right_eye_outer,1374.32,488.78,-0.0158,-0.6636,-0.0001,0.999,1.000
30,1.2000,0,7,left_ear,1372.70,492.00,0.0066,-0.6134,-0.1198,0.999,1.000
30,1.2000,0,8,right_ear,1382.33,492.94,0.0823,-0.5672,0.0037,0.998,1.000
30,1.2000,0,9,mouth_left,1362.61,504.39,-0.0375,-0.6299,0.0013,0.999,1.000
30,1.2000,0,10,mouth_right,1366.22,504.66,-0.0182,-0.5961,0.0076,0.997,1.000
30,1.2000,0,11,left_shoulder,1364.52,537.38,-0.0211,-0.4561,-0.1524,1.000,1.000
30,1.2000,0,12,right_shoulder,1414.44,547.53,0.1961,-0.5119,0.1401,1.000,1.000
30,1.2000,0,13,left_elbow,1355.77,610.71,-0.0252,-0.2550,-0.2305,0.997,1.000
30,1.2000,0,14,right_elbow,1441.18,600.97,0.2393,-0.2492,0.1240,0.302,1.000
30,1.2000,0,15,left_wrist,1329.76,675.52,-0.1137,-0.0452,-0.1541,0.945,1.000
30,1.2000,0,16,right_wrist,1397.87,627.22,0.0749,-0.1793,0.0996,0.022,1.000
30,1.2000,0,17,left_pinky,1324.85,694.35,-0.1335,-0.0271,-0.1462,0.901,1.000
30,1.2000,0,18,right_pinky,1388.64,634.80,0.0731,-0.1827,0.0901,0.023,1.000
30,1.2000,0,19,left_index,1324.29,695.08,-0.1507,-0.0210,-0.1406,0.891,1.000
30,1.2000,0,20,right_index,1384.76,632.22,0.0615,-0.2229,0.0827,0.021,1.000
30,1.2000,0,21,left_thumb,1325.40,689.41,-0.1157,-0.0218,-0.1447,0.803,1.000
30,1.2000,0,22,right_thumb,1387.67,629.23,0.0593,-0.1942,0.0898,0.022,1.000
30,1.2000,0,23,left_hip,1359.21,679.72,-0.0558,0.0019,-0.0486,1.000,1.000
30,1.2000,0,24,right_hip,1385.93,679.22,0.0589,-0.0051,0.0494,1.000,1.000
30,1.2000,0,25,left_knee,1345.92,776.83,-0.1204,0.3724,-0.0162,0.975,1.000
30,1.2000,0,26,right_knee,1386.99,766.87,0.0776,0.3122,0.1321,0.581,1.000
30,1.2000,0,27,left_ankle,1328.43,878.12,-0.1806,0.7139,0.0049,0.991,1.000
30,1.2000,0,28,right_ankle,1385.99,867.24,0.0260,0.7079,0.2159,0.868,1.000
30,1.2000,0,29,left_heel,1338.65,898.41,-0.2135,0.7472,0.0152,0.980,0.999
30,1.2000,0,30,right_heel,1388.79,890.33,0.0142,0.7409,0.1859,0.933,1.000
30,1.2000,0,31,left_foot_index,1277.64,888.54,-0.3307,0.7329,0.0002,0.970,1.000
30,1.2000,0,32,right_foot_index,1351.96,871.03,-0.0466,0.7154,0.1968,0.805,1.000
31,1.2400,0,0,nose,1358.50,496.35,-0.0710,-0.6669,-0.0339,0.999,1.000
31,1.2400,0,1,left_eye_inner,1363.18,488.45,-0.0488,-0.6756,-0.0734,0.999,1.000
31,1.2400,0,2,left_eye,1363.27,488.44,-0.0484,-0.6742,-0.0615,0.999,1.000
31,1.2400,0,3,left_eye_outer,1363.27,488.38,-0.0475,-0.6769,-0.0648,0.999,1.000
31,1.2400,0,4,right_eye_inner,1366.33,488.63,-0.0264,-0.6887,-0.0586,0.999,1.000
31,1.2400,0,5,right_eye,1368.47,488.81,-0.0260,-0.6880,-0.0725,0.999,1.000
31,1.2400,0,6,right_eye_outer,1370.42,488.82,-0.0200,-0.6732,-0.0513,0.999,1.000
31,1.2400,0,7,left_ear,1371.42,492.19,0.0164,-0.6193,-0.1674,0.999,1.000
31,1.2400,0,8,right_ear,1379.27,493.02,0.0813,-0.5822,-0.0359,0.996,1.000
31,1.2400,0,9,mouth_left,1358.69,505.00,-0.0391,-0.6382,-0.0482,0.998,1.000
31,1.2400,0,10,mouth_right,1362.12,504.81,-0.0221,-0.6075,-0.0398,0.996,1.000
31,1.2400,0,11,left_shoulder,1363.80,536.55,-0.0078,-0.4622,-0.1863,1.000,1.000
31,1.2400,0,12,right_shoulder,1413.13,546.87,0.1946,-0.5301,0.1239,0.999,1.000
31,1.2400,0,13,left_elbow,1351.58,613.71,-0.0133,-0.2649,-0.2639,0.996,1.000
31,1.2400,0,14,right_elbow,1441.08,597.82,0.2367,-0.2753,0.1400,0.130,0.999
31,1.2400,0,15,left_wrist,1326.65,675.74,-0.1026,-0.0574,-0.1831,0.943,1.000
31,1.2400,0,16,right_wrist,1395.93,626.71,0.0806,-0.2032,0.1444,0.012,1.000
31,1.2400,0,17,left_pinky,1322.12,695.31,-0.1237,-0.0402,-0.1787,0.899,1.000
31,1.2400,0,18,right_pinky,1386.45,634.49,0.0814,-0.2065,0.1358,0.014,1.000
31,1.2400,0,19,left_index,1321.05,696.16,-0.1447,-0.0312,-0.1724,0.889,1.000
31,1.2400,0,20,right_index,1382.17,631.63,0.0685,-0.2449,0.1263,0.013,1.000
31,1.2400,0,21,left_thumb,1323.05,689.57,-0.1063,-0.0325,-0.1734,0.797,1.000
31,1.2400,0,22,right_thumb,1385.48,628.24,0.0657,-0.2170,0.1333,0.015,1.000
31,1.2400,0,23,left_hip,1353.69,688.56,-0.0480,0.0028,-0.0528,1.000,1.000
31,1.2400,0,24,right_hip,1382.17,686.53,0.0512,-0.0062,0.0532,1.000,1.000
31,1.2400,0,25,left_knee,1343.30,776.72,-0.1112,0.3542,0.0147,0.933,1.000
31,1.2400,0,26,right_knee,1382.90,768.12,0.0668,0.2825,0.1580,0.379,1.000
31,1.2400,0,27,left_ankle,1325.65,876.99,-0.1859,0.6998,0.0677,0.983,1.000
31,1.2400,0,28,right_ankle,1381.85,865.68,0.0370,0.6855,0.2609,0.778,1.000
31,1.2400,0,29,left_heel,1333.90,897.49,-0.2206,0.7330,0.0804,0.959,0.999
31,1.2400,0,30,right_heel,1384.86,889.68,0.0281,0.7183,0.2328,0.876,1.000
31,1.2400,0,31,left_foot_index,1273.14,886.57,-0.3341,0.7129,0.0642,0.954,0.999
31,1.2400,0,32,right_foot_index,1352.28,869.53,-0.0314,0.6909,0.2411,0.729,1.000
31,1.2400,1,0,nose,761.83,506.66,0.1559,-0.6598,-0.0384,0.998,1.000
31,1.2400,1,1,left_eye_inner,754.05,501.69,0.1237,-0.6765,-0.0426,0.997,1.000
31,1.2400,1,2,left_eye,752.60,501.72,0.1257,-0.6780,-0.0331,0.996,1.000
31,1.2400,1,3,left_eye_outer,751.38,501.78,0.1252,-0.6780,-0.0359,0.998,1.000
31,1.2400,1,4,right_eye_inner,757.25,502.90,0.1351,-0.6806,-0.0758,0.999,1.000
31,1.2400,1,5,right_eye,757.94,503.84,0.1374,-0.6780,-0.0870,0.999,1.000
31,1.2400,1,6,right_eye_outer,758.70,504.55,0.1362,-0.6683,-0.0653,0.999,1.000
31,1.2400,1,7,left_ear,748.20,507.85,0.0726,-0.6337,-0.0020,0.998,1.000
31,1.2400,1,8,right_ear,757.28,509.04,0.0621,-0.5771,-0.0911,0.997,1.000
31,1.2400,1,9,mouth_left,761.49,514.47,0.1647,-0.6319,-0.0141,0.995,1.000
31,1.2400,1,10,mouth_right,763.85,515.62,0.1533,-0.5954,-0.0680,0.997,1.000
31,1.2400,1,11,left_shoulder,764.03,549.44,0.1282,-0.4883,0.1487,1.000,1.000
31,1.2400,1,12,right_shoulder,763.61,551.72,0.1554,-0.5329,-0.0615,1.000,1.000
31,1.2400,1,13,left_elbow,800.23,564.20,0.3079,-0.4951,0.2316,0.038,1.000
31,1.2400,1,14,right_elbow,791.82,578.92,0.2336,-0.3912,-0.2232,0.894,1.000
31,1.2400,1,15,left_wrist,853.14,549.10,0.4830,-0.5329,0.3034,0.094,1.000
31,1.2400,1,16,right_wrist,846.06,557.33,0.3741,-0.4659,-0.3398,0.867,1.000
31,1.2400,1,17,left_pinky,864.31,546.50,0.5123,-0.5821,0.3243,0.139,1.000
31,1.2400,1,18,right_pinky,861.35,551.10,0.4361,-0.5080,-0.4155,0.856,1.000
31,1.2400,1,19,left_index,868.26,537.03,0.5153,-0.5948,0.3054,0.150,1.000
31,1.2400,1,20,right_index,859.69,545.72,0.4700,-0.5505,-0.3932,0.826,1.000
31,1.2400,1,21,left_thumb,866.00,537.03,0.4953,-0.5241,0.2933,0.153,1.000
31,1.2400,1,22,right_thumb,855.39,547.75,0.3913,-0.4903,-0.3390,0.640,1.000
31,1.2400,1,23,left_hip,735.45,681.99,-0.0136,0.0072,0.1078,1.000,1.000
31,1.2400,1,24,right_hip,745.28,681.29,0.0159,-0.0124,-0.1027,1.000,1.000
31,1.2400,1,25,left_knee,769.95,767.02,0.1112,0.3762,0.0721,0.249,1.000
31,1.2400,1,26,right_knee,819.28,755.64,0.2566,0.2324,-0.1506,0.889,1.000
31,1.2400,1,27,left_ankle,702.65,851.61,-0.0786,0.6775,0.0974,0.430,1.000
31,1.2400,1,28,right_ankle,777.97,842.35,0.1195,0.5777,-0.0875,0.801,1.000
31,1.2400,1,29,left_heel,683.31,868.36,-0.1159,0.7011,0.1108,0.613,1.000
31,1.2400,1,30,right_heel,758.30,856.51,0.1158,0.6131,-0.1170,0.699,1.000
31,1.2400,1,31,left_foot_index,731.24,867.17,-0.0418,0.6992,0.1180,0.445,1.000
31,1.2400,1,32,right_foot_index,806.93,871.51,0.2175,0.6216,-0.1294,0.646,1.000
32,1.2800,0,0,nose,1354.93,494.38,-0.0744,-0.6614,-0.0432,1.000,1.000
32,1.2800,0,1,left_eye_inner,1359.44,486.07,-0.0479,-0.6708,-0.0828,1.000,1.000
32,1.2800,0,2,left_eye,1359.95,485.86,-0.0476,-0.6701,-0.0708,1.000,1.000
32,1.2800,0,3,left_eye_outer,1360.27,485.72,-0.0467,-0.6724,-0.0734,1.000,1.000
32,1.2800,0,4,right_eye_inner,1361.24,486.19,-0.0290,-0.6847,-0.0651,1.000,1.000
32,1.2800,0,5,right_eye,1362.97,486.24,-0.0284,-0.6840,-0.0785,1.000,1.000
32,1.2800,0,6,right_eye_outer,1364.85,486.33,-0.0228,-0.6691,-0.0573,1.000,1.000
32,1.2800,0,7,left_ear,1369.36,490.37,0.0295,-0.6165,-0.1686,1.000,1.000
32,1.2800,0,8,right_ear,1374.70,490.86,0.0825,-0.5809,-0.0269,0.999,1.000
32,1.2800,0,9,mouth_left,1356.29,502.91,-0.0384,-0.6326,-0.0562,0.999,1.000
32,1.2800,0,10,mouth_right,1358.78,502.63,-0.0249,-0.6022,-0.0440,0.999,1.000
32,1.2800,0,11,left_shoulder,1362.45,538.48,0.0071,-0.4619,-0.1920,1.000,1.000
32,1.2800,0,12,right_shoulder,1409.75,546.20,0.1973,-0.5255,0.1389,1.000,1.000
32,1.2800,0,13,left_elbow,1352.88,611.14,-0.0036,-0.2715,-0.2627,0.997,1.000
32,1.2800,0,14,right_elbow,1435.96,598.17,0.2393,-0.2654,0.1344,0.207,1.000
32,1.2800,0,15,left_wrist,1326.12,670.19,-0.0969,-0.0788,-0.1652,0.968,1.000
32,1.2800,0,16,right_wrist,1391.90,629.37,0.0754,-0.1900,0.0901,0.029,1.000
32,1.2800,0,17,left_pinky,1319.02,689.68,-0.1183,-0.0623,-0.1567,0.941,1.000
32,1.2800,0,18,right_pinky,1384.04,636.59,0.0713,-0.1905,0.0736,0.036,1.000
32,1.2800,0,19,left_index,1317.87,689.54,-0.1327,-0.0560,-0.1542,0.936,1.000
32,1.2800,0,20,right_index,1380.61,632.45,0.0620,-0.2284,0.0635,0.034,1.000
32,1.2800,0,21,left_thumb,1319.82,683.48,-0.0974,-0.0560,-0.1562,0.885,1.000
32,1.2800,0,22,right_thumb,1382.00,630.61,0.0613,-0.2034,0.0778,0.037,1.000
32,1.2800,0,23,left_hip,1351.40,680.90,-0.0489,0.0015,-0.0651,1.000,1.000
32,1.2800,0,24,right_hip,1378.14,680.42,0.0519,-0.0045,0.0659,1.000,1.000
32,1.2800,0,25,left_knee,1340.76,769.52,-0.1248,0.3547,-0.0237,0.980,1.000
32,1.2800,0,26,right_knee,1382.82,764.84,0.0706,0.3059,0.1721,0.490,1.000
32,1.2800,0,27,left_ankle,1323.55,874.34,-0.1884,0.6893,-0.0011,0.995,1.000
32,1.2800,0,28,right_ankle,1382.06,866.18,0.0293,0.7074,0.2762,0.870,1.000
32,1.2800,0,29,left_heel,1332.81,895.04,-0.2217,0.7214,0.0092,0.988,1.000
32,1.2800,0,30,right_heel,1383.88,887.35,0.0193,0.7413,0.2473,0.932,1.000
32,1.2800,0,31,left_foot_index,1266.43,885.80,-0.3496,0.7094,-0.0075,0.989,1.000
32,1.2800,0,32,right_foot_index,1347.73,873.30,-0.0495,0.7270,0.2556,0.873,1.000
32,1.2800,1,0,nose,765.17,500.28,0.0839,-0.6441,-0.1075,0.999,1.000
32,1.2800,1,1,left_eye_inner,759.29,494.90,0.0597,-0.6644,-0.1047,0.999,1.000
32,1.2800,1,2,left_eye,758.69,494.93,0.0608,-0.6658,-0.0946,0.999,1.000
32,1.2800,1,3,left_eye_outer,758.26,494.98,0.0598,-0.6661,-0.0974,0.999,1.000
32,1.2800,1,4,right_eye_inner,760.18,496.22,0.0600,-0.6681,-0.1400,1.000,1.000
32,1.2800,1,5,right_eye,760.14,497.14,0.0625,-0.6663,-0.1521,1.000,1.000
32,1.2800,1,6,right_eye_outer,760.14,498.01,0.0643,-0.6554,-0.1299,1.000,1.000
32,1.2800,1,7,left_ear,756.08,500.58,0.0158,-0.6479,-0.0348,1.000,1.000
32,1.2800,1,8,right_ear,756.75,503.61,-0.0233,-0.5774,-0.1341,0.999,1.000
32,1.2800,1,9,mouth_left,767.72,508.38,0.0918,-0.6295,-0.0708,0.999,1.000
32,1.2800,1,10,mouth_right,767.73,509.79,0.0774,-0.5894,-0.1288,0.999,1.000
32,1.2800,1,11,left_shoulder,777.36,538.74,0.0934,-0.5157,0.1332,1.000,1.000
32,1.2800,1,12,right_shoulder,756.87,546.14,0.0233,-0.5490,-0.1069,1.000,1.000
32,1.2800,1,13,left_elbow,821.76,546.95,0.2653,-0.5248,0.1967,0.334,1.000
32,1.2800,1,14,right_elbow,794.01,575.71,0.1277,-0.3925,-0.2786,0.988,1.000
32,1.2800,1,15,left_wrist,869.57,528.86,0.4507,-0.5800,0.2077,0.777,1.000
32,1.2800,1,16,right_wrist,846.33,547.41,0.2886,-0.4775,-0.3817,0.990,1.000
32,1.2800,1,17,left_pinky,883.27,518.71,0.4785,-0.6265,0.2190,0.821,1.000
32,1.2800,1,18,right_pinky,863.73,540.06,0.3451,-0.5234,-0.4619,0.987,1.000
32,1.2800,1,19,left_index,883.99,511.67,0.4780,-0.6415,0.1975,0.838,1.000
32,1.2800,1,20,right_index,862.77,534.94,0.3775,-0.5778,-0.4391,0.984,1.000
32,1.2800,1,21,left_thumb,877.93,518.41,0.4649,-0.5735,0.1952,0.830,1.000
32,1.2800,1,22,right_thumb,856.31,539.15,0.3051,-0.5061,-0.3811,0.962,1.000
32,1.2800,1,23,left_hip,758.82,680.61,0.0104,0.0071,0.1136,1.000,1.000
32,1.2800,1,24,right_hip,759.83,678.74,-0.0086,-0.0126,-0.1093,1.000,1.000
32,1.2800,1,25,left_knee,782.85,764.23,0.0928,0.3481,0.1122,0.745,1.000
32,1.2800,1,26,right_knee,825.15,754.10,0.2401,0.2177,-0.1602,0.986,1.000
32,1.2800,1,27,left_ankle,707.02,839.04,-0.1641,0.6553,0.1765,0.916,1.000
32,1.2800,1,28,right_ankle,815.65,843.47,0.1398,0.5889,-0.0708,0.988,1.000
32,1.2800,1,29,left_heel,688.11,852.58,-0.2103,0.6839,0.1946,0.930,1.000
32,1.2800,1,30,right_heel,802.96,859.54,0.1371,0.6245,-0.0960,0.969,1.000
32,1.2800,1,31,left_foot_index,728.75,867.10,-0.1546,0.7079,0.1994,0.939,1.000
32,1.2800,1,32,right_foot_index,850.74,868.19,0.2253,0.6375,-0.1244,0.981,1.000
33,1.3200,1,0,nose,768.57,497.73,0.0290,-0.6777,-0.0801,1.000,1.000
33,1.3200,1,1,left_eye_inner,762.53,494.50,0.0018,-0.6901,-0.0720,1.000,1.000
33,1.3200,1,2,left_eye,761.65,495.03,0.0033,-0.6919,-0.0621,1.000,1.000
33,1.3200,1,3,left_eye_outer,760.96,495.54,0.0015,-0.6920,-0.0651,1.000,1.000
33,1.3200,1,4,right_eye_inner,764.28,494.68,0.0007,-0.6951,-0.1121,1.000,1.000
33,1.3200,1,5,right_eye,764.50,495.43,0.0042,-0.6943,-0.1244,1.000,1.000
33,1.3200,1,6,right_eye_outer,764.87,496.10,0.0078,-0.6829,-0.1019,1.000,1.000
33,1.3200,1,7,left_ear,758.49,501.91,-0.0457,-0.6563,0.0051,1.000,1.000
33,1.3200,1,8,right_ear,761.19,503.27,-0.0768,-0.5924,-0.1113,1.000,1.000
33,1.3200,1,9,mouth_left,770.30,506.12,0.0355,-0.6597,-0.0410,1.000,1.000
33,1.3200,1,10,mouth_right,770.90,506.17,0.0266,-0.6219,-0.1038,1.000,1.000
33,1.3200,1,11,left_shoulder,788.58,536.28,0.0669,-0.5289,0.1429,1.000,1.000
33,1.3200,1,12,right_shoulder,755.78,547.66,-0.0618,-0.5587,-0.0883,1.000,1.000
33,1.3200,1,13,left_elbow,832.95,536.57,0.2365,-0.5543,0.1549,0.567,1.000
33,1.3200,1,14,right_elbow,786.71,567.87,0.0596,-0.4051,-0.2665,0.995,1.000
33,1.3200,1,15,left_wrist,877.30,516.34,0.3999,-0.6285,0.1064,0.827,1.000
33,1.3200,1,16,right_wrist,841.86,542.15,0.2280,-0.4986,-0.3777,0.995,1.000
33,1.3200,1,17,left_pinky,890.77,505.92,0.4289,-0.6625,0.1037,0.873,1.000
33,1.3200,1,18,right_pinky,854.78,538.05,0.2850,-0.5339,-0.4579,0.994,1.000
33,1.3200,1,19,left_index,886.91,504.59,0.4216,-0.6798,0.0821,0.885,1.000
33,1.3200,1,20,right_index,855.67,533.25,0.3237,-0.5963,-0.4400,0.993,1.000
33,1.3200,1,21,left_thumb,883.78,506.96,0.4132,-0.6233,0.0898,0.881,1.000
33,1.3200,1,22,right_thumb,851.80,535.89,0.2465,-0.5276,-0.3789,0.983,1.000
33,1.3200,1,23,left_hip,779.94,674.11,0.0315,0.0005,0.1083,1.000,1.000
33,1.3200,1,24,right_hip,773.61,676.74,-0.0302,-0.0063,-0.1042,1.000,1.000
33,1.3200,1,25,left_knee,804.18,758.86,0.1146,0.3714,0.0663,0.925,1.000
33,1.3200,1,26,right_knee,843.71,748.75,0.2822,0.2370,-0.1608,0.996,1.000
33,1.3200,1,27,left_ankle,729.84,820.26,-0.1786,0.6162,0.1425,0.933,1.000
33,1.3200,1,28,right_ankle,841.10,844.00,0.2065,0.6429,-0.0749,0.997,1.000
33,1.3200,1,29,left_heel,710.13,825.48,-0.2318,0.6407,0.1633,0.936,1.000
33,1.3200,1,30,right_heel,827.90,858.57,0.2063,0.6835,-0.1025,0.990,1.000
33,1.3200,1,31,left_foot_index,729.80,861.41,-0.2229,0.7032,0.1790,0.961,1.000
33,1.3200,1,32,right_foot_index,879.49,867.49,0.2811,0.6991,-0.1427,0.995,1.000
33,1.3200,0,0,nose,1351.01,496.38,-0.0707,-0.6493,-0.0044,1.000,1.000
33,1.3200,0,1,left_eye_inner,1354.89,487.18,-0.0491,-0.6603,-0.0443,1.000,1.000
33,1.3200,0,2,left_eye,1355.53,486.78,-0.0482,-0.6607,-0.0325,1.000,1.000
33,1.3200,0,3,left_eye_outer,1355.98,486.41,-0.0470,-0.6622,-0.0354,1.000,1.000
33,1.3200,0,4,right_eye_inner,1357.14,487.51,-0.0259,-0.6708,-0.0285,1.000,1.000
33,1.3200,0,5,right_eye,1359.09,487.31,-0.0252,-0.6698,-0.0416,1.000,1.000
33,1.3200,0,6,right_eye_outer,1361.12,487.04,-0.0217,-0.6541,-0.0205,1.000,1.000
33,1.3200,0,7,left_ear,1365.47,489.16,0.0174,-0.6110,-0.1353,1.000,1.000
33,1.3200,0,8,right_ear,1371.86,489.90,0.0708,-0.5670,-0.0006,0.999,1.000
33,1.3200,0,9,mouth_left,1353.47,504.25,-0.0375,-0.6204,-0.0200,0.999,1.000
33,1.3200,0,10,mouth_right,1356.15,504.13,-0.0266,-0.5886,-0.0090,0.999,1.000
33,1.3200,0,11,left_shoulder,1363.06,536.08,-0.0014,-0.4611,-0.1626,1.000,1.000
33,1.3200,0,12,right_shoulder,1408.99,546.26,0.1926,-0.5115,0.1489,1.000,1.000
33,1.3200,0,13,left_elbow,1349.01,610.64,-0.0089,-0.2669,-0.2432,0.998,1.000
33,1.3200,0,14,right_elbow,1433.25,599.06,0.2109,-0.2812,0.1809,0.318,1.000
33,1.3200,0,15,left_wrist,1325.19,671.99,-0.0987,-0.0915,-0.1511,0.983,1.000
33,1.3200,0,16,right_wrist,1388.79,623.76,0.0630,-0.2439,0.2197,0.060,1.000
33,1.3200,0,17,left_pinky,1318.90,687.45,-0.1125,-0.0815,-0.1411,0.969,1.000
33,1.3200,0,18,right_pinky,1379.49,631.65,0.0663,-0.2507,0.2146,0.066,1.000
33,1.3200,0,19,left_index,1315.75,687.10,-0.1313,-0.0779,-0.1378,0.967,1.000
33,1.3200,0,20,right_index,1375.15,627.28,0.0663,-0.2869,0.2051,0.061,1.000
33,1.3200,0,21,left_thumb,1317.21,682.93,-0.1015,-0.0701,-0.1436,0.942,1.000
33,1.3200,0,22,right_thumb,1376.91,626.09,0.0527,-0.2603,0.2082,0.071,1.000
33,1.3200,0,23,left_hip,1347.24,685.32,-0.0464,-0.0002,-0.0608,1.000,1.000
33,1.3200,0,24,right_hip,1378.82,682.71,0.0498,-0.0027,0.0614,1.000,1.000
33,1.3200,0,25,left_knee,1338.60,774.07,-0.1160,0.3502,-0.0172,0.974,1.000
33,1.3200,0,26,right_knee,1376.83,769.71,0.0400,0.2712,0.1717,0.641,1.000
33,1.3200,0,27,left_ankle,1324.99,873.05,-0.1489,0.6687,-0.0026,0.993,1.000
33,1.3200,0,28,right_ankle,1379.81,864.14,0.0114,0.6468,0.2596,0.899,1.000
33,1.3200,0,29,left_heel,1334.35,892.77,-0.1768,0.6971,0.0070,0.984,1.000
33,1.3200,0,30,right_heel,1384.49,887.75,0.0036,0.6778,0.2320,0.950,1.000
33,1.3200,0,31,left_foot_index,1269.37,885.01,-0.2954,0.6974,0.0039,0.985,1.000
33,1.3200,0,32,right_foot_index,1345.70,874.06,-0.0577,0.6806,0.2597,0.879,1.000
34,1.3600,1,0,nose,773.61,497.31,-0.0178,-0.6820,-0.0954,1.000,1.000
34,1.3600,1,1,left_eye_inner,767.15,494.12,-0.0422,-0.6919,-0.0859,1.000,1.000
34,1.3600,1,2,left_eye,766.15,494.41,-0.0406,-0.6934,-0.0764,1.000,1.000
34,1.3600,1,3,left_eye_outer,765.31,494.63,-0.0425,-0.6938,-0.0798,1.000,1.000
34,1.3600,1,4,right_eye_inner,769.16,494.35,-0.0480,-0.6932,-0.1239,1.000,1.000
34,1.3600,1,5,right_eye,769.38,494.80,-0.0432,-0.6933,-0.1368,1.000,1.000
34,1.3600,1,6,right_eye_outer,769.66,495.09,-0.0392,-0.6824,-0.1144,1.000,1.000
34,1.3600,1,7,left_ear,762.97,500.85,-0.0783,-0.6611,-0.0055,1.000,1.000
34,1.3600,1,8,right_ear,765.92,501.60,-0.1174,-0.5849,-0.1114,1.000,1.000
34,1.3600,1,9,mouth_left,776.29,505.77,-0.0095,-0.6676,-0.0535,1.000,1.000
34,1.3600,1,10,mouth_right,777.16,505.69,-0.0171,-0.6265,-0.1144,1.000,1.000
34,1.3600,1,11,left_shoulder,794.38,534.34,0.0485,-0.5492,0.1356,1.000,1.000
34,1.3600,1,12,right_shoulder,760.96,549.93,-0.1103,-0.5458,-0.0986,1.000,1.000
34,1.3600,1,13,left_elbow,831.23,527.24,0.2045,-0.5739,0.1138,0.577,1.000
34,1.3600,1,14,right_elbow,792.55,566.96,0.0186,-0.4151,-0.2725,1.000,1.000
34,1.3600,1,15,left_wrist,875.23,515.09,0.3516,-0.6191,0.0072,0.815,1.000
34,1.3600,1,16,right_wrist,845.70,539.12,0.1892,-0.5109,-0.3705,1.000,1.000
34,1.3600,1,17,left_pinky,885.88,510.72,0.3781,-0.6450,-0.0044,0.877,1.000
34,1.3600,1,18,right_pinky,858.39,535.41,0.2454,-0.5437,-0.4473,0.999,1.000
34,1.3600,1,19,left_index,884.85,510.38,0.3629,-0.6504,-0.0248,0.882,1.000
34,1.3600,1,20,right_index,858.36,529.65,0.2797,-0.6065,-0.4303,0.999,1.000
34,1.3600,1,21,left_thumb,879.45,513.15,0.3616,-0.6084,-0.0099,0.862,1.000
34,1.3600,1,22,right_thumb,854.73,531.71,0.2061,-0.5396,-0.3722,0.998,1.000
34,1.3600,1,23,left_hip,796.63,670.40,0.0424,-0.0068,0.1189,1.000,1.000
34,1.3600,1,24,right_hip,780.82,675.34,-0.0411,0.0010,-0.1151,1.000,1.000
34,1.3600,1,25,left_knee,834.88,749.67,0.1949,0.3501,0.0420,0.897,1.000
34,1.3600,1,26,right_knee,856.04,742.44,0.2967,0.2073,-0.1845,0.998,1.000
34,1.3600,1,27,left_ankle,758.13,805.67,-0.1106,0.5926,0.1534,0.874,1.000
34,1.3600,1,28,right_ankle,847.13,843.17,0.1880,0.6362,-0.0726,0.998,1.000
34,1.3600,1,29,left_heel,736.11,808.16,-0.1662,0.6188,0.1782,0.899,1.000
34,1.3600,1,30,right_heel,830.73,855.75,0.1832,0.6787,-0.0980,0.990,1.000
34,1.3600,1,31,left_foot_index,754.68,852.16,-0.1618,0.7034,0.2107,0.939,1.000
34,1.3600,1,32,right_foot_index,884.71,870.79,0.2642,0.7073,-0.1369,0.997,1.000
34,1.3600,0,0,nose,1347.17,494.26,-0.0697,-0.6770,-0.0635,1.000,1.000
34,1.3600,0,1,left_eye_inner,1351.63,485.11,-0.0443,-0.6849,-0.1031,1.000,1.000
34,1.3600,0,2,left_eye,1352.45,485.07,-0.0438,-0.6844,-0.0902,1.000,1.000
34,1.3600,0,3,left_eye_outer,1353.13,485.04,-0.0433,-0.6865,-0.0934,1.000,1.000
34,1.3600,0,4,right_eye_inner,1353.39,485.14,-0.0247,-0.6980,-0.0872,1.000,1.000
34,1.3600,0,5,right_eye,1355.71,485.24,-0.0245,-0.6972,-0.1013,1.000,1.000
34,1.3600,0,6,right_eye_outer,1357.84,485.22,-0.0196,-0.6820,-0.0797,1.000,1.000
34,1.3600,0,7,left_ear,1363.56,488.90,0.0245,-0.6255,-0.1849,1.000,1.000
34,1.3600,0,8,right_ear,1368.94,489.42,0.0707,-0.5887,-0.0533,0.999,1.000
34,1.3600,0,9,mouth_left,1349.37,502.96,-0.0366,-0.6454,-0.0755,0.999,1.000
34,1.3600,0,10,mouth_right,1351.95,503.24,-0.0270,-0.6154,-0.0652,0.998,1.000
34,1.3600,0,11,left_shoulder,1356.23,538.09,-0.0046,-0.4622,-0.1955,1.000,1.000
34,1.3600,0,12,right_shoulder,1404.28,545.38,0.2032,-0.5309,0.1116,1.000,1.000
34,1.3600,0,13,left_elbow,1343.32,613.28,-0.0179,-0.2489,-0.2383,0.987,1.000
34,1.3600,0,14,right_elbow,1435.33,596.51,0.2564,-0.2740,0.1374,0.178,1.000
34,1.3600,0,15,left_wrist,1318.96,670.46,-0.0954,-0.0681,-0.1081,0.787,1.000
34,1.3600,0,16,right_wrist,1388.66,623.80,0.0971,-0.2147,0.1447,0.018,1.000
34,1.3600,0,17,left_pinky,1311.98,689.94,-0.1141,-0.0569,-0.0930,0.696,1.000
34,1.3600,0,18,right_pinky,1379.66,630.51,0.0950,-0.2160,0.1333,0.022,1.000
34,1.3600,0,19,left_index,1311.52,689.70,-0.1252,-0.0549,-0.0929,0.683,1.000
34,1.3600,0,20,right_index,1375.81,628.31,0.0864,-0.2522,0.1224,0.021,1.000
34,1.3600,0,21,left_thumb,1314.15,683.14,-0.0948,-0.0464,-0.1000,0.561,1.000
34,1.3600,0,22,right_thumb,1377.46,626.04,0.0838,-0.2285,0.1326,0.024,1.000
34,1.3600,0,23,left_hip,1346.23,688.43,-0.0490,0.0019,-0.0587,1.000,1.000
34,1.3600,0,24,right_hip,1373.27,685.77,0.0520,-0.0046,0.0593,1.000,1.000
34,1.3600,0,25,left_knee,1336.19,773.60,-0.1036,0.3576,0.0299,0.920,1.000
34,1.3600,0,26,right_knee,1372.09,766.56,0.0540,0.3042,0.1998,0.395,1.000
34,1.3600,0,27,left_ankle,1318.28,872.87,-0.1581,0.6967,0.1077,0.979,1.000
34,1.3600,0,28,right_ankle,1374.57,863.31,0.0295,0.6871,0.3251,0.803,1.000
34,1.3600,0,29,left_heel,1331.14,890.52,-0.1909,0.7272,0.1239,0.948,0.999
34,1.3600,0,30,right_heel,1376.73,883.89,0.0222,0.7178,0.2996,0.893,1.000
34,1.3600,0,31,left_foot_index,1268.03,884.90,-0.3029,0.7197,0.1215,0.947,0.999
34,1.3600,0,32,right_foot_index,1340.17,867.21,-0.0387,0.7042,0.3208,0.762,1.000
35,1.4000,1,0,nose,777.35,503.19,-0.0442,-0.6761,-0.0637,1.000,1.000
35,1.4000,1,1,left_eye_inner,771.38,500.52,-0.0778,-0.6819,-0.0625,1.000,1.000
35,1.4000,1,2,left_eye,770.11,501.00,-0.0760,-0.6849,-0.0510,1.000,1.000
35,1.4000,1,3,left_eye_outer,768.98,501.45,-0.0775,-0.6837,-0.0546,1.000,1.000
35,1.4000,1,4,right_eye_inner,774.94,499.97,-0.0722,-0.6936,-0.0981,1.000,1.000
35,1.4000,1,5,right_eye,776.01,500.08,-0.0697,-0.6905,-0.1120,1.000,1.000
35,1.4000,1,6,right_eye_outer,777.13,500.07,-0.0650,-0.6821,-0.0889,1.000,1.000
35,1.4000,1,7,left_ear,766.94,507.50,-0.1196,-0.6478,-0.0038,1.000,1.000
35,1.4000,1,8,right_ear,778.33,504.86,-0.1218,-0.5877,-0.1137,1.000,1.000
35,1.4000,1,9,mouth_left,779.66,511.43,-0.0351,-0.6617,-0.0284,1.000,1.000
35,1.4000,1,10,mouth_right,781.89,510.91,-0.0336,-0.6225,-0.0892,1.000,1.000
35,1.4000,1,11,left_shoulder,794.58,538.34,-0.0158,-0.5313,0.1493,1.000,1.000
35,1.4000,1,12,right_shoulder,771.65,553.26,-0.1025,-0.5595,-0.0925,1.000,1.000
35,1.4000,1,13,left_elbow,822.18,526.68,0.0966,-0.5816,0.2831,0.702,1.000
35,1.4000,1,14,right_elbow,797.79,572.97,-0.0188,-0.3987,-0.2848,1.000,1.000
35,1.4000,1,15,left_wrist,862.17,513.67,0.2723,-0.6615,0.4307,0.948,1.000
35,1.4000,1,16,right_wrist,850.16,541.57,0.1344,-0.4927,-0.4139,1.000,1.000
35,1.4000,1,17,left_pinky,873.28,512.06,0.2948,-0.6983,0.4683,0.958,1.000
35,1.4000,1,18,right_pinky,862.54,537.12,0.1878,-0.5308,-0.4923,1.000,1.000
35,1.4000,1,19,left_index,876.48,507.53,0.2985,-0.7088,0.4451,0.963,1.000
35,1.4000,1,20,right_index,862.25,529.54,0.2329,-0.5948,-0.4614,1.000,1.000
35,1.4000,1,21,left_thumb,869.48,512.52,0.2953,-0.6564,0.4224,0.961,1.000
35,1.4000,1,22,right_thumb,859.04,531.25,0.1561,-0.5233,-0.4118,0.999,1.000
35,1.4000,1,23,left_hip,806.41,674.74,0.0258,-0.0010,0.1189,1.000,1.000
35,1.4000,1,24,right_hip,796.00,681.72,-0.0260,-0.0060,-0.1153,1.000,1.000
35,1.4000,1,25,left_knee,848.59,748.10,0.2041,0.3146,0.1213,0.829,1.000
35,1.4000,1,26,right_knee,866.23,747.08,0.2658,0.2161,-0.1869,0.999,1.000
35,1.4000,1,27,left_ankle,783.05,807.74,-0.0308,0.5711,0.2168,0.888,1.000
35,1.4000,1,28,right_ankle,845.27,844.03,0.1409,0.6427,-0.1000,0.998,1.000
35,1.4000,1,29,left_heel,763.02,813.86,-0.0798,0.6001,0.2392,0.919,1.000
35,1.4000,1,30,right_heel,829.82,858.40,0.1373,0.6844,-0.1269,0.991,1.000
35,1.4000,1,31,left_foot_index,789.16,842.05,-0.0491,0.6459,0.2617,0.957,1.000
35,1.4000,1,32,right_foot_index,881.57,868.77,0.2296,0.6784,-0.1535,0.997,1.000
35,1.4000,0,0,nose,1343.57,493.90,-0.0801,-0.6579,-0.0898,0.999,1.000
35,1.4000,0,1,left_eye_inner,1349.15,484.64,-0.0540,-0.6664,-0.1271,0.999,1.000
35,1.4000,0,2,left_eye,1350.13,484.66,-0.0537,-0.6648,-0.1143,0.999,1.000
35,1.4000,0,3,left_eye_outer,1351.03,484.69,-0.0532,-0.6676,-0.1173,1.000,1.000
35,1.4000,0,4,right_eye_inner,1350.17,484.02,-0.0370,-0.6802,-0.1101,0.999,1.000
35,1.4000,0,5,right_eye,1352.17,483.79,-0.0366,-0.6795,-0.1244,0.999,1.000
35,1.4000,0,6,right_eye_outer,1354.31,483.57,-0.0311,-0.6646,-0.1024,1.000,1.000
35,1.4000,0,7,left_ear,1361.97,488.64,0.0256,-0.6112,-0.2050,1.000,1.000
35,1.4000,0,8,right_ear,1366.46,488.15,0.0656,-0.5787,-0.0662,0.998,1.000
35,1.4000,0,9,mouth_left,1346.85,501.97,-0.0431,-0.6290,-0.0997,0.999,1.000
35,1.4000,0,10,mouth_right,1348.42,502.02,-0.0335,-0.5994,-0.0883,0.998,1.000
35,1.4000,0,11,left_shoulder,1353.53,536.23,0.0037,-0.4525,-0.2125,1.000,1.000
35,1.4000,0,12,right_shoulder,1402.31,544.78,0.2014,-0.5284,0.1078,0.999,1.000
35,1.4000,0,13,left_elbow,1341.43,610.38,-0.0001,-0.2443,-0.2698,0.992,1.000
35,1.4000,0,14,right_elbow,1431.22,593.81,0.2629,-0.2648,0.1241,0.120,1.000
35,1.4000,0,15,left_wrist,1316.80,669.47,-0.0886,-0.0457,-0.1572,0.842,1.000
35,1.4000,0,16,right_wrist,1385.59,622.27,0.0963,-0.1964,0.1169,0.008,1.000
35,1.4000,0,17,left_pinky,1310.33,689.82,-0.1109,-0.0318,-0.1478,0.746,1.000
35,1.4000,0,18,right_pinky,1377.54,626.95,0.0927,-0.1982,0.1048,0.010,1.000
35,1.4000,0,19,left_index,1309.59,690.12,-0.1271,-0.0281,-0.1445,0.729,1.000
35,1.4000,0,20,right_index,1374.48,624.23,0.0801,-0.2370,0.0952,0.009,1.000
35,1.4000,0,21,left_thumb,1311.61,683.74,-0.0910,-0.0232,-0.1480,0.589,1.000
35,1.4000,0,22,right_thumb,1376.28,622.58,0.0816,-0.2097,0.1048,0.011,1.000
35,1.4000,0,23,left_hip,1343.25,680.85,-0.0451,0.0041,-0.0591,1.000,1.000
35,1.4000,0,24,right_hip,1370.52,680.65,0.0482,-0.0072,0.0596,1.000,1.000
35,1.4000,0,25,left_knee,1331.12,768.95,-0.0985,0.3597,0.0134,0.914,1.000
35,1.4000,0,26,right_knee,1372.57,761.75,0.0614,0.2948,0.1799,0.284,1.000
35,1.4000,0,27,left_ankle,1315.54,872.50,-0.1686,0.7154,0.0672,0.981,1.000
35,1.4000,0,28,right_ankle,1372.77,861.85,0.0291,0.6961,0.3036,0.730,1.000
35,1.4000,0,29,left_heel,1327.55,892.52,-0.2039,0.7484,0.0798,0.954,0.999
35,1.4000,0,30,right_heel,1375.70,884.31,0.0212,0.7287,0.2766,0.848,1.000
35,1.4000,0,31,left_foot_index,1264.81,884.42,-0.3256,0.7318,0.0617,0.957,0.999
35,1.4000,0,32,right_foot_index,1339.49,868.27,-0.0370,0.7079,0.2829,0.712,1.000
36,1.4400,1,0,nose,785.50,507.09,-0.0636,-0.6770,-0.1074,1.000,1.000
36,1.4400,1,1,left_eye_inner,778.10,504.58,-0.0921,-0.6848,-0.1010,1.000,1.000
36,1.4400,1,2,left_eye,776.86,505.10,-0.0910,-0.6856,-0.0921,1.000,1.000
36,1.4400,1,3,left_eye_outer,775.67,505.62,-0.0926,-0.6865,-0.0955,1.000,1.000
36,1.4400,1,4,right_eye_inner,780.91,504.21,-0.0927,-0.6887,-0.1410,1.000,1.000
36,1.4400,1,5,right_eye,781.62,504.49,-0.0886,-0.6883,-0.1545,1.000,1.000
36,1.4400,1,6,right_eye_outer,782.40,504.66,-0.0836,-0.6791,-0.1310,1.000,1.000
36,1.4400,1,7,left_ear,773.19,511.10,-0.1393,-0.6525,-0.0334,1.000,1.000
36,1.4400,1,8,right_ear,781.95,509.64,-0.1449,-0.5767,-0.1450,1.000,1.000
36,1.4400,1,9,mouth_left,789.32,515.02,-0.0579,-0.6663,-0.0682,1.000,1.000
36,1.4400,1,10,mouth_right,790.47,514.44,-0.0567,-0.6247,-0.1327,1.000,1.000
36,1.4400,1,11,left_shoulder,803.56,539.22,-0.0331,-0.5585,0.1151,1.000,1.000
36,1.4400,1,12,right_shoulder,778.06,558.42,-0.1248,-0.5520,-0.1244,1.000,1.000
36,1.4400,1,13,left_elbow,834.32,520.37,0.1050,-0.6261,0.1434,0.486,1.000
36,1.4400,1,14,right_elbow,803.21,578.67,-0.0099,-0.4188,-0.3163,0.999,1.000
36,1.4400,1,15,left_wrist,864.13,507.37,0.2236,-0.6960,0.1061,0.845,1.000
36,1.4400,1,16,right_wrist,852.85,544.41,0.1319,-0.5279,-0.4518,0.999,1.000
36,1.4400,1,17,left_pinky,873.67,509.81,0.2331,-0.7174,0.1037,0.882,1.000
36,1.4400,1,18,right_pinky,864.69,539.12,0.1779,-0.5649,-0.5389,0.999,1.000
36,1.4400,1,19,left_index,870.61,505.65,0.2199,-0.7259,0.0859,0.888,1.000
36,1.4400,1,20,right_index,863.16,530.45,0.2094,-0.6268,-0.5167,0.999,1.000
36,1.4400,1,21,left_thumb,866.37,507.44,0.2353,-0.6858,0.0935,0.868,1.000
36,1.4400,1,22,right_thumb,860.34,532.69,0.1461,-0.5560,-0.4521,0.997,1.000
36,1.4400,1,23,left_hip,816.64,675.95,0.0266,-0.0078,0.1217,1.000,1.000
36,1.4400,1,24,right_hip,804.89,684.85,-0.0267,0.0005,-0.1179,1.000,1.000
36,1.4400,1,25,left_knee,864.86,740.84,0.2249,0.2910,0.1998,0.338,1.000
36,1.4400,1,26,right_knee,873.53,748.13,0.2293,0.2514,-0.1536,0.998,1.000
36,1.4400,1,27,left_ankle,818.17,814.88,0.0644,0.6382,0.3369,0.628,1.000
36,1.4400,1,28,right_ankle,845.89,842.93,0.0928,0.6526,-0.1291,0.998,1.000
36,1.4400,1,29,left_heel,803.33,826.82,0.0297,0.6782,0.3625,0.756,1.000
36,1.4400,1,30,right_heel,827.92,859.31,0.0893,0.6871,-0.1633,0.984,1.000
36,1.4400,1,31,left_foot_index,844.10,836.85,0.1112,0.6862,0.3907,0.810,1.000
36,1.4400,1,32,right_foot_index,880.04,868.66,0.1956,0.6745,-0.2209,0.996,1.000
36,1.4400,0,0,nose,1341.82,490.99,-0.1091,-0.6706,-0.1032,1.000,1.000
36,1.4400,0,1,left_eye_inner,1347.48,482.15,-0.0800,-0.6793,-0.1391,1.000,1.000
36,1.4400,0,2,left_eye,1348.44,482.27,-0.0790,-0.6772,-0.1265,1.000,1.000
36,1.4400,0,3,left_eye_outer,1349.31,482.50,-0.0792,-0.6799,-0.1292,1.000,1.000
36,1.4400,0,4,right_eye_inner,1348.38,481.92,-0.0620,-0.6961,-0.1224,1.000,1.000
36,1.4400,0,5,right_eye,1349.96,482.06,-0.0622,-0.6951,-0.1360,1.000,1.000
36,1.4400,0,6,right_eye_outer,1352.06,482.44,-0.0550,-0.6804,-0.1141,1.000,1.000
36,1.4400,0,7,left_ear,1359.67,486.73,0.0077,-0.6160,-0.2171,1.000,1.000
36,1.4400,0,8,right_ear,1363.50,487.07,0.0488,-0.5950,-0.0758,0.999,1.000
36,1.4400,0,9,mouth_left,1345.49,500.49,-0.0696,-0.6383,-0.1112,1.000,1.000
36,1.4400,0,10,mouth_right,1347.13,500.57,-0.0586,-0.6123,-0.0993,0.999,1.000
36,1.4400,0,11,left_shoulder,1353.92,534.87,-0.0119,-0.4479,-0.2172,1.000,1.000
36,1.4400,0,12,right_shoulder,1399.08,540.32,0.1793,-0.5433,0.1125,1.000,1.000
36,1.4400,0,13,left_elbow,1341.14,611.30,-0.0120,-0.2454,-0.2744,0.994,1.000
36,1.4400,0,14,right_elbow,1433.18,589.36,0.2572,-0.2909,0.1767,0.145,1.000
36,1.4400,0,15,left_wrist,1317.38,670.77,-0.0885,-0.0527,-0.1519,0.906,1.000
36,1.4400,0,16,right_wrist,1385.55,620.16,0.0875,-0.2145,0.2240,0.018,1.000
36,1.4400,0,17,left_pinky,1311.15,687.18,-0.1094,-0.0406,-0.1402,0.835,1.000
36,1.4400,0,18,right_pinky,1376.82,629.57,0.0861,-0.2174,0.2199,0.020,1.000
36,1.4400,0,19,left_index,1309.89,687.58,-0.1243,-0.0342,-0.1365,0.821,1.000
36,1.4400,0,20,right_index,1372.49,626.54,0.0702,-0.2533,0.2089,0.019,1.000
36,1.4400,0,21,left_thumb,1311.54,682.43,-0.0894,-0.0302,-0.1426,0.712,1.000
36,1.4400,0,22,right_thumb,1375.71,622.69,0.0711,-0.2272,0.2121,0.022,1.000
36,1.4400,0,23,left_hip,1343.36,683.41,-0.0403,0.0102,-0.0624,1.000,1.000
36,1.4400,0,24,right_hip,1370.26,679.35,0.0433,-0.0140,0.0619,1.000,1.000
36,1.4400,0,25,left_knee,1329.78,767.43,-0.0972,0.3526,0.0327,0.910,1.000
36,1.4400,0,26,right_knee,1373.23,761.94,0.0481,0.2809,0.1898,0.360,1.000
36,1.4400,0,27,left_ankle,1313.26,871.12,-0.1657,0.7102,0.1121,0.981,1.000
36,1.4400,0,28,right_ankle,1369.95,862.06,0.0359,0.6888,0.3102,0.789,1.000
36,1.4400,0,29,left_heel,1324.32,891.25,-0.2021,0.7457,0.1257,0.956,0.999
36,1.4400,0,30,right_heel,1377.08,882.87,0.0271,0.7219,0.2839,0.881,1.000
36,1.4400,0,31,left_foot_index,1262.01,882.16,-0.3247,0.7272,0.1178,0.957,0.999
36,1.4400,0,32,right_foot_index,1335.33,867.26,-0.0497,0.6912,0.2950,0.769,1.000
37,1.4800,1,0,nose,796.66,508.38,-0.0653,-0.6731,-0.1731,1.000,1.000
37,1.4800,1,1,left_eye_inner,787.95,506.32,-0.0894,-0.6813,-0.1613,1.000,1.000
37,1.4800,1,2,left_eye,786.98,506.94,-0.0892,-0.6823,-0.1522,1.000,1.000
37,1.4800,1,3,left_eye_outer,786.19,507.47,-0.0910,-0.6822,-0.1550,1.000,1.000
37,1.4800,1,4,right_eye_inner,788.69,506.57,-0.0975,-0.6819,-0.1980,1.000,1.000
37,1.4800,1,5,right_eye,788.16,507.45,-0.0940,-0.6820,-0.2117,1.000,1.000
37,1.4800,1,6,right_eye_outer,787.71,508.33,-0.0893,-0.6725,-0.1883,1.000,1.000
37,1.4800,1,7,left_ear,782.62,514.50,-0.1162,-0.6491,-0.0710,1.000,1.000
37,1.4800,1,8,right_ear,784.44,516.73,-0.1569,-0.5625,-0.1734,1.000,1.000
37,1.4800,1,9,mouth_left,800.81,517.02,-0.0523,-0.6614,-0.1268,1.000,1.000
37,1.4800,1,10,mouth_right,800.19,517.15,-0.0602,-0.6173,-0.1876,1.000,1.000
37,1.4800,1,11,left_shoulder,811.46,542.12,-0.0069,-0.5572,0.0812,1.000,1.000
37,1.4800,1,12,right_shoulder,782.54,565.85,-0.1600,-0.5173,-0.1302,1.000,1.000
37,1.4800,1,13,left_elbow,848.91,513.16,0.1233,-0.6664,0.1099,0.294,1.000
37,1.4800,1,14,right_elbow,802.76,591.34,-0.0702,-0.3830,-0.3312,0.998,1.000
37,1.4800,1,15,left_wrist,874.96,488.33,0.2320,-0.7831,0.0770,0.722,1.000
37,1.4800,1,16,right_wrist,848.49,548.13,0.0768,-0.5107,-0.4766,0.999,1.000
37,1.4800,1,17,left_pinky,884.25,485.08,0.2385,-0.8213,0.0725,0.805,1.000
37,1.4800,1,18,right_pinky,861.22,540.72,0.1245,-0.5588,-0.5655,0.999,1.000
37,1.4800,1,19,left_index,878.95,474.85,0.2183,-0.8301,0.0601,0.816,1.000
37,1.4800,1,20,right_index,859.64,531.86,0.1569,-0.6213,-0.5410,0.998,1.000
37,1.4800,1,21,left_thumb,878.56,486.55,0.2410,-0.7751,0.0654,0.790,1.000
37,1.4800,1,22,right_thumb,856.80,534.92,0.0937,-0.5396,-0.4769,0.994,1.000
37,1.4800,1,23,left_hip,828.86,678.41,0.0488,-0.0161,0.1117,1.000,1.000
37,1.4800,1,24,right_hip,808.86,688.39,-0.0492,0.0091,-0.1073,1.000,1.000
37,1.4800,1,25,left_knee,884.86,738.74,0.2518,0.3000,0.1288,0.373,1.000
37,1.4800,1,26,right_knee,876.67,754.59,0.1937,0.2833,-0.1493,0.991,1.000
37,1.4800,1,27,left_ankle,848.61,824.02,0.1350,0.6476,0.2922,0.574,1.000
37,1.4800,1,28,right_ankle,842.94,848.16,0.0640,0.6711,-0.0513,0.988,1.000
37,1.4800,1,29,left_heel,832.89,836.17,0.1039,0.6868,0.3196,0.619,1.000
37,1.4800,1,30,right_heel,828.74,860.78,0.0605,0.7048,-0.0787,0.921,0.999
37,1.4800,1,31,left_foot_index,873.40,844.87,0.1629,0.7047,0.3246,0.758,1.000
37,1.4800,1,32,right_foot_index,878.24,869.99,0.1500,0.6994,-0.1470,0.982,0.999
37,1.4800,0,0,nose,1338.07,490.85,-0.1166,-0.6734,-0.1141,1.000,1.000
37,1.4800,0,1,left_eye_inner,1343.61,482.55,-0.0858,-0.6827,-0.1503,1.000,1.000
37,1.4800,0,2,left_eye,1345.13,482.77,-0.0844,-0.6803,-0.1376,1.000,1.000
37,1.4800,0,3,left_eye_outer,1346.49,483.05,-0.0846,-0.6833,-0.1403,1.000,1.000
37,1.4800,0,4,right_eye_inner,1343.95,482.19,-0.0679,-0.6988,-0.1329,1.000,1.000
37,1.4800,0,5,right_eye,1345.99,482.21,-0.0677,-0.6977,-0.1463,1.000,1.000
37,1.4800,0,6,right_eye_outer,1348.09,482.36,-0.0610,-0.6830,-0.1242,1.000,1.000
37,1.4800,0,7,left_ear,1357.85,487.76,0.0067,-0.6183,-0.2270,1.000,1.000
37,1.4800,0,8,right_ear,1361.17,487.93,0.0436,-0.5979,-0.0815,1.000,1.000
37,1.4800,0,9,mouth_left,1341.71,500.77,-0.0760,-0.6406,-0.1214,1.000,1.000
37,1.4800,0,10,mouth_right,1342.89,500.88,-0.0663,-0.6141,-0.1087,1.000,1.000
37,1.4800,0,11,left_shoulder,1349.79,535.72,-0.0117,-0.4473,-0.2235,1.000,1.000
37,1.4800,0,12,right_shoulder,1397.07,541.93,0.1808,-0.5447,0.1121,1.000,1.000
37,1.4800,0,13,left_elbow,1337.80,610.23,-0.0077,-0.2397,-0.2811,0.996,1.000
37,1.4800,0,14,right_elbow,1427.41,591.47,0.2604,-0.2853,0.1783,0.113,1.000
37,1.4800,0,15,left_wrist,1314.47,670.97,-0.0857,-0.0419,-0.1593,0.935,1.000
37,1.4800,0,16,right_wrist,1381.79,620.86,0.0884,-0.2124,0.2356,0.017,1.000
37,1.4800,0,17,left_pinky,1308.22,689.30,-0.1052,-0.0273,-0.1476,0.881,1.000
37,1.4800,0,18,right_pinky,1373.82,627.77,0.0869,-0.2126,0.2354,0.021,1.000
37,1.4800,0,19,left_index,1306.87,688.69,-0.1217,-0.0210,-0.1450,0.872,1.000
37,1.4800,0,20,right_index,1369.69,625.51,0.0703,-0.2486,0.2237,0.020,1.000
37,1.4800,0,21,left_thumb,1309.26,683.14,-0.0876,-0.0193,-0.1512,0.785,1.000
37,1.4800,0,22,right_thumb,1372.59,623.63,0.0722,-0.2253,0.2233,0.023,1.000
37,1.4800,0,23,left_hip,1341.73,681.10,-0.0352,0.0114,-0.0646,1.000,1.000
37,1.4800,0,24,right_hip,1367.27,677.75,0.0384,-0.0151,0.0639,1.000,1.000
37,1.4800,0,25,left_knee,1328.62,766.92,-0.0738,0.3614,-0.0075,0.911,1.000
37,1.4800,0,26,right_knee,1370.29,759.71,0.0527,0.2776,0.1608,0.292,1.000
37,1.4800,0,27,left_ankle,1313.77,874.31,-0.1302,0.7251,0.0350,0.980,1.000
37,1.4800,0,28,right_ankle,1371.09,865.00,0.0349,0.6895,0.2701,0.688,1.000
37,1.4800,0,29,left_heel,1323.26,895.01,-0.1663,0.7598,0.0435,0.954,0.998
37,1.4800,0,30,right_heel,1377.54,887.33,0.0258,0.7225,0.2420,0.825,1.000
37,1.4800,0,31,left_foot_index,1260.23,884.20,-0.2995,0.7330,0.0274,0.965,0.999
37,1.4800,0,32,right_foot_index,1333.96,864.36,-0.0503,0.6898,0.2519,0.726,1.000
38,1.5200,1,0,nose,799.92,515.59,-0.0681,-0.6629,-0.1519,1.000,1.000
38,1.5200,1,1,left_eye_inner,791.86,513.29,-0.1023,-0.6686,-0.1458,1.000,1.000
38,1.5200,1,2,left_eye,791.16,513.73,-0.1030,-0.6708,-0.1358,1.000,1.000
38,1.5200,1,3,left_eye_outer,790.72,514.09,-0.1043,-0.6695,-0.1389,1.000,1.000
38,1.5200,1,4,right_eye_inner,792.64,513.87,-0.1036,-0.6726,-0.1840,1.000,1.000
38,1.5200,1,5,right_eye,792.33,514.79,-0.1007,-0.6722,-0.1967,1.000,1.000
38,1.5200,1,6,right_eye_outer,792.19,515.59,-0.0957,-0.6630,-0.1741,1.000,1.000
38,1.5200,1,7,left_ear,788.21,521.00,-0.1508,-0.6328,-0.0659,1.000,1.000
38,1.5200,1,8,right_ear,789.78,523.06,-0.1638,-0.5483,-0.1855,1.000,1.000
38,1.5200,1,9,mouth_left,803.99,523.49,-0.0597,-0.6531,-0.1093,1.000,1.000
38,1.5200,1,10,mouth_right,803.79,523.65,-0.0603,-0.6076,-0.1728,1.000,1.000
38,1.5200,1,11,left_shoulder,810.81,548.66,-0.0480,-0.5523,0.0885,1.000,1.000
38,1.5200,1,12,right_shoulder,786.88,571.65,-0.1675,-0.5073,-0.1323,1.000,1.000
38,1.5200,1,13,left_elbow,841.22,516.03,0.0529,-0.6734,0.2349,0.364,1.000
38,1.5200,1,14,right_elbow,799.72,601.60,-0.1082,-0.3689,-0.3381,0.996,1.000
38,1.5200,1,15,left_wrist,862.45,497.79,0.1835,-0.7699,0.3644,0.842,1.000
38,1.5200,1,16,right_wrist,840.48,558.09,0.0240,-0.4829,-0.4828,0.996,1.000
38,1.5200,1,17,left_pinky,875.55,497.71,0.1910,-0.8003,0.3947,0.873,1.000
38,1.5200,1,18,right_pinky,851.99,549.34,0.0700,-0.5290,-0.5643,0.994,1.000
38,1.5200,1,19,left_index,874.78,497.41,0.1850,-0.8005,0.3776,0.887,1.000
38,1.5200,1,20,right_index,851.82,543.30,0.1064,-0.5812,-0.5356,0.993,1.000
38,1.5200,1,21,left_thumb,873.59,500.81,0.2009,-0.7593,0.3574,0.883,1.000
38,1.5200,1,22,right_thumb,849.05,546.40,0.0419,-0.5082,-0.4801,0.980,1.000
38,1.5200,1,23,left_hip,835.51,681.94,0.0391,-0.0154,0.1138,1.000,1.000
38,1.5200,1,24,right_hip,817.13,694.19,-0.0392,0.0093,-0.1088,1.000,1.000
38,1.5200,1,25,left_knee,897.00,734.23,0.2611,0.2429,0.1326,0.239,1.000
38,1.5200,1,26,right_knee,883.26,759.48,0.1920,0.2560,-0.1357,0.966,1.000
38,1.5200,1,27,left_ankle,858.50,824.27,0.1556,0.5962,0.2844,0.478,1.000
38,1.5200,1,28,right_ankle,843.71,845.62,0.0458,0.6236,0.0079,0.956,0.999
38,1.5200,1,29,left_heel,844.99,838.27,0.1258,0.6372,0.3107,0.603,1.000
38,1.5200,1,30,right_heel,829.42,858.88,0.0402,0.6567,-0.0140,0.838,0.999
38,1.5200,1,31,left_foot_index,891.15,840.37,0.1949,0.6392,0.3220,0.675,1.000
38,1.5200,1,32,right_foot_index,875.56,871.28,0.1227,0.6556,-0.0501,0.943,0.999
38,1.5200,0,0,nose,1333.42,494.71,-0.0410,-0.6695,-0.0772,1.000,1.000
38,1.5200,0,1,left_eye_inner,1339.50,486.66,-0.0198,-0.6775,-0.1154,1.000,1.000
38,1.5200,0,2,left_eye,1341.13,486.56,-0.0180,-0.6774,-0.1032,1.000,1.000
38,1.5200,0,3,left_eye_outer,1342.87,486.65,-0.0176,-0.6789,-0.1056,1.000,1.000
38,1.5200,0,4,right_eye_inner,1340.62,486.53,0.0030,-0.6846,-0.0979,1.000,1.000
38,1.5200,0,5,right_eye,1343.18,486.54,0.0031,-0.6836,-0.1110,1.000,1.000
38,1.5200,0,6,right_eye_outer,1346.02,486.73,0.0043,-0.6664,-0.0890,1.000,1.000
38,1.5200,0,7,left_ear,1356.76,490.62,0.0525,-0.6127,-0.2011,1.000,1.000
38,1.5200,0,8,right_ear,1359.76,490.69,0.0798,-0.5753,-0.0579,1.000,1.000
38,1.5200,0,9,mouth_left,1338.63,505.21,-0.0041,-0.6330,-0.0913,1.000,1.000
38,1.5200,0,10,mouth_right,1340.27,505.61,-0.0044,-0.6053,-0.0751,0.999,1.000
38,1.5200,0,11,left_shoulder,1353.68,535.88,0.0478,-0.4455,-0.1958,1.000,1.000
38,1.5200,0,12,right_shoulder,1398.05,548.89,0.2415,-0.4963,0.1007,1.000,1.000
38,1.5200,0,13,left_elbow,1341.36,611.74,0.0528,-0.2212,-0.2656,0.994,1.000
38,1.5200,0,14,right_elbow,1417.04,596.33,0.2671,-0.2623,0.2123,0.217,1.000
38,1.5200,0,15,left_wrist,1313.51,668.00,-0.0431,-0.0336,-0.1513,0.847,1.000
38,1.5200,0,16,right_wrist,1373.71,623.81,0.1284,-0.2184,0.3592,0.015,1.000
38,1.5200,0,17,left_pinky,1304.81,688.37,-0.0568,-0.0251,-0.1435,0.770,1.000
38,1.5200,0,18,right_pinky,1365.07,631.46,0.1355,-0.2141,0.3709,0.016,1.000
38,1.5200,0,19,left_index,1303.87,687.84,-0.0821,-0.0284,-0.1431,0.759,1.000
38,1.5200,0,20,right_index,1361.61,628.83,0.1391,-0.2414,0.3603,0.015,1.000
38,1.5200,0,21,left_thumb,1306.12,681.83,-0.0541,-0.0137,-0.1459,0.636,1.000
38,1.5200,0,22,right_thumb,1364.33,626.28,0.1201,-0.2304,0.3491,0.019,1.000
38,1.5200,0,23,left_hip,1331.17,685.30,-0.0379,0.0039,-0.0597,1.000,1.000
38,1.5200,0,24,right_hip,1359.76,682.19,0.0417,-0.0065,0.0585,1.000,1.000
38,1.5200,0,25,left_knee,1324.01,773.72,-0.0970,0.3809,0.0310,0.920,1.000
38,1.5200,0,26,right_knee,1365.32,767.43,0.0658,0.3238,0.1961,0.657,1.000
38,1.5200,0,27,left_ankle,1310.88,875.83,-0.1013,0.7308,0.1229,0.985,1.000
38,1.5200,0,28,right_ankle,1367.15,864.58,0.0590,0.7142,0.3348,0.915,1.000
38,1.5200,0,29,left_heel,1324.58,892.80,-0.1249,0.7576,0.1360,0.950,1.000
38,1.5200,0,30,right_heel,1369.46,884.98,0.0549,0.7444,0.3151,0.952,1.000
38,1.5200,0,31,left_foot_index,1260.16,884.89,-0.2455,0.7294,0.1228,0.968,1.000
38,1.5200,0,32,right_foot_index,1328.44,871.93,0.0001,0.7332,0.3350,0.880,1.000
39,1.5600,1,0,nose,806.83,515.92,-0.0785,-0.6636,-0.1726,1.000,1.000
39,1.5600,1,1,left_eye_inner,798.63,514.51,-0.1110,-0.6665,-0.1624,1.000,1.000
39,1.5600,1,2,left_eye,797.74,515.28,-0.1115,-0.6680,-0.1536,1.000,1.000
39,1.5600,1,3,left_eye_outer,797.05,515.93,-0.1132,-0.6670,-0.1560,1.000,1.000
39,1.5600,1,4,right_eye_inner,798.72,514.51,-0.1118,-0.6716,-0.2038,1.000,1.000
39,1.5600,1,5,right_eye,797.83,515.34,-0.1090,-0.6716,-0.2160,1.000,1.000
39,1.5600,1,6,right_eye_outer,797.06,516.14,-0.1037,-0.6625,-0.1930,1.000,1.000
39,1.5600,1,7,left_ear,792.27,523.75,-0.1514,-0.6189,-0.0782,1.000,1.000
39,1.5600,1,8,right_ear,791.19,525.18,-0.1665,-0.5411,-0.2014,1.000,1.000
39,1.5600,1,9,mouth_left,810.20,524.22,-0.0684,-0.6485,-0.1283,1.000,1.000
39,1.5600,1,10,mouth_right,810.08,524.70,-0.0693,-0.6057,-0.1939,1.000,1.000
39,1.5600,1,11,left_shoulder,819.64,551.51,-0.0430,-0.5489,0.0750,1.000,1.000
39,1.5600,1,12,right_shoulder,788.65,575.68,-0.1821,-0.4839,-0.1419,1.000,1.000
39,1.5600,1,13,left_elbow,853.83,510.21,0.0925,-0.7364,0.1938,0.792,1.000
39,1.5600,1,14,right_elbow,793.18,615.50,-0.1358,-0.3179,-0.3319,0.998,1.000
39,1.5600,1,15,left_wrist,880.87,460.85,0.2170,-0.9163,0.2873,0.978,1.000
39,1.5600,1,16,right_wrist,831.57,564.63,-0.0343,-0.4564,-0.4653,0.997,1.000
39,1.5600,1,17,left_pinky,885.78,451.24,0.2240,-0.9674,0.3075,0.976,1.000
39,1.5600,1,18,right_pinky,843.05,555.23,0.0067,-0.5133,-0.5445,0.995,1.000
39,1.5600,1,19,left_index,883.68,448.56,0.2110,-0.9770,0.2900,0.978,1.000
39,1.5600,1,20,right_index,841.50,548.31,0.0323,-0.5785,-0.5200,0.994,1.000
39,1.5600,1,21,left_thumb,882.07,451.64,0.2312,-0.9136,0.2769,0.976,1.000
39,1.5600,1,22,right_thumb,838.58,551.27,-0.0210,-0.4893,-0.4642,0.982,1.000
39,1.5600,1,23,left_hip,844.71,679.99,0.0414,-0.0203,0.1173,1.000,1.000
39,1.5600,1,24,right_hip,823.56,693.00,-0.0417,0.0142,-0.1127,1.000,1.000
39,1.5600,1,25,left_knee,905.42,732.30,0.2612,0.2270,0.1389,0.691,1.000
39,1.5600,1,26,right_knee,890.05,758.35,0.1866,0.2701,-0.1325,0.995,1.000
39,1.5600,1,27,left_ankle,870.51,819.11,0.1602,0.5971,0.2846,0.847,1.000
39,1.5600,1,28,right_ankle,844.95,844.38,0.0272,0.6420,-0.0341,0.994,1.000
39,1.5600,1,29,left_heel,856.75,834.81,0.1308,0.6405,0.3099,0.877,1.000
39,1.5600,1,30,right_heel,828.44,858.66,0.0187,0.6757,-0.0591,0.959,1.000
39,1.5600,1,31,left_foot_index,904.76,838.77,0.2066,0.6463,0.3207,0.916,1.000
39,1.5600,1,32,right_foot_index,875.73,872.80,0.1003,0.6747,-0.0992,0.990,0.999
39,1.5600,0,0,nose,1332.07,495.77,-0.1148,-0.6766,-0.0917,1.000,1.000
39,1.5600,0,1,left_eye_inner,1337.67,487.12,-0.0833,-0.6842,-0.1284,1.000,1.000
39,1.5600,0,2,left_eye,1339.63,487.08,-0.0821,-0.6823,-0.1159,1.000,1.000
39,1.5600,0,3,left_eye_outer,1341.40,487.18,-0.0821,-0.6849,-0.1189,1.000,1.000
39,1.5600,0,4,right_eye_inner,1337.68,486.89,-0.0652,-0.6996,-0.1095,1.000,1.000
39,1.5600,0,5,right_eye,1339.64,486.77,-0.0647,-0.6989,-0.1232,1.000,1.000
39,1.5600,0,6,right_eye_outer,1341.73,486.73,-0.0584,-0.6840,-0.1012,1.000,1.000
39,1.5600,0,7,left_ear,1354.13,490.73,0.0097,-0.6168,-0.2107,1.000,1.000
39,1.5600,0,8,right_ear,1355.54,490.72,0.0507,-0.5933,-0.0585,0.999,1.000
39,1.5600,0,9,mouth_left,1335.88,504.12,-0.0750,-0.6434,-0.1022,0.999,1.000
39,1.5600,0,10,mouth_right,1336.99,504.27,-0.0649,-0.6165,-0.0876,0.998,1.000
39,1.5600,0,11,left_shoulder,1346.74,536.60,-0.0152,-0.4544,-0.2185,1.000,1.000
39,1.5600,0,12,right_shoulder,1391.95,544.90,0.1948,-0.5372,0.1157,0.999,1.000
39,1.5600,0,13,left_elbow,1335.84,611.11,-0.0033,-0.2648,-0.2798,0.996,1.000
39,1.5600,0,14,right_elbow,1422.78,591.76,0.2677,-0.2849,0.1616,0.227,1.000
39,1.5600,0,15,left_wrist,1314.12,671.09,-0.0842,-0.0621,-0.1619,0.910,1.000
39,1.5600,0,16,right_wrist,1377.67,624.32,0.0974,-0.2063,0.1943,0.013,1.000
39,1.5600,0,17,left_pinky,1306.01,690.19,-0.1029,-0.0462,-0.1498,0.844,1.000
39,1.5600,0,18,right_pinky,1368.21,634.45,0.0965,-0.2058,0.1914,0.014,1.000
39,1.5600,0,19,left_index,1304.62,690.96,-0.1182,-0.0387,-0.1471,0.831,1.000
39,1.5600,0,20,right_index,1364.25,631.82,0.0825,-0.2432,0.1819,0.013,1.000
39,1.5600,0,21,left_thumb,1307.88,685.69,-0.0857,-0.0384,-0.1532,0.733,1.000
39,1.5600,0,22,right_thumb,1367.48,628.94,0.0825,-0.2197,0.1830,0.016,1.000
39,1.5600,0,23,left_hip,1336.74,685.62,-0.0458,0.0078,-0.0646,1.000,1.000
39,1.5600,0,24,right_hip,1363.51,682.62,0.0490,-0.0109,0.0645,1.000,1.000
39,1.5600,0,25,left_knee,1325.33,772.20,-0.1094,0.3598,0.0048,0.967,1.000
39,1.5600,0,26,right_knee,1363.10,765.59,0.0487,0.2910,0.1764,0.556,1.000
39,1.5600,0,27,left_ankle,1308.62,875.00,-0.1735,0.7132,0.0420,0.993,0.999
39,1.5600,0,28,right_ankle,1366.70,868.04,0.0393,0.6879,0.2813,0.872,1.000
39,1.5600,0,29,left_heel,1323.32,896.37,-0.2085,0.7477,0.0522,0.984,0.998
39,1.5600,0,30,right_heel,1370.89,887.36,0.0320,0.7205,0.2534,0.936,1.000
39,1.5600,0,31,left_foot_index,1256.40,885.75,-0.3423,0.7336,0.0407,0.983,0.998
39,1.5600,0,32,right_foot_index,1328.84,870.60,-0.0415,0.7028,0.2707,0.847,1.000
40,1.6000,1,0,nose,816.44,518.76,-0.0848,-0.6512,-0.2026,1.000,1.000
40,1.6000,1,1,left_eye_inner,806.96,515.71,-0.1137,-0.6562,-0.1905,1.000,1.000
40,1.6000,1,2,left_eye,806.09,516.24,-0.1142,-0.6575,-0.1817,1.000,1.000
40,1.6000,1,3,left_eye_outer,805.35,516.67,-0.1161,-0.6565,-0.1842,1.000,1.000
40,1.6000,1,4,right_eye_inner,806.35,516.75,-0.1182,-0.6571,-0.2298,1.000,1.000
40,1.6000,1,5,right_eye,805.13,518.04,-0.1153,-0.6576,-0.2424,1.000,1.000
40,1.6000,1,6,right_eye_outer,803.99,519.26,-0.1099,-0.6485,-0.2190,1.000,1.000
40,1.6000,1,7,left_ear,799.25,524.70,-0.1476,-0.6190,-0.1017,1.000,1.000
40,1.6000,1,8,right_ear,796.92,528.12,-0.1750,-0.5245,-0.2113,1.000,1.000
40,1.6000,1,9,mouth_left,820.04,526.77,-0.0740,-0.6398,-0.1554,1.000,1.000
40,1.6000,1,10,mouth_right,819.07,528.42,-0.0771,-0.5931,-0.2190,1.000,1.000
40,1.6000,1,11,left_shoulder,825.70,549.90,-0.0457,-0.5594,0.0392,1.000,1.000
40,1.6000,1,12,right_shoulder,792.21,578.94,-0.2078,-0.4679,-0.1376,1.000,1.000
40,1.6000,1,13,left_elbow,849.19,495.76,0.0514,-0.7722,0.1382,0.834,1.000
40,1.6000,1,14,right_elbow,787.75,622.94,-0.1926,-0.3060,-0.3331,0.997,0.999
40,1.6000,1,15,left_wrist,870.56,448.46,0.1429,-0.9731,0.1968,0.977,1.000
40,1.6000,1,16,right_wrist,824.39,570.73,-0.1072,-0.4457,-0.4854,0.991,1.000
40,1.6000,1,17,left_pinky,873.49,435.52,0.1424,-1.0222,0.2067,0.974,1.000
40,1.6000,1,18,right_pinky,830.44,557.27,-0.0686,-0.4979,-0.5646,0.986,1.000
40,1.6000,1,19,left_index,873.00,432.89,0.1271,-1.0327,0.1910,0.976,1.000
40,1.6000,1,20,right_index,828.90,552.16,-0.0458,-0.5652,-0.5464,0.984,1.000
40,1.6000,1,21,left_thumb,870.86,437.78,0.1541,-0.9704,0.1860,0.973,1.000
40,1.6000,1,22,right_thumb,827.49,557.93,-0.0957,-0.4793,-0.4872,0.961,1.000
40,1.6000,1,23,left_hip,850.97,681.48,0.0462,-0.0231,0.1080,1.000,1.000
40,1.6000,1,24,right_hip,830.94,693.92,-0.0467,0.0175,-0.1036,1.000,1.000
40,1.6000,1,25,left_knee,912.22,734.49,0.2548,0.2351,0.1169,0.880,1.000
40,1.6000,1,26,right_knee,898.07,758.93,0.1733,0.2653,-0.1350,0.996,1.000
40,1.6000,1,27,left_ankle,874.98,821.00,0.1444,0.6067,0.2663,0.936,1.000
40,1.6000,1,28,right_ankle,847.03,841.40,-0.0091,0.6308,-0.0420,0.995,0.999
40,1.6000,1,29,left_heel,860.65,835.58,0.1142,0.6499,0.2929,0.934,1.000
40,1.6000,1,30,right_heel,830.73,855.40,-0.0216,0.6641,-0.0665,0.957,0.999
40,1.6000,1,31,left_foot_index,906.45,840.23,0.1925,0.6525,0.3039,0.956,1.000
40,1.6000,1,32,right_foot_index,873.67,871.31,0.0590,0.6759,-0.1060,0.992,0.998
40,1.6000,0,0,nose,1331.27,491.87,-0.1384,-0.6632,-0.0708,1.000,1.000
40,1.6000,0,1,left_eye_inner,1337.92,482.85,-0.1091,-0.6761,-0.1068,1.000,1.000
40,1.6000,0,2,left_eye,1339.51,482.64,-0.1080,-0.6738,-0.0948,1.000,1.000
40,1.6000,0,3,left_eye_outer,1340.93,482.60,-0.1079,-0.6767,-0.0977,1.000,1.000
40,1.6000,0,4,right_eye_inner,1338.34,482.83,-0.0931,-0.6946,-0.0909,1.000,1.000
40,1.6000,0,5,right_eye,1340.28,482.75,-0.0927,-0.6936,-0.1041,1.000,1.000
40,1.6000,0,6,right_eye_outer,1342.29,482.76,-0.0842,-0.6805,-0.0830,1.000,1.000
40,1.6000,0,7,left_ear,1352.90,486.99,-0.0203,-0.6221,-0.1888,1.000,1.000
40,1.6000,0,8,right_ear,1355.05,487.08,0.0318,-0.6048,-0.0480,1.000,1.000
40,1.6000,0,9,mouth_left,1334.72,500.33,-0.0989,-0.6350,-0.0800,1.000,1.000
40,1.6000,0,10,mouth_right,1335.88,500.40,-0.0815,-0.6089,-0.0690,1.000,1.000
40,1.6000,0,11,left_shoulder,1344.71,536.79,-0.0383,-0.4595,-0.2024,1.000,1.000
40,1.6000,0,12,right_shoulder,1387.74,540.36,0.1464,-0.5499,0.1371,1.000,1.000
40,1.6000,0,13,left_elbow,1337.47,612.12,-0.0123,-0.2641,-0.2620,0.998,1.000
40,1.6000,0,14,right_elbow,1417.66,594.70,0.2262,-0.2824,0.1651,0.220,1.000
40,1.6000,0,15,left_wrist,1311.27,674.07,-0.1081,-0.0637,-0.1494,0.958,1.000
40,1.6000,0,16,right_wrist,1373.52,630.54,0.0507,-0.1858,0.1614,0.015,1.000
40,1.6000,0,17,left_pinky,1305.24,690.09,-0.1366,-0.0465,-0.1398,0.913,1.000
40,1.6000,0,18,right_pinky,1365.56,638.32,0.0480,-0.1897,0.1535,0.017,1.000
40,1.6000,0,19,left_index,1303.59,689.34,-0.1542,-0.0399,-0.1322,0.902,1.000
40,1.6000,0,20,right_index,1360.51,636.56,0.0267,-0.2295,0.1429,0.016,1.000
40,1.6000,0,21,left_thumb,1306.35,683.84,-0.1090,-0.0428,-0.1380,0.821,1.000
40,1.6000,0,22,right_thumb,1363.78,632.93,0.0324,-0.1985,0.1497,0.018,1.000
40,1.6000,0,23,left_hip,1341.98,682.49,-0.0463,0.0127,-0.0633,1.000,1.000
40,1.6000,0,24,right_hip,1368.34,678.53,0.0491,-0.0161,0.0633,1.000,1.000
40,1.6000,0,25,left_knee,1322.43,773.13,-0.1136,0.3588,-0.0347,0.982,1.000
40,1.6000,0,26,right_knee,1365.88,765.10,0.0484,0.2808,0.1634,0.596,1.000
40,1.6000,0,27,left_ankle,1308.48,874.19,-0.1811,0.7076,-0.0051,0.995,1.000
40,1.6000,0,28,right_ankle,1363.70,864.23,0.0280,0.6916,0.2539,0.918,1.000
40,1.6000,0,29,left_heel,1318.11,895.28,-0.2166,0.7445,0.0052,0.990,1.000
40,1.6000,0,30,right_heel,1366.93,884.30,0.0180,0.7259,0.2233,0.954,1.000
40,1.6000,0,31,left_foot_index,1257.33,886.05,-0.3273,0.7270,-0.0132,0.989,1.000
40,1.6000,0,32,right_foot_index,1332.51,872.16,-0.0557,0.6991,0.2241,0.903,1.000
41,1.6400,1,0,nose,814.53,532.22,-0.1236,-0.5772,-0.2784,1.000,1.000
41,1.6400,1,1,left_eye_inner,807.22,526.39,-0.1439,-0.5902,-0.2676,1.000,1.000
41,1.6400,1,2,left_eye,807.63,525.46,-0.1440,-0.5915,-0.2585,1.000,1.000
41,1.6400,1,3,left_eye_outer,808.25,524.54,-0.1462,-0.5901,-0.2604,1.000,1.000
41,1.6400,1,4,right_eye_inner,803.56,530.33,-0.1565,-0.5862,-0.2975,1.000,1.000
41,1.6400,1,5,right_eye,801.20,532.39,-0.1536,-0.5867,-0.3106,1.000,1.000
41,1.6400,1,6,right_eye_outer,798.79,534.49,-0.1482,-0.5780,-0.2871,1.000,1.000
41,1.6400,1,7,left_ear,804.57,528.76,-0.1535,-0.5902,-0.1634,1.000,1.000
41,1.6400,1,8,right_ear,789.40,542.62,-0.2148,-0.4749,-0.2334,1.000,1.000
41,1.6400,1,9,mouth_left,818.88,536.76,-0.1057,-0.5790,-0.2254,1.000,1.000
41,1.6400,1,10,mouth_right,814.68,541.92,-0.1165,-0.5270,-0.2777,1.000,1.000
41,1.6400,1,11,left_shoulder,827.43,542.01,-0.0606,-0.5562,-0.0037,1.000,1.000
41,1.6400,1,12,right_shoulder,789.62,586.86,-0.2452,-0.4347,-0.1370,1.000,1.000
41,1.6400,1,13,left_elbow,847.66,490.74,0.0236,-0.7645,0.0697,0.792,1.000
41,1.6400,1,14,right_elbow,782.47,635.77,-0.2405,-0.2548,-0.3450,0.988,0.997
41,1.6400,1,15,left_wrist,856.88,436.57,0.0722,-0.9653,0.0751,0.983,1.000
41,1.6400,1,16,right_wrist,804.93,577.67,-0.1837,-0.3996,-0.5323,0.985,1.000
41,1.6400,1,17,left_pinky,859.56,418.69,0.0612,-1.0154,0.0715,0.980,1.000
41,1.6400,1,18,right_pinky,810.18,563.72,-0.1529,-0.4574,-0.6130,0.978,1.000
41,1.6400,1,19,left_index,854.91,417.74,0.0365,-1.0256,0.0632,0.981,1.000
41,1.6400,1,20,right_index,812.95,557.52,-0.1346,-0.5266,-0.6006,0.976,1.000
41,1.6400,1,21,left_thumb,852.68,424.80,0.0774,-0.9613,0.0665,0.976,1.000
41,1.6400,1,22,right_thumb,812.46,562.34,-0.1756,-0.4338,-0.5369,0.944,1.000
41,1.6400,1,23,left_hip,858.92,682.47,0.0487,-0.0249,0.0985,1.000,1.000
41,1.6400,1,24,right_hip,838.34,695.01,-0.0486,0.0198,-0.0934,1.000,1.000
41,1.6400,1,25,left_knee,918.57,739.94,0.2346,0.2425,0.0684,0.831,1.000
41,1.6400,1,26,right_knee,903.06,762.28,0.1383,0.2862,-0.1485,0.982,1.000
41,1.6400,1,27,left_ankle,874.44,823.03,0.1226,0.6130,0.2290,0.862,1.000
41,1.6400,1,28,right_ankle,845.29,841.73,-0.0408,0.6357,-0.0244,0.965,0.998
41,1.6400,1,29,left_heel,860.75,836.94,0.0927,0.6553,0.2575,0.842,1.000
41,1.6400,1,30,right_heel,828.39,854.57,-0.0538,0.6669,-0.0439,0.815,0.998
41,1.6400,1,31,left_foot_index,909.13,841.54,0.1662,0.6623,0.2720,0.901,1.000
41,1.6400,1,32,right_foot_index,872.42,872.27,0.0263,0.6841,-0.0749,0.957,0.997
41,1.6400,0,0,nose,1329.47,495.27,-0.1429,-0.6579,-0.0802,1.000,1.000
41,1.6400,0,1,left_eye_inner,1334.98,486.27,-0.1126,-0.6709,-0.1160,1.000,1.000
41,1.6400,0,2,left_eye,1336.58,486.18,-0.1116,-0.6687,-0.1038,1.000,1.000
41,1.6400,0,3,left_eye_outer,1338.00,486.15,-0.1114,-0.6714,-0.1067,1.000,1.000
41,1.6400,0,4,right_eye_inner,1335.10,485.98,-0.0980,-0.6892,-0.0988,1.000,1.000
41,1.6400,0,5,right_eye,1336.78,485.78,-0.0977,-0.6882,-0.1122,1.000,1.000
41,1.6400,0,6,right_eye_outer,1338.59,485.59,-0.0893,-0.6749,-0.0910,1.000,1.000
41,1.6400,0,7,left_ear,1351.23,489.57,-0.0194,-0.6190,-0.1944,1.000,1.000
41,1.6400,0,8,right_ear,1353.13,489.15,0.0264,-0.6009,-0.0503,1.000,1.000
41,1.6400,0,9,mouth_left,1333.04,503.93,-0.1016,-0.6306,-0.0890,1.000,1.000
41,1.6400,0,10,mouth_right,1333.52,503.83,-0.0863,-0.6043,-0.0768,1.000,1.000
41,1.6400,0,11,left_shoulder,1343.61,537.85,-0.0314,-0.4616,-0.2035,1.000,1.000
41,1.6400,0,12,right_shoulder,1388.29,541.05,0.1434,-0.5489,0.1327,1.000,1.000
41,1.6400,0,13,left_elbow,1337.92,613.77,-0.0006,-0.2764,-0.2657,0.998,1.000
41,1.6400,0,14,right_elbow,1416.86,595.43,0.2327,-0.2845,0.1517,0.255,1.000
41,1.6400,0,15,left_wrist,1311.43,673.66,-0.0993,-0.0736,-0.1620,0.965,1.000
41,1.6400,0,16,right_wrist,1373.60,631.19,0.0547,-0.1854,0.1336,0.019,1.000
41,1.6400,0,17,left_pinky,1304.36,689.46,-0.1282,-0.0561,-0.1526,0.926,1.000
41,1.6400,0,18,right_pinky,1365.24,640.36,0.0503,-0.1880,0.1231,0.020,1.000
41,1.6400,0,19,left_index,1302.87,688.97,-0.1467,-0.0488,-0.1462,0.917,1.000
41,1.6400,0,20,right_index,1361.01,636.47,0.0284,-0.2275,0.1128,0.019,1.000
41,1.6400,0,21,left_thumb,1306.24,683.56,-0.1008,-0.0522,-0.1509,0.844,1.000
41,1.6400,0,22,right_thumb,1363.91,634.00,0.0362,-0.1976,0.1217,0.021,1.000
41,1.6400,0,23,left_hip,1340.17,685.62,-0.0441,0.0124,-0.0626,1.000,1.000
41,1.6400,0,24,right_hip,1366.15,682.05,0.0468,-0.0157,0.0629,1.000,1.000
41,1.6400,0,25,left_knee,1321.46,774.30,-0.1052,0.3554,-0.0304,0.978,1.000
41,1.6400,0,26,right_knee,1364.26,766.15,0.0461,0.2768,0.1695,0.540,1.000
41,1.6400,0,27,left_ankle,1308.73,874.99,-0.1727,0.6998,0.0037,0.994,1.000
41,1.6400,0,28,right_ankle,1363.02,865.06,0.0326,0.6812,0.2708,0.888,1.000
41,1.6400,0,29,left_heel,1316.49,896.11,-0.2081,0.7361,0.0144,0.989,1.000
41,1.6400,0,30,right_heel,1367.74,885.22,0.0238,0.7149,0.2408,0.943,1.000
41,1.6400,0,31,left_foot_index,1257.68,886.57,-0.3155,0.7165,-0.0029,0.987,1.000
41,1.6400,0,32,right_foot_index,1330.86,868.46,-0.0491,0.6865,0.2440,0.879,1.000
42,1.6800,1,0,nose,821.33,539.64,-0.1298,-0.5469,-0.3281,1.000,1.000
42,1.6800,1,1,left_eye_inner,813.47,533.71,-0.1453,-0.5617,-0.3199,1.000,1.000
42,1.6800,1,2,left_eye,813.10,532.54,-0.1460,-0.5625,-0.3102,1.000,1.000
42,1.6800,1,3,left_eye_outer,812.81,531.40,-0.1483,-0.5612,-0.3115,1.000,1.000
42,1.6800,1,4,right_eye_inner,810.74,539.06,-0.1589,-0.5584,-0.3475,1.000,1.000
42,1.6800,1,5,right_eye,808.46,541.73,-0.1556,-0.5595,-0.3610,1.000,1.000
42,1.6800,1,6,right_eye_outer,805.83,544.65,-0.1504,-0.5509,-0.3371,1.000,1.000
42,1.6800,1,7,left_ear,807.41,536.32,-0.1566,-0.5639,-0.2198,1.000,1.000
42,1.6800,1,8,right_ear,798.06,551.30,-0.2144,-0.4553,-0.2838,1.000,1.000
42,1.6800,1,9,mouth_left,823.83,543.38,-0.1161,-0.5488,-0.2757,1.000,1.000
42,1.6800,1,10,mouth_right,819.85,549.36,-0.1242,-0.4995,-0.3279,1.000,1.000
42,1.6800,1,11,left_shoulder,827.19,544.09,-0.0801,-0.5477,-0.0668,1.000,1.000
42,1.6800,1,12,right_shoulder,794.28,597.62,-0.2654,-0.4185,-0.1719,1.000,1.000
42,1.6800,1,13,left_elbow,838.56,490.23,-0.0254,-0.7716,0.0024,0.762,1.000
42,1.6800,1,14,right_elbow,781.79,638.57,-0.2595,-0.2649,-0.3868,0.914,0.993
42,1.6800,1,15,left_wrist,838.36,430.18,-0.0105,-0.9771,0.0047,0.963,1.000
42,1.6800,1,16,right_wrist,797.48,582.26,-0.2437,-0.3985,-0.5934,0.867,0.999
42,1.6800,1,17,left_pinky,838.33,412.49,-0.0291,-1.0283,-0.0001,0.960,1.000
42,1.6800,1,18,right_pinky,799.38,567.95,-0.2234,-0.4563,-0.6810,0.846,0.999
42,1.6800,1,19,left_index,834.11,411.39,-0.0557,-1.0400,-0.0105,0.963,1.000
42,1.6800,1,20,right_index,802.59,563.21,-0.2072,-0.5267,-0.6694,0.846,0.999
42,1.6800,1,21,left_thumb,832.92,418.32,-0.0068,-0.9737,-0.0036,0.954,1.000
42,1.6800,1,22,right_thumb,802.85,568.25,-0.2378,-0.4336,-0.6010,0.710,0.999
42,1.6800,1,23,left_hip,865.17,682.09,0.0495,-0.0311,0.0904,1.000,1.000
42,1.6800,1,24,right_hip,843.32,693.39,-0.0498,0.0265,-0.0849,1.000,1.000
42,1.6800,1,25,left_knee,919.66,743.26,0.2328,0.2319,0.0572,0.897,1.000
42,1.6800,1,26,right_knee,901.93,765.62,0.1076,0.2755,-0.1474,0.962,1.000
42,1.6800,1,27,left_ankle,876.50,822.64,0.1256,0.5808,0.2215,0.892,1.000
42,1.6800,1,28,right_ankle,847.72,838.84,-0.0628,0.6024,-0.0048,0.933,0.998
42,1.6800,1,29,left_heel,865.42,837.82,0.0946,0.6209,0.2507,0.866,1.000
42,1.6800,1,30,right_heel,826.95,853.60,-0.0781,0.6308,-0.0210,0.691,0.998
42,1.6800,1,31,left_foot_index,906.56,837.27,0.1473,0.6202,0.2619,0.905,0.999
42,1.6800,1,32,right_foot_index,871.27,866.92,-0.0099,0.6447,-0.0553,0.912,0.997
42,1.6800,0,0,nose,1330.10,495.32,-0.0709,-0.6803,-0.0652,1.000,1.000
42,1.6800,0,1,left_eye_inner,1335.38,486.24,-0.0443,-0.6868,-0.1051,1.000,1.000
42,1.6800,0,2,left_eye,1336.52,486.25,-0.0429,-0.6866,-0.0924,1.000,1.000
42,1.6800,0,3,left_eye_outer,1337.39,486.21,-0.0426,-0.6884,-0.0955,1.000,1.000
42,1.6800,0,4,right_eye_inner,1336.58,486.01,-0.0222,-0.6984,-0.0876,1.000,1.000
42,1.6800,0,5,right_eye,1338.40,485.88,-0.0219,-0.6973,-0.1011,1.000,1.000
42,1.6800,0,6,right_eye_outer,1340.23,485.72,-0.0186,-0.6813,-0.0792,1.000,1.000
42,1.6800,0,7,left_ear,1349.40,490.62,0.0297,-0.6189,-0.1936,1.000,1.000
42,1.6800,0,8,right_ear,1352.82,490.28,0.0718,-0.5862,-0.0506,1.000,1.000
42,1.6800,0,9,mouth_left,1333.95,504.12,-0.0368,-0.6447,-0.0802,0.999,1.000
42,1.6800,0,10,mouth_right,1335.16,504.27,-0.0299,-0.6165,-0.0659,0.999,1.000
42,1.6800,0,11,left_shoulder,1346.02,540.46,0.0106,-0.4541,-0.1992,1.000,1.000
42,1.6800,0,12,right_shoulder,1390.29,546.95,0.2106,-0.5173,0.1093,1.000,1.000
42,1.6800,0,13,left_elbow,1335.51,612.82,0.0189,-0.2395,-0.2637,0.994,1.000
42,1.6800,0,14,right_elbow,1416.81,597.31,0.2438,-0.2776,0.1780,0.250,1.000
42,1.6800,0,15,left_wrist,1310.04,672.12,-0.0729,-0.0571,-0.1470,0.891,1.000
42,1.6800,0,16,right_wrist,1372.22,624.27,0.1014,-0.2260,0.2555,0.034,1.000
42,1.6800,0,17,left_pinky,1303.21,688.24,-0.0905,-0.0456,-0.1351,0.829,1.000
42,1.6800,0,18,right_pinky,1363.22,630.49,0.1056,-0.2242,0.2562,0.037,1.000
42,1.6800,0,19,left_index,1301.83,687.94,-0.1095,-0.0472,-0.1353,0.821,1.000
42,1.6800,0,20,right_index,1360.11,628.42,0.1070,-0.2578,0.2447,0.035,1.000
42,1.6800,0,21,left_thumb,1303.47,682.43,-0.0780,-0.0371,-0.1410,0.724,1.000
42,1.6800,0,22,right_thumb,1362.61,626.71,0.0923,-0.2395,0.2443,0.041,1.000
42,1.6800,0,23,left_hip,1329.11,687.52,-0.0444,0.0019,-0.0637,1.000,1.000
42,1.6800,0,24,right_hip,1358.18,682.79,0.0478,-0.0046,0.0632,1.000,1.000
42,1.6800,0,25,left_knee,1319.92,767.60,-0.1107,0.3505,0.0108,0.896,1.000
42,1.6800,0,26,right_knee,1363.06,765.40,0.0571,0.2924,0.2016,0.425,1.000
42,1.6800,0,27,left_ankle,1303.76,872.46,-0.1113,0.6955,0.0573,0.979,1.000
42,1.6800,0,28,right_ankle,1365.27,866.24,0.0547,0.6931,0.3094,0.821,1.000
42,1.6800,0,29,left_heel,1316.63,891.41,-0.1371,0.7239,0.0678,0.945,0.999
42,1.6800,0,30,right_heel,1368.45,887.05,0.0502,0.7253,0.2843,0.913,1.000
42,1.6800,0,31,left_foot_index,1255.90,885.02,-0.2657,0.7071,0.0597,0.958,1.000
42,1.6800,0,32,right_foot_index,1326.57,872.43,-0.0135,0.7154,0.3091,0.798,1.000
43,1.7200,1,0,nose,821.33,520.25,-0.1533,-0.6321,-0.1816,1.000,1.000
43,1.7200,1,1,left_eye_inner,813.94,520.22,-0.1735,-0.6366,-0.1689,1.000,1.000
43,1.7200,1,2,left_eye,812.89,521.15,-0.1754,-0.6377,-0.1606,1.000,1.000
43,1.7200,1,3,left_eye_outer,811.96,522.02,-0.1767,-0.6369,-0.1619,1.000,1.000
43,1.7200,1,4,right_eye_inner,813.74,521.66,-0.1820,-0.6372,-0.2066,1.000,1.000
43,1.7200,1,5,right_eye,812.83,523.51,-0.1796,-0.6391,-0.2188,1.000,1.000
43,1.7200,1,6,right_eye_outer,811.88,525.25,-0.1723,-0.6301,-0.1968,1.000,1.000
43,1.7200,1,7,left_ear,807.92,530.59,-0.2039,-0.6024,-0.0829,1.000,1.000
43,1.7200,1,8,right_ear,807.47,535.91,-0.2279,-0.5120,-0.1835,1.000,1.000
43,1.7200,1,9,mouth_left,823.19,527.44,-0.1437,-0.6212,-0.1350,1.000,1.000
43,1.7200,1,10,mouth_right,822.76,529.53,-0.1415,-0.5769,-0.1979,1.000,1.000
43,1.7200,1,11,left_shoulder,825.45,540.08,-0.1085,-0.5639,0.0350,1.000,1.000
43,1.7200,1,12,right_shoulder,801.82,583.55,-0.2646,-0.4648,-0.1200,1.000,1.000
43,1.7200,1,13,left_elbow,830.47,488.00,-0.0821,-0.7831,0.0641,0.856,1.000
43,1.7200,1,14,right_elbow,786.46,626.21,-0.2644,-0.3285,-0.3406,0.978,0.998
43,1.7200,1,15,left_wrist,827.82,431.53,-0.0967,-0.9633,0.0504,0.978,1.000
43,1.7200,1,16,right_wrist,777.71,570.29,-0.3393,-0.4278,-0.5472,0.984,1.000
43,1.7200,1,17,left_pinky,828.09,416.75,-0.1147,-1.0059,0.0468,0.973,1.000
43,1.7200,1,18,right_pinky,773.58,561.46,-0.3474,-0.4794,-0.6377,0.982,1.000
43,1.7200,1,19,left_index,824.86,415.21,-0.1474,-1.0153,0.0353,0.975,1.000
43,1.7200,1,20,right_index,776.86,557.39,-0.3389,-0.5440,-0.6272,0.982,1.000
43,1.7200,1,21,left_thumb,823.80,421.56,-0.0956,-0.9595,0.0403,0.971,1.000
43,1.7200,1,22,right_thumb,779.57,559.87,-0.3420,-0.4588,-0.5537,0.961,1.000
43,1.7200,1,23,left_hip,871.25,674.40,0.0459,-0.0199,0.1020,1.000,1.000
43,1.7200,1,24,right_hip,853.29,684.77,-0.0467,0.0144,-0.0970,1.000,1.000
43,1.7200,1,25,left_knee,918.19,740.57,0.1965,0.2451,0.1196,0.938,1.000
43,1.7200,1,26,right_knee,903.15,761.86,0.0842,0.2691,-0.1418,0.988,1.000
43,1.7200,1,27,left_ankle,873.79,817.99,0.0831,0.6135,0.2328,0.970,1.000
43,1.7200,1,28,right_ankle,846.38,839.30,-0.1015,0.6455,-0.0365,0.983,0.999
43,1.7200,1,29,left_heel,864.07,834.97,0.0511,0.6598,0.2572,0.959,1.000
43,1.7200,1,30,right_heel,827.17,854.13,-0.1186,0.6792,-0.0571,0.897,0.999
43,1.7200,1,31,left_foot_index,906.05,835.05,0.0908,0.6695,0.2584,0.973,1.000
43,1.7200,1,32,right_foot_index,876.40,863.28,-0.0460,0.6733,-0.1042,0.976,0.999
43,1.7200,0,0,nose,1332.28,496.19,-0.0117,-0.6513,-0.0178,0.999,1.000
43,1.7200,0,1,left_eye_inner,1337.39,486.74,0.0076,-0.6587,-0.0591,0.999,1.000
43,1.7200,0,2,left_eye,1338.32,486.40,0.0090,-0.6596,-0.0472,0.999,1.000
43,1.7200,0,3,left_eye_outer,1339.09,486.08,0.0103,-0.6603,-0.0498,0.999,1.000
43,1.7200,0,4,right_eye_inner,1339.26,487.55,0.0330,-0.6636,-0.0418,0.999,1.000
43,1.7200,0,5,right_eye,1341.68,487.89,0.0332,-0.6628,-0.0549,0.999,1.000
43,1.7200,0,6,right_eye_outer,1344.04,488.12,0.0334,-0.6458,-0.0332,0.999,1.000
43,1.7200,0,7,left_ear,1351.05,490.08,0.0713,-0.6025,-0.1535,0.999,1.000
43,1.7200,0,8,right_ear,1357.07,491.72,0.1129,-0.5524,-0.0148,0.998,1.000
43,1.7200,0,9,mouth_left,1334.86,505.19,0.0204,-0.6173,-0.0376,0.998,1.000
43,1.7200,0,10,mouth_right,1337.61,505.30,0.0240,-0.5867,-0.0223,0.996,1.000
43,1.7200,0,11,left_shoulder,1349.66,537.95,0.0557,-0.4495,-0.1642,1.000,1.000
43,1.7200,0,12,right_shoulder,1396.54,549.18,0.2718,-0.4724,0.1214,1.000,1.000
43,1.7200,0,13,left_elbow,1334.99,611.98,0.0535,-0.2519,-0.2385,0.994,1.000
43,1.7200,0,14,right_elbow,1419.83,593.36,0.2848,-0.2534,0.1895,0.233,1.000
43,1.7200,0,15,left_wrist,1306.22,672.83,-0.0492,-0.0699,-0.1359,0.935,1.000
43,1.7200,0,16,right_wrist,1374.96,622.49,0.1417,-0.2232,0.2742,0.054,1.000
43,1.7200,0,17,left_pinky,1300.45,687.43,-0.0632,-0.0603,-0.1245,0.894,1.000
43,1.7200,0,18,right_pinky,1367.12,629.09,0.1456,-0.2235,0.2774,0.059,1.000
43,1.7200,0,19,left_index,1299.24,685.15,-0.0851,-0.0601,-0.1256,0.890,1.000
43,1.7200,0,20,right_index,1361.96,626.82,0.1481,-0.2481,0.2674,0.053,1.000
43,1.7200,0,21,left_thumb,1299.96,680.98,-0.0589,-0.0483,-0.1306,0.813,1.000
43,1.7200,0,22,right_thumb,1364.35,625.02,0.1318,-0.2359,0.2645,0.062,1.000
43,1.7200,0,23,left_hip,1322.75,682.54,-0.0498,-0.0050,-0.0599,1.000,1.000
43,1.7200,0,24,right_hip,1353.81,682.77,0.0532,0.0030,0.0600,1.000,1.000
43,1.7200,0,25,left_knee,1318.76,774.14,-0.0950,0.3446,0.0229,0.922,1.000
43,1.7200,0,26,right_knee,1363.82,769.57,0.0704,0.3220,0.2091,0.588,1.000
43,1.7200,0,27,left_ankle,1307.67,870.91,-0.1037,0.6793,0.0883,0.987,1.000
43,1.7200,0,28,right_ankle,1365.53,862.69,0.0445,0.6794,0.3467,0.910,1.000
43,1.7200,0,29,left_heel,1319.74,888.05,-0.1285,0.7038,0.1003,0.967,1.000
43,1.7200,0,30,right_heel,1366.06,884.10,0.0377,0.7070,0.3266,0.960,1.000
43,1.7200,0,31,left_foot_index,1258.41,882.93,-0.2573,0.6883,0.0906,0.972,1.000
43,1.7200,0,32,right_foot_index,1325.60,868.03,-0.0232,0.7004,0.3536,0.876,1.000
44,1.7600,1,0,nose,819.27,513.90,-0.1812,-0.6442,-0.1441,1.000,1.000
44,1.7600,1,1,left_eye_inner,811.72,513.69,-0.2044,-0.6438,-0.1327,1.000,1.000
44,1.7600,1,2,left_eye,811.02,514.31,-0.2065,-0.6449,-0.1245,1.000,1.000
44,1.7600,1,3,left_eye_outer,810.54,515.10,-0.2071,-0.6446,-0.1256,1.000,1.000
44,1.7600,1,4,right_eye_inner,811.80,514.92,-0.2097,-0.6462,-0.1724,1.000,1.000
44,1.7600,1,5,right_eye,811.25,516.49,-0.2067,-0.6477,-0.1844,1.000,1.000
44,1.7600,1,6,right_eye_outer,810.71,518.08,-0.1995,-0.6394,-0.1627,1.000,1.000
44,1.7600,1,7,left_ear,807.66,525.65,-0.2330,-0.5959,-0.0553,1.000,1.000
44,1.7600,1,8,right_ear,807.05,529.73,-0.2390,-0.5123,-0.1618,1.000,1.000
44,1.7600,1,9,mouth_left,823.60,520.52,-0.1695,-0.6304,-0.1000,1.000,1.000
44,1.7600,1,10,mouth_right,823.19,521.95,-0.1617,-0.5874,-0.1653,1.000,1.000
44,1.7600,1,11,left_shoulder,827.81,541.74,-0.1310,-0.5513,0.0648,1.000,1.000
44,1.7600,1,12,right_shoulder,813.14,570.55,-0.2610,-0.4720,-0.1060,1.000,1.000
44,1.7600,1,13,left_elbow,830.79,488.21,-0.1161,-0.7545,0.1231,0.860,1.000
44,1.7600,1,14,right_elbow,797.71,606.92,-0.2500,-0.3419,-0.3248,0.961,0.999
44,1.7600,1,15,left_wrist,823.25,436.92,-0.1290,-0.9416,0.1470,0.983,1.000
44,1.7600,1,16,right_wrist,771.73,557.85,-0.3700,-0.4413,-0.5210,0.944,1.000
44,1.7600,1,17,left_pinky,825.64,424.29,-0.1471,-0.9857,0.1554,0.979,1.000
44,1.7600,1,18,right_pinky,763.21,548.36,-0.3919,-0.4921,-0.6058,0.942,1.000
44,1.7600,1,19,left_index,822.80,422.98,-0.1709,-1.0012,0.1367,0.981,1.000
44,1.7600,1,20,right_index,761.54,547.12,-0.3913,-0.5540,-0.5950,0.941,0.999
44,1.7600,1,21,left_thumb,820.47,427.79,-0.1241,-0.9428,0.1359,0.979,1.000
44,1.7600,1,22,right_thumb,766.02,550.11,-0.3791,-0.4708,-0.5268,0.888,1.000
44,1.7600,1,23,left_hip,871.82,667.52,0.0365,-0.0127,0.1092,1.000,1.000
44,1.7600,1,24,right_hip,862.05,672.96,-0.0378,0.0069,-0.1042,1.000,1.000
44,1.7600,1,25,left_knee,912.52,739.02,0.1665,0.2538,0.1243,0.755,1.000
44,1.7600,1,26,right_knee,904.80,754.16,0.0987,0.2694,-0.1566,0.988,1.000
44,1.7600,1,27,left_ankle,877.31,822.28,0.0963,0.6519,0.1854,0.923,1.000
44,1.7600,1,28,right_ankle,848.32,836.96,-0.0967,0.6548,-0.1233,0.989,1.000
44,1.7600,1,29,left_heel,870.41,841.08,0.0686,0.7019,0.2036,0.925,1.000
44,1.7600,1,30,right_heel,829.64,852.73,-0.1170,0.6886,-0.1508,0.935,1.000
44,1.7600,1,31,left_foot_index,908.84,836.69,0.1078,0.6975,0.1961,0.955,1.000
44,1.7600,1,32,right_foot_index,877.99,862.13,-0.0438,0.6863,-0.1982,0.986,0.999
44,1.7600,0,0,nose,1334.98,490.66,-0.0903,-0.6814,-0.0902,1.000,1.000
44,1.7600,0,1,left_eye_inner,1339.92,481.92,-0.0608,-0.6913,-0.1256,1.000,1.000
44,1.7600,0,2,left_eye,1341.46,482.24,-0.0594,-0.6895,-0.1133,1.000,1.000
44,1.7600,0,3,left_eye_outer,1342.88,482.54,-0.0594,-0.6919,-0.1157,1.000,1.000
44,1.7600,0,4,right_eye_inner,1339.72,481.69,-0.0437,-0.7054,-0.1080,1.000,1.000
44,1.7600,0,5,right_eye,1341.09,481.94,-0.0435,-0.7046,-0.1210,1.000,1.000
44,1.7600,0,6,right_eye_outer,1342.64,482.13,-0.0368,-0.6895,-0.0995,1.000,1.000
44,1.7600,0,7,left_ear,1353.46,486.58,0.0295,-0.6286,-0.2018,1.000,1.000
44,1.7600,0,8,right_ear,1354.40,486.01,0.0640,-0.6006,-0.0569,1.000,1.000
44,1.7600,0,9,mouth_left,1338.10,500.74,-0.0496,-0.6493,-0.0979,1.000,1.000
44,1.7600,0,10,mouth_right,1338.60,500.84,-0.0409,-0.6207,-0.0851,0.999,1.000
44,1.7600,0,11,left_shoulder,1350.88,536.42,0.0100,-0.4598,-0.2085,1.000,1.000
44,1.7600,0,12,right_shoulder,1392.22,538.99,0.1917,-0.5406,0.1305,0.999,1.000
44,1.7600,0,13,left_elbow,1338.62,612.11,0.0172,-0.2593,-0.2675,0.995,1.000
44,1.7600,0,14,right_elbow,1423.63,589.86,0.2643,-0.2934,0.1916,0.129,1.000
44,1.7600,0,15,left_wrist,1312.54,669.06,-0.0783,-0.0726,-0.1469,0.925,1.000
44,1.7600,0,16,right_wrist,1382.24,620.20,0.1136,-0.2252,0.2339,0.019,1.000
44,1.7600,0,17,left_pinky,1302.32,687.00,-0.1028,-0.0580,-0.1358,0.872,1.000
44,1.7600,0,18,right_pinky,1375.03,627.97,0.1179,-0.2265,0.2304,0.025,1.000
44,1.7600,0,19,left_index,1301.90,685.81,-0.1216,-0.0545,-0.1319,0.861,1.000
44,1.7600,0,20,right_index,1370.94,625.04,0.1033,-0.2652,0.2183,0.024,1.000
44,1.7600,0,21,left_thumb,1305.40,680.65,-0.0820,-0.0514,-0.1379,0.773,1.000
44,1.7600,0,22,right_thumb,1373.12,621.78,0.0991,-0.2396,0.2216,0.027,1.000
44,1.7600,0,23,left_hip,1335.76,683.46,-0.0415,0.0080,-0.0681,1.000,1.000
44,1.7600,0,24,right_hip,1360.76,683.04,0.0448,-0.0114,0.0674,1.000,1.000
44,1.7600,0,25,left_knee,1319.17,765.56,-0.1070,0.3570,-0.0271,0.974,1.000
44,1.7600,0,26,right_knee,1365.66,759.26,0.0638,0.2831,0.1849,0.489,1.000
44,1.7600,0,27,left_ankle,1309.73,870.11,-0.1551,0.7014,0.0042,0.992,1.000
44,1.7600,0,28,right_ankle,1367.76,860.94,0.0385,0.6810,0.2912,0.837,1.000
44,1.7600,0,29,left_heel,1320.56,890.79,-0.1872,0.7345,0.0134,0.980,0.999
44,1.7600,0,30,right_heel,1371.32,881.23,0.0290,0.7140,0.2635,0.912,1.000
44,1.7600,0,31,left_foot_index,1258.90,881.01,-0.3139,0.7080,-0.0006,0.983,0.999
44,1.7600,0,32,right_foot_index,1332.02,868.76,-0.0442,0.6884,0.2799,0.834,1.000
45,1.8000,1,0,nose,812.02,506.54,-0.2227,-0.6299,-0.1463,1.000,1.000
45,1.8000,1,1,left_eye_inner,804.91,506.38,-0.2500,-0.6273,-0.1383,1.000,1.000
45,1.8000,1,2,left_eye,804.26,507.20,-0.2528,-0.6295,-0.1286,0.999,1.000
45,1.8000,1,3,left_eye_outer,803.49,508.03,-0.2530,-0.6289,-0.1302,1.000,1.000
45,1.8000,1,4,right_eye_inner,804.92,506.65,-0.2562,-0.6323,-0.1777,1.000,1.000
45,1.8000,1,5,right_eye,804.43,507.66,-0.2529,-0.6332,-0.1894,1.000,1.000
45,1.8000,1,6,right_eye_outer,803.80,508.65,-0.2470,-0.6250,-0.1675,1.000,1.000
45,1.8000,1,7,left_ear,798.97,516.46,-0.2812,-0.5777,-0.0589,1.000,1.000
45,1.8000,1,8,right_ear,799.31,518.40,-0.2867,-0.4971,-0.1705,0.999,1.000
45,1.8000,1,9,mouth_left,816.01,512.92,-0.2108,-0.6166,-0.1020,1.000,1.000
45,1.8000,1,10,mouth_right,815.58,513.26,-0.2030,-0.5732,-0.1675,1.000,1.000
45,1.8000,1,11,left_shoulder,825.96,536.06,-0.1735,-0.5275,0.0652,1.000,1.000
45,1.8000,1,12,right_shoulder,812.97,558.63,-0.2952,-0.4792,-0.1101,1.000,1.000
45,1.8000,1,13,left_elbow,828.08,495.68,-0.1476,-0.7229,0.1964,0.396,1.000
45,1.8000,1,14,right_elbow,800.89,567.94,-0.2911,-0.3828,-0.3714,0.890,0.999
45,1.8000,1,15,left_wrist,820.32,454.17,-0.1754,-0.8776,0.3292,0.803,1.000
45,1.8000,1,16,right_wrist,767.92,530.27,-0.4281,-0.4739,-0.6005,0.855,0.999
45,1.8000,1,17,left_pinky,817.62,442.25,-0.1999,-0.9156,0.3563,0.782,1.000
45,1.8000,1,18,right_pinky,758.60,526.22,-0.4582,-0.5255,-0.6877,0.855,0.999
45,1.8000,1,19,left_index,816.09,441.86,-0.2260,-0.9263,0.3384,0.806,1.000
45,1.8000,1,20,right_index,755.82,523.69,-0.4536,-0.5746,-0.6707,0.849,0.999
45,1.8000,1,21,left_thumb,816.21,445.55,-0.1701,-0.8770,0.3223,0.802,1.000
45,1.8000,1,22,right_thumb,758.39,524.30,-0.4385,-0.4989,-0.6054,0.731,0.999
45,1.8000,1,23,left_hip,877.80,656.42,0.0332,-0.0070,0.1086,1.000,1.000
45,1.8000,1,24,right_hip,868.28,658.83,-0.0353,0.0012,-0.1022,1.000,1.000
45,1.8000,1,25,left_knee,912.38,729.59,0.1624,0.2865,0.1285,0.260,1.000
45,1.8000,1,26,right_knee,899.42,740.83,0.0697,0.2821,-0.1557,0.948,1.000
45,1.8000,1,27,left_ankle,877.15,819.65,0.0840,0.6832,0.1871,0.647,1.000
45,1.8000,1,28,right_ankle,851.64,833.30,-0.1074,0.6935,-0.1555,0.976,1.000
45,1.8000,1,29,left_heel,870.08,836.72,0.0534,0.7346,0.2035,0.762,1.000
45,1.8000,1,30,right_heel,834.40,846.70,-0.1269,0.7298,-0.1874,0.896,1.000
45,1.8000,1,31,left_foot_index,912.26,835.83,0.0994,0.7451,0.1857,0.795,1.000
45,1.8000,1,32,right_foot_index,877.57,863.89,-0.0707,0.7518,-0.2526,0.971,0.999
45,1.8000,0,0,nose,1335.76,490.82,-0.0942,-0.6641,-0.0590,1.000,1.000
45,1.8000,0,1,left_eye_inner,1339.94,483.15,-0.0679,-0.6721,-0.0953,1.000,1.000
45,1.8000,0,2,left_eye,1341.25,482.86,-0.0664,-0.6709,-0.0829,1.000,1.000
45,1.8000,0,3,left_eye_outer,1342.74,482.60,-0.0661,-0.6730,-0.0861,1.000,1.000
45,1.8000,0,4,right_eye_inner,1340.26,483.17,-0.0480,-0.6838,-0.0766,1.000,1.000
45,1.8000,0,5,right_eye,1341.86,482.96,-0.0473,-0.6828,-0.0902,1.000,1.000
45,1.8000,0,6,right_eye_outer,1343.84,482.72,-0.0423,-0.6674,-0.0684,1.000,1.000
45,1.8000,0,7,left_ear,1354.71,486.41,0.0171,-0.6075,-0.1819,1.000,1.000
45,1.8000,0,8,right_ear,1356.43,486.16,0.0569,-0.5736,-0.0329,0.999,1.000
45,1.8000,0,9,mouth_left,1339.41,501.05,-0.0546,-0.6321,-0.0724,0.999,1.000
45,1.8000,0,10,mouth_right,1340.41,501.75,-0.0470,-0.6020,-0.0579,0.998,1.000
45,1.8000,0,11,left_shoulder,1352.16,533.43,-0.0002,-0.4418,-0.1959,1.000,1.000
45,1.8000,0,12,right_shoulder,1395.89,542.32,0.2032,-0.5135,0.1260,0.999,1.000
45,1.8000,0,13,left_elbow,1341.14,610.44,0.0005,-0.2391,-0.2648,0.996,1.000
45,1.8000,0,14,right_elbow,1424.40,588.97,0.2559,-0.2650,0.1754,0.175,1.000
45,1.8000,0,15,left_wrist,1312.29,669.42,-0.0985,-0.0442,-0.1528,0.927,1.000
45,1.8000,0,16,right_wrist,1379.86,622.12,0.0954,-0.1905,0.2260,0.010,1.000
45,1.8000,0,17,left_pinky,1304.31,686.85,-0.1198,-0.0297,-0.1430,0.873,1.000
45,1.8000,0,18,right_pinky,1370.98,631.81,0.0963,-0.1859,0.2272,0.012,1.000
45,1.8000,0,19,left_index,1300.66,685.82,-0.1391,-0.0284,-0.1403,0.864,1.000
45,1.8000,0,20,right_index,1366.80,628.95,0.0885,-0.2217,0.2170,0.011,1.000
45,1.8000,0,21,left_thumb,1303.33,680.63,-0.1035,-0.0233,-0.1454,0.773,1.000
45,1.8000,0,22,right_thumb,1369.25,625.57,0.0828,-0.2031,0.2147,0.014,1.000
45,1.8000,0,23,left_hip,1337.47,677.29,-0.0442,0.0048,-0.0625,1.000,1.000
45,1.8000,0,24,right_hip,1364.11,676.56,0.0477,-0.0075,0.0621,1.000,1.000
45,1.8000,0,25,left_knee,1320.14,763.28,-0.1253,0.3485,-0.0295,0.946,1.000
45,1.8000,0,26,right_knee,1364.53,758.36,0.0396,0.3002,0.1604,0.491,1.000
45,1.8000,0,27,left_ankle,1310.65,868.68,-0.1605,0.7039,-0.0114,0.986,0.999
45,1.8000,0,28,right_ankle,1369.62,860.98,0.0367,0.6980,0.2598,0.803,1.000
45,1.8000,0,29,left_heel,1321.67,889.74,-0.1898,0.7360,-0.0036,0.967,0.998
45,1.8000,0,30,right_heel,1371.22,881.84,0.0309,0.7306,0.2319,0.906,1.000
45,1.8000,0,31,left_foot_index,1260.36,880.47,-0.3145,0.7149,-0.0192,0.966,0.999
45,1.8000,0,32,right_foot_index,1332.91,867.07,-0.0373,0.7115,0.2510,0.758,1.000
46,1.8400,1,0,nose,800.33,490.62,-0.2739,-0.6401,-0.1134,1.000,1.000
46,1.8400,1,1,left_eye_inner,791.09,491.64,-0.3000,-0.6277,-0.1025,1.000,1.000
46,1.8400,1,2,left_eye,790.15,492.25,-0.3021,-0.6320,-0.0885,1.000,1.000
46,1.8400,1,3,left_eye_outer,789.16,492.79,-0.3012,-0.6291,-0.0911,1.000,1.000
46,1.8400,1,4,right_eye_inner,791.10,493.56,-0.3060,-0.6410,-0.1385,1.000,1.000
46,1.8400,1,5,right_eye,790.20,495.53,-0.3017,-0.6372,-0.1520,1.000,1.000
46,1.8400,1,6,right_eye_outer,789.08,497.48,-0.2971,-0.6319,-0.1312,1.000,1.000
46,1.8400,1,7,left_ear,787.15,505.13,-0.3079,-0.5625,-0.0207,1.000,1.000
46,1.8400,1,8,right_ear,787.64,509.47,-0.3208,-0.4942,-0.1267,1.000,1.000
46,1.8400,1,9,mouth_left,805.12,497.73,-0.2518,-0.6211,-0.0670,1.000,1.000
46,1.8400,1,10,mouth_right,804.52,499.63,-0.2451,-0.5803,-0.1300,1.000,1.000
46,1.8400,1,11,left_shoulder,819.26,536.45,-0.2003,-0.4679,0.1175,1.000,1.000
46,1.8400,1,12,right_shoulder,814.40,544.49,-0.3034,-0.4676,-0.0729,1.000,1.000
46,1.8400,1,13,left_elbow,825.59,525.20,-0.1745,-0.5401,0.3297,0.092,1.000
46,1.8400,1,14,right_elbow,821.12,542.95,-0.2464,-0.3833,-0.3022,0.972,1.000
46,1.8400,1,15,left_wrist,822.12,500.73,-0.1696,-0.6661,0.5902,0.515,1.000
46,1.8400,1,16,right_wrist,811.57,515.08,-0.3076,-0.5221,-0.4705,0.951,1.000
46,1.8400,1,17,left_pinky,817.45,491.72,-0.2014,-0.7087,0.6501,0.595,1.000
46,1.8400,1,18,right_pinky,805.00,499.60,-0.3097,-0.5869,-0.5364,0.945,1.000
46,1.8400,1,19,left_index,817.64,489.18,-0.2133,-0.7215,0.6352,0.635,1.000
46,1.8400,1,20,right_index,803.38,498.66,-0.3113,-0.6505,-0.5076,0.946,1.000
46,1.8400,1,21,left_thumb,820.05,491.94,-0.1562,-0.6689,0.5932,0.610,1.000
46,1.8400,1,22,right_thumb,805.86,502.15,-0.3159,-0.5579,-0.4716,0.915,1.000
46,1.8400,1,23,left_hip,875.96,641.06,0.0307,-0.0085,0.1113,1.000,1.000
46,1.8400,1,24,right_hip,871.00,641.13,-0.0348,0.0020,-0.1052,1.000,1.000
46,1.8400,1,25,left_knee,908.35,717.76,0.1771,0.3294,0.0638,0.673,1.000
46,1.8400,1,26,right_knee,894.11,726.24,0.0678,0.3224,-0.2046,0.996,1.000
46,1.8400,1,27,left_ankle,883.93,810.15,0.1191,0.7129,0.1016,0.950,1.000
46,1.8400,1,28,right_ankle,857.97,824.30,-0.0985,0.7349,-0.2349,0.999,1.000
46,1.8400,1,29,left_heel,872.14,825.13,0.0883,0.7659,0.1163,0.960,1.000
46,1.8400,1,30,right_heel,839.22,836.49,-0.1174,0.7723,-0.2672,0.992,1.000
46,1.8400,1,31,left_foot_index,916.02,836.35,0.1611,0.8148,0.0922,0.986,1.000
46,1.8400,1,32,right_foot_index,878.67,864.53,-0.0571,0.8277,-0.3128,0.999,1.000
46,1.8400,0,0,nose,1336.42,490.47,-0.0850,-0.6780,-0.0845,1.000,1.000
46,1.8400,0,1,left_eye_inner,1341.91,482.23,-0.0548,-0.6869,-0.1195,1.000,1.000
46,1.8400,0,2,left_eye,1343.60,482.43,-0.0533,-0.6852,-0.1073,1.000,1.000
46,1.8400,0,3,left_eye_outer,1345.16,482.63,-0.0534,-0.6875,-0.1099,1.000,1.000
46,1.8400,0,4,right_eye_inner,1342.05,482.17,-0.0377,-0.7001,-0.1000,1.000,1.000
46,1.8400,0,5,right_eye,1343.78,482.39,-0.0373,-0.6993,-0.1132,1.000,1.000
46,1.8400,0,6,right_eye_outer,1345.73,482.60,-0.0311,-0.6839,-0.0917,1.000,1.000
46,1.8400,0,7,left_ear,1356.83,486.46,0.0398,-0.6224,-0.1986,1.000,1.000
46,1.8400,0,8,right_ear,1358.15,485.94,0.0718,-0.5929,-0.0443,0.999,1.000
46,1.8400,0,9,mouth_left,1341.27,501.94,-0.0423,-0.6449,-0.0935,0.999,1.000
46,1.8400,0,10,mouth_right,1341.88,501.92,-0.0355,-0.6162,-0.0777,0.998,1.000
46,1.8400,0,11,left_shoulder,1353.12,537.44,0.0229,-0.4561,-0.2078,1.000,1.000
46,1.8400,0,12,right_shoulder,1395.66,541.72,0.2073,-0.5320,0.1370,0.999,1.000
46,1.8400,0,13,left_elbow,1344.16,614.37,0.0407,-0.2568,-0.2812,0.995,1.000
46,1.8400,0,14,right_elbow,1425.08,592.00,0.2712,-0.2837,0.1972,0.128,1.000
46,1.8400,0,15,left_wrist,1315.75,666.53,-0.0693,-0.0736,-0.1690,0.916,1.000
46,1.8400,0,16,right_wrist,1381.33,627.55,0.1133,-0.2050,0.2394,0.016,1.000
46,1.8400,0,17,left_pinky,1304.84,685.09,-0.0956,-0.0604,-0.1591,0.859,1.000
46,1.8400,0,18,right_pinky,1372.88,635.84,0.1159,-0.2020,0.2368,0.020,1.000
46,1.8400,0,19,left_index,1303.44,683.83,-0.1173,-0.0599,-0.1543,0.848,1.000
46,1.8400,0,20,right_index,1369.99,633.96,0.1039,-0.2398,0.2243,0.019,1.000
46,1.8400,0,21,left_thumb,1308.27,677.47,-0.0752,-0.0536,-0.1597,0.752,1.000
46,1.8400,0,22,right_thumb,1371.75,631.79,0.0992,-0.2182,0.2269,0.023,1.000
46,1.8400,0,23,left_hip,1333.73,683.94,-0.0427,0.0056,-0.0699,1.000,1.000
46,1.8400,0,24,right_hip,1361.64,683.42,0.0462,-0.0089,0.0693,1.000,1.000
46,1.8400,0,25,left_knee,1316.41,763.48,-0.1157,0.3415,-0.0228,0.950,1.000
46,1.8400,0,26,right_knee,1364.57,762.06,0.0506,0.2882,0.1893,0.391,1.000
46,1.8400,0,27,left_ankle,1310.35,868.85,-0.1639,0.6944,0.0131,0.989,1.000
46,1.8400,0,28,right_ankle,1368.77,862.73,0.0407,0.6800,0.2913,0.784,1.000
46,1.8400,0,29,left_heel,1324.17,890.01,-0.1949,0.7277,0.0234,0.974,0.999
46,1.8400,0,30,right_heel,1372.26,882.94,0.0341,0.7123,0.2634,0.893,1.000
46,1.8400,0,31,left_foot_index,1260.49,880.94,-0.3172,0.7148,0.0150,0.975,0.999
46,1.8400,0,32,right_foot_index,1329.58,869.18,-0.0352,0.7008,0.2833,0.775,1.000
47,1.8800,1,0,nose,806.95,499.11,-0.2516,-0.5465,-0.0139,1.000,1.000
47,1.8800,1,1,left_eye_inner,798.47,497.70,-0.2813,-0.5399,-0.0021,1.000,1.000
47,1.8800,1,2,left_eye,797.91,497.91,-0.2836,-0.5432,0.0057,1.000,1.000
47,1.8800,1,3,left_eye_outer,797.32,498.02,-0.2825,-0.5425,0.0058,1.000,1.000
47,1.8800,1,4,right_eye_inner,798.45,498.75,-0.2757,-0.5469,-0.0439,1.000,1.000
47,1.8800,1,5,right_eye,797.97,499.68,-0.2720,-0.5459,-0.0531,1.000,1.000
47,1.8800,1,6,right_eye_outer,797.40,500.42,-0.2628,-0.5373,-0.0326,1.000,1.000
47,1.8800,1,7,left_ear,795.30,504.67,-0.3022,-0.4870,0.0639,1.000,1.000
47,1.8800,1,8,right_ear,795.20,508.55,-0.2868,-0.4058,-0.0460,1.000,1.000
47,1.8800,1,9,mouth_left,811.89,504.45,-0.2370,-0.5295,0.0249,1.000,1.000
47,1.8800,1,10,mouth_right,811.85,504.95,-0.2234,-0.4896,-0.0363,1.000,1.000
47,1.8800,1,11,left_shoulder,815.37,545.34,-0.2245,-0.3990,0.1979,1.000,1.000
47,1.8800,1,12,right_shoulder,816.63,533.60,-0.2333,-0.4530,-0.0076,1.000,1.000
47,1.8800,1,13,left_elbow,817.37,501.98,-0.2204,-0.5914,0.2367,0.067,1.000
47,1.8800,1,14,right_elbow,841.48,470.14,-0.1758,-0.6279,-0.0322,0.994,1.000
47,1.8800,1,15,left_wrist,789.88,491.31,-0.3445,-0.6650,0.3293,0.114,1.000
47,1.8800,1,16,right_wrist,779.25,473.01,-0.4008,-0.6710,0.1080,0.944,1.000
47,1.8800,1,17,left_pinky,778.14,487.60,-0.3797,-0.7012,0.3505,0.141,1.000
47,1.8800,1,18,right_pinky,768.94,477.64,-0.4414,-0.7116,0.0750,0.914,1.000
47,1.8800,1,19,left_index,779.88,493.98,-0.4023,-0.6613,0.3573,0.145,1.000
47,1.8800,1,20,right_index,768.43,483.75,-0.4379,-0.6871,0.0768,0.901,1.000
47,1.8800,1,21,left_thumb,782.86,495.53,-0.3461,-0.6415,0.3283,0.149,1.000
47,1.8800,1,22,right_thumb,773.49,482.79,-0.4251,-0.6608,0.1066,0.876,1.000
47,1.8800,1,23,left_hip,872.20,629.91,0.0245,0.0105,0.1112,1.000,1.000
47,1.8800,1,24,right_hip,868.79,623.45,-0.0279,-0.0186,-0.1069,1.000,1.000
47,1.8800,1,25,left_knee,905.31,711.18,0.2142,0.3556,0.0390,0.744,1.000
47,1.8800,1,26,right_knee,897.26,705.29,0.0603,0.2806,-0.2167,0.999,1.000
47,1.8800,1,27,left_ankle,891.06,797.67,0.1295,0.7051,0.1120,0.931,1.000
47,1.8800,1,28,right_ankle,861.43,803.50,-0.0858,0.6934,-0.2140,0.999,1.000
47,1.8800,1,29,left_heel,878.29,810.89,0.0973,0.7548,0.1270,0.970,1.000
47,1.8800,1,30,right_heel,845.71,809.86,-0.1121,0.7358,-0.2421,0.995,1.000
47,1.8800,1,31,left_foot_index,916.74,834.49,0.1579,0.8564,0.1476,0.960,1.000
47,1.8800,1,32,right_foot_index,872.00,851.26,-0.0835,0.8233,-0.2815,0.998,1.000
47,1.8800,0,0,nose,1336.79,491.50,-0.0534,-0.6794,-0.0635,0.999,1.000
47,1.8800,0,1,left_eye_inner,1341.18,482.81,-0.0336,-0.6845,-0.1016,0.999,1.000
47,1.8800,0,2,left_eye,1342.30,482.62,-0.0319,-0.6844,-0.0893,0.999,1.000
47,1.8800,0,3,left_eye_outer,1343.34,482.51,-0.0316,-0.6857,-0.0921,1.000,1.000
47,1.8800,0,4,right_eye_inner,1341.76,482.79,-0.0086,-0.6918,-0.0867,0.999,1.000
47,1.8800,0,5,right_eye,1343.27,482.69,-0.0083,-0.6911,-0.0999,0.999,1.000
47,1.8800,0,6,right_eye_outer,1344.98,482.55,-0.0053,-0.6737,-0.0783,0.999,1.000
47,1.8800,0,7,left_ear,1353.84,486.02,0.0281,-0.6150,-0.1954,1.000,1.000
47,1.8800,0,8,right_ear,1357.10,485.39,0.0730,-0.5731,-0.0610,0.999,1.000
47,1.8800,0,9,mouth_left,1339.92,500.21,-0.0215,-0.6425,-0.0789,0.998,1.000
47,1.8800,0,10,mouth_right,1341.31,500.84,-0.0149,-0.6124,-0.0670,0.997,1.000
47,1.8800,0,11,left_shoulder,1349.41,534.33,0.0163,-0.4497,-0.1955,1.000,1.000
47,1.8800,0,12,right_shoulder,1397.73,543.73,0.2260,-0.5039,0.0875,0.999,1.000
47,1.8800,0,13,left_elbow,1337.85,610.47,0.0233,-0.2456,-0.2790,0.984,1.000
47,1.8800,0,14,right_elbow,1422.59,591.72,0.2793,-0.2788,0.1960,0.145,1.000
47,1.8800,0,15,left_wrist,1306.49,671.16,-0.0800,-0.0657,-0.1898,0.691,1.000
47,1.8800,0,16,right_wrist,1377.92,624.37,0.1241,-0.2280,0.3448,0.008,1.000
47,1.8800,0,17,left_pinky,1298.61,687.59,-0.0981,-0.0578,-0.1830,0.586,1.000
47,1.8800,0,18,right_pinky,1369.78,634.18,0.1272,-0.2248,0.3616,0.009,1.000
47,1.8800,0,19,left_index,1296.68,685.82,-0.1212,-0.0608,-0.1814,0.572,1.000
47,1.8800,0,20,right_index,1366.14,631.39,0.1231,-0.2553,0.3496,0.008,1.000
47,1.8800,0,21,left_thumb,1298.49,680.70,-0.0894,-0.0471,-0.1844,0.417,1.000
47,1.8800,0,22,right_thumb,1368.04,628.01,0.1105,-0.2406,0.3353,0.010,1.000
47,1.8800,0,23,left_hip,1330.07,688.12,-0.0446,0.0028,-0.0586,1.000,1.000
47,1.8800,0,24,right_hip,1359.93,684.06,0.0483,-0.0056,0.0572,1.000,1.000
47,1.8800,0,25,left_knee,1317.61,767.68,-0.1167,0.3353,0.0191,0.739,1.000
47,1.8800,0,26,right_knee,1367.01,761.77,0.0645,0.2865,0.2224,0.225,1.000
47,1.8800,0,27,left_ankle,1310.62,870.46,-0.0988,0.6674,0.0663,0.951,1.000
47,1.8800,0,28,right_ankle,1372.80,860.78,0.0686,0.6638,0.3575,0.655,1.000
47,1.8800,0,29,left_heel,1324.65,887.83,-0.1202,0.6947,0.0758,0.897,0.999
47,1.8800,0,30,right_heel,1373.65,881.65,0.0634,0.6936,0.3371,0.851,1.000
47,1.8800,0,31,left_foot_index,1264.19,880.99,-0.2426,0.6717,0.0672,0.898,1.000
47,1.8800,0,32,right_foot_index,1338.23,877.88,0.0049,0.6774,0.3672,0.570,1.000
48,1.9200,1,0,nose,793.87,496.41,-0.2486,-0.5191,0.1872,1.000,1.000
48,1.9200,1,1,left_eye_inner,786.20,496.52,-0.2745,-0.4960,0.1909,1.000,1.000
48,1.9200,1,2,left_eye,784.92,497.90,-0.2765,-0.4994,0.1973,1.000,1.000
48,1.9200,1,3,left_eye_outer,783.70,499.33,-0.2753,-0.5010,0.1963,1.000,1.000
48,1.9200,1,4,right_eye_inner,788.66,494.13,-0.2562,-0.5254,0.1555,1.000,1.000
48,1.9200,1,5,right_eye,789.08,493.72,-0.2534,-0.5250,0.1472,1.000,1.000
48,1.9200,1,6,right_eye_outer,789.56,493.16,-0.2415,-0.5169,0.1642,1.000,1.000
48,1.9200,1,7,left_ear,783.39,506.47,-0.2918,-0.4142,0.1853,1.000,1.000
48,1.9200,1,8,right_ear,791.83,496.50,-0.2235,-0.4138,0.1005,1.000,1.000
48,1.9200,1,9,mouth_left,797.49,502.57,-0.2290,-0.4960,0.2036,1.000,1.000
48,1.9200,1,10,mouth_right,799.70,499.69,-0.2038,-0.4753,0.1479,1.000,1.000
48,1.9200,1,11,left_shoulder,795.27,552.78,-0.2121,-0.2709,0.2908,1.000,1.000
48,1.9200,1,12,right_shoulder,830.19,507.22,-0.1597,-0.5144,0.0762,1.000,1.000
48,1.9200,1,13,left_elbow,836.37,572.92,-0.0815,-0.2164,0.3373,0.016,1.000
48,1.9200,1,14,right_elbow,847.36,456.31,-0.0764,-0.6382,0.1055,0.968,1.000
48,1.9200,1,15,left_wrist,873.17,586.11,0.0714,-0.2102,0.5415,0.067,1.000
48,1.9200,1,16,right_wrist,818.10,433.33,-0.1880,-0.7285,0.2613,0.968,1.000
48,1.9200,1,17,left_pinky,878.19,583.46,0.0777,-0.2473,0.5970,0.094,1.000
48,1.9200,1,18,right_pinky,807.77,424.69,-0.2206,-0.8238,0.2268,0.962,1.000
48,1.9200,1,19,left_index,883.73,581.16,0.0864,-0.2400,0.5800,0.094,1.000
48,1.9200,1,20,right_index,806.46,429.75,-0.2345,-0.8267,0.2533,0.954,1.000
48,1.9200,1,21,left_thumb,882.34,580.58,0.0956,-0.2010,0.5413,0.088,1.000
48,1.9200,1,22,right_thumb,808.88,433.73,-0.2188,-0.7359,0.2675,0.924,1.000
48,1.9200,1,23,left_hip,855.07,628.57,-0.0098,0.0319,0.1127,1.000,1.000
48,1.9200,1,24,right_hip,875.30,615.61,0.0066,-0.0419,-0.1107,1.000,1.000
48,1.9200,1,25,left_knee,903.92,703.40,0.1693,0.3079,0.0878,0.936,1.000
48,1.9200,1,26,right_knee,907.96,699.15,0.1232,0.2709,-0.2451,1.000,1.000
48,1.9200,1,27,left_ankle,895.50,791.54,0.1487,0.6272,0.0498,0.987,1.000
48,1.9200,1,28,right_ankle,853.81,780.28,-0.0390,0.5584,-0.2351,0.999,1.000
48,1.9200,1,29,left_heel,886.92,805.83,0.1251,0.6795,0.0605,0.996,1.000
48,1.9200,1,30,right_heel,833.78,779.50,-0.0688,0.5878,-0.2666,0.998,1.000
48,1.9200,1,31,left_foot_index,922.50,826.51,0.1828,0.7536,0.0982,0.992,1.000
48,1.9200,1,32,right_foot_index,854.68,824.15,-0.0701,0.6640,-0.2749,0.999,1.000
48,1.9200,0,0,nose,1335.99,495.18,0.0054,-0.6442,-0.0353,0.999,1.000
48,1.9200,0,1,left_eye_inner,1340.80,485.98,0.0230,-0.6525,-0.0746,0.999,1.000
48,1.9200,0,2,left_eye,1341.89,485.76,0.0245,-0.6532,-0.0622,0.999,1.000
48,1.9200,0,3,left_eye_outer,1342.77,485.60,0.0255,-0.6537,-0.0648,1.000,1.000
48,1.9200,0,4,right_eye_inner,1342.73,486.38,0.0456,-0.6569,-0.0574,0.999,1.000
48,1.9200,0,5,right_eye,1345.28,486.49,0.0459,-0.6561,-0.0709,0.999,1.000
48,1.9200,0,6,right_eye_outer,1347.70,486.48,0.0456,-0.6391,-0.0491,1.000,1.000
48,1.9200,0,7,left_ear,1355.36,489.00,0.0847,-0.5981,-0.1633,1.000,1.000
48,1.9200,0,8,right_ear,1361.21,489.41,0.1170,-0.5484,-0.0288,0.999,1.000
48,1.9200,0,9,mouth_left,1339.09,504.21,0.0386,-0.6101,-0.0544,0.999,1.000
48,1.9200,0,10,mouth_right,1341.31,504.51,0.0393,-0.5793,-0.0403,0.998,1.000
48,1.9200,0,11,left_shoulder,1355.30,535.36,0.0722,-0.4371,-0.1768,1.000,1.000
48,1.9200,0,12,right_shoulder,1401.78,551.02,0.2747,-0.4661,0.1088,1.000,1.000
48,1.9200,0,13,left_elbow,1339.75,609.81,0.0760,-0.2320,-0.2526,0.995,1.000
48,1.9200,0,14,right_elbow,1420.79,601.11,0.2884,-0.2405,0.1612,0.265,1.000
48,1.9200,0,15,left_wrist,1311.87,668.84,-0.0345,-0.0644,-0.1607,0.929,1.000
48,1.9200,0,16,right_wrist,1374.56,623.16,0.1353,-0.2053,0.2174,0.049,1.000
48,1.9200,0,17,left_pinky,1304.06,686.08,-0.0514,-0.0575,-0.1529,0.880,1.000
48,1.9200,0,18,right_pinky,1365.35,632.83,0.1339,-0.2029,0.2184,0.052,1.000
48,1.9200,0,19,left_index,1300.71,684.19,-0.0751,-0.0656,-0.1540,0.876,1.000
48,1.9200,0,20,right_index,1359.71,629.73,0.1356,-0.2282,0.2057,0.047,1.000
48,1.9200,0,21,left_thumb,1302.88,678.70,-0.0457,-0.0473,-0.1560,0.790,1.000
48,1.9200,0,22,right_thumb,1362.13,627.86,0.1246,-0.2163,0.2063,0.055,1.000
48,1.9200,0,23,left_hip,1323.91,682.82,-0.0491,-0.0056,-0.0618,1.000,1.000
48,1.9200,0,24,right_hip,1356.83,683.56,0.0523,0.0040,0.0621,1.000,1.000
48,1.9200,0,25,left_knee,1313.72,770.90,-0.1075,0.3422,-0.0151,0.949,1.000
48,1.9200,0,26,right_knee,1363.96,765.20,0.0676,0.3141,0.2273,0.493,1.000
48,1.9200,0,27,left_ankle,1311.54,870.94,-0.1068,0.6748,0.0350,0.988,1.000
48,1.9200,0,28,right_ankle,1370.48,862.53,0.0424,0.6627,0.3707,0.876,1.000
48,1.9200,0,29,left_heel,1322.82,887.31,-0.1280,0.6993,0.0465,0.971,1.000
48,1.9200,0,30,right_heel,1372.11,884.66,0.0368,0.6900,0.3500,0.950,1.000
48,1.9200,0,31,left_foot_index,1262.33,886.20,-0.2475,0.6815,0.0340,0.975,1.000
48,1.9200,0,32,right_foot_index,1329.74,867.33,-0.0165,0.6829,0.3773,0.835,1.000
49,1.9600,1,0,nose,788.36,508.88,-0.2503,-0.5060,0.2532,1.000,1.000
49,1.9600,1,1,left_eye_inner,780.95,509.14,-0.2769,-0.4839,0.2490,1.000,1.000
49,1.9600,1,2,left_eye,780.01,510.63,-0.2802,-0.4868,0.2559,1.000,1.000
49,1.9600,1,3,left_eye_outer,779.43,512.41,-0.2773,-0.4880,0.2558,1.000,1.000
49,1.9600,1,4,right_eye_inner,783.54,505.73,-0.2554,-0.5200,0.2231,1.000,1.000
49,1.9600,1,5,right_eye,784.43,504.72,-0.2523,-0.5191,0.2171,1.000,1.000
49,1.9600,1,6,right_eye_outer,785.31,503.60,-0.2420,-0.5108,0.2324,1.000,1.000
49,1.9600,1,7,left_ear,781.01,519.88,-0.2952,-0.4081,0.2196,1.000,1.000
49,1.9600,1,8,right_ear,788.51,505.14,-0.2136,-0.4205,0.1647,1.000,1.000
49,1.9600,1,9,mouth_left,792.78,514.94,-0.2318,-0.4834,0.2621,1.000,1.000
49,1.9600,1,10,mouth_right,794.84,510.81,-0.2038,-0.4652,0.2164,1.000,1.000
49,1.9600,1,11,left_shoulder,786.29,559.56,-0.2427,-0.2620,0.3276,1.000,1.000
49,1.9600,1,12,right_shoulder,825.29,505.69,-0.1595,-0.5252,0.1099,1.000,1.000
49,1.9600,1,13,left_elbow,816.51,572.46,-0.1658,-0.2715,0.4477,0.005,1.000
49,1.9600,1,14,right_elbow,850.05,460.76,-0.0446,-0.6779,0.1006,0.982,1.000
49,1.9600,1,15,left_wrist,837.57,555.12,-0.0493,-0.3822,0.7515,0.019,1.000
49,1.9600,1,16,right_wrist,846.22,414.25,-0.0372,-0.8410,0.2259,0.958,1.000
49,1.9600,1,17,left_pinky,839.78,547.63,-0.0646,-0.4320,0.8153,0.037,1.000
49,1.9600,1,18,right_pinky,848.71,401.87,-0.0381,-0.9574,0.1865,0.954,1.000
49,1.9600,1,19,left_index,844.35,543.60,-0.0618,-0.4355,0.8090,0.037,1.000
49,1.9600,1,20,right_index,843.37,401.52,-0.0509,-0.9699,0.2200,0.946,1.000
49,1.9600,1,21,left_thumb,844.50,544.20,-0.0268,-0.3823,0.7602,0.032,1.000
49,1.9600,1,22,right_thumb,841.83,406.76,-0.0613,-0.8555,0.2376,0.909,1.000
49,1.9600,1,23,left_hip,845.60,636.33,-0.0216,0.0376,0.1017,1.000,1.000
49,1.9600,1,24,right_hip,871.79,619.93,0.0167,-0.0484,-0.0999,1.000,1.000
49,1.9600,1,25,left_knee,890.07,706.46,0.1289,0.3138,0.1114,0.969,1.000
49,1.9600,1,26,right_knee,919.95,690.20,0.1954,0.2232,-0.2168,0.999,1.000
49,1.9600,1,27,left_ankle,898.37,787.51,0.1937,0.5716,-0.0232,0.991,1.000
49,1.9600,1,28,right_ankle,856.44,752.91,-0.0074,0.4739,-0.1958,0.996,1.000
49,1.9600,1,29,left_heel,893.43,803.18,0.1819,0.6199,-0.0246,0.998,1.000
49,1.9600,1,30,right_heel,842.33,747.24,-0.0384,0.5038,-0.2247,0.996,1.000
49,1.9600,1,31,left_foot_index,928.62,808.98,0.2167,0.6714,0.0161,0.992,1.000
49,1.9600,1,32,right_foot_index,851.38,797.12,-0.0532,0.5465,-0.2060,0.993,1.000
49,1.9600,0,0,nose,1331.02,500.99,0.0427,-0.5872,0.0632,0.999,1.000
49,1.9600,0,1,left_eye_inner,1336.05,492.14,0.0603,-0.5980,0.0262,0.999,1.000
49,1.9600,0,2,left_eye,1337.33,491.82,0.0619,-0.6000,0.0368,0.999,1.000
49,1.9600,0,3,left_eye_outer,1338.48,491.58,0.0645,-0.5994,0.0343,0.999,1.000
49,1.9600,0,4,right_eye_inner,1337.80,492.90,0.0805,-0.5994,0.0432,0.999,1.000
49,1.9600,0,5,right_eye,1340.74,493.14,0.0818,-0.5984,0.0287,0.999,1.000
49,1.9600,0,6,right_eye_outer,1343.76,493.31,0.0785,-0.5831,0.0506,0.999,1.000
49,1.9600,0,7,left_ear,1352.19,495.76,0.1239,-0.5612,-0.0510,0.999,1.000
49,1.9600,0,8,right_ear,1359.21,496.83,0.1430,-0.4961,0.0726,0.998,1.000
49,1.9600,0,9,mouth_left,1333.86,512.17,0.0758,-0.5589,0.0443,0.998,1.000
49,1.9600,0,10,mouth_right,1336.24,512.23,0.0703,-0.5256,0.0573,0.997,1.000
49,1.9600,0,11,left_shoulder,1353.87,541.76,0.1028,-0.4163,-0.0750,1.000,1.000
49,1.9600,0,12,right_shoulder,1402.67,558.61,0.3067,-0.4073,0.1544,1.000,1.000
49,1.9600,0,13,left_elbow,1337.07,614.21,0.0825,-0.1984,-0.1788,0.997,1.000
49,1.9600,0,14,right_elbow,1413.46,609.66,0.2885,-0.1456,0.0871,0.411,1.000
49,1.9600,0,15,left_wrist,1308.68,676.67,-0.0322,-0.0099,-0.1369,0.988,1.000
49,1.9600,0,16,right_wrist,1370.26,630.62,0.1240,-0.1016,0.0109,0.069,1.000
49,1.9600,0,17,left_pinky,1300.59,693.69,-0.0476,0.0025,-0.1299,0.979,1.000
49,1.9600,0,18,right_pinky,1359.16,638.70,0.1128,-0.0956,-0.0051,0.073,1.000
49,1.9600,0,19,left_index,1299.06,690.54,-0.0671,-0.0037,-0.1337,0.979,1.000
49,1.9600,0,20,right_index,1354.29,636.00,0.1164,-0.1171,-0.0097,0.064,1.000
49,1.9600,0,21,left_thumb,1300.62,685.53,-0.0431,0.0092,-0.1329,0.957,1.000
49,1.9600,0,22,right_thumb,1357.10,634.38,0.1122,-0.1112,0.0021,0.068,1.000
49,1.9600,0,23,left_hip,1317.92,681.42,-0.0511,-0.0085,-0.0428,1.000,1.000
49,1.9600,0,24,right_hip,1351.42,681.20,0.0536,0.0078,0.0448,1.000,1.000
49,1.9600,0,25,left_knee,1316.17,779.46,-0.0750,0.3498,0.0000,0.976,1.000
49,1.9600,0,26,right_knee,1363.29,772.67,0.0773,0.3294,0.1740,0.800,1.000
49,1.9600,0,27,left_ankle,1308.85,877.34,-0.0828,0.6665,0.0512,0.996,1.000
49,1.9600,0,28,right_ankle,1367.63,865.75,0.0600,0.6443,0.3433,0.953,1.000
49,1.9600,0,29,left_heel,1320.79,893.86,-0.1048,0.6865,0.0635,0.991,1.000
49,1.9600,0,30,right_heel,1363.07,889.20,0.0588,0.6698,0.3225,0.979,1.000
49,1.9600,0,31,left_foot_index,1261.75,889.43,-0.2003,0.6590,0.0306,0.992,1.000
49,1.9600,0,32,right_foot_index,1328.02,871.70,0.0308,0.6828,0.3339,0.931,1.000
50,2.0000,1,0,nose,786.97,526.86,-0.2356,-0.4537,0.3452,0.999,1.000
50,2.0000,1,1,left_eye_inner,779.16,527.65,-0.2608,-0.4351,0.3424,1.000,1.000
50,2.0000,1,2,left_eye,778.11,529.35,-0.2626,-0.4371,0.3500,0.999,1.000
50,2.0000,1,3,left_eye_outer,777.11,531.05,-0.2605,-0.4406,0.3458,1.000,1.000
50,2.0000,1,4,right_eye_inner,782.42,522.61,-0.2375,-0.4708,0.3209,1.000,1.000
50,2.0000,1,5,right_eye,783.19,521.06,-0.2342,-0.4694,0.3123,1.000,1.000
50,2.0000,1,6,right_eye_outer,784.08,519.47,-0.2227,-0.4634,0.3282,1.000,1.000
50,2.0000,1,7,left_ear,777.55,534.70,-0.2892,-0.3694,0.2971,1.000,1.000
50,2.0000,1,8,right_ear,787.32,519.32,-0.1994,-0.3977,0.2616,1.000,1.000
50,2.0000,1,9,mouth_left,790.04,532.45,-0.2260,-0.4340,0.3463,0.997,1.000
50,2.0000,1,10,mouth_right,793.10,527.45,-0.1947,-0.4206,0.3040,0.997,1.000
50,2.0000,1,11,left_shoulder,784.91,572.71,-0.2405,-0.2092,0.3663,1.000,1.000
50,2.0000,1,12,right_shoulder,820.57,515.88,-0.1370,-0.5196,0.1734,1.000,1.000
50,2.0000,1,13,left_elbow,820.36,607.02,-0.1230,-0.0962,0.4178,0.001,0.999
50,2.0000,1,14,right_elbow,854.36,480.31,0.0390,-0.6105,0.1474,0.876,1.000
50,2.0000,1,15,left_wrist,849.70,615.76,0.0401,-0.1097,0.5985,0.002,1.000
50,2.0000,1,16,right_wrist,866.16,438.06,0.1185,-0.7634,0.2347,0.759,1.000
50,2.0000,1,17,left_pinky,855.29,614.34,0.0419,-0.1339,0.6357,0.006,1.000
50,2.0000,1,18,right_pinky,871.77,422.94,0.1320,-0.8675,0.1973,0.761,1.000
50,2.0000,1,19,left_index,860.40,607.67,0.0528,-0.1372,0.6423,0.005,1.000
50,2.0000,1,20,right_index,867.57,422.75,0.1176,-0.8841,0.2222,0.731,1.000
50,2.0000,1,21,left_thumb,859.08,605.46,0.0641,-0.1076,0.6085,0.005,1.000
50,2.0000,1,22,right_thumb,865.06,427.39,0.0947,-0.7761,0.2438,0.594,1.000
50,2.0000,1,23,left_hip,838.48,641.77,-0.0328,0.0618,0.0976,1.000,1.000
50,2.0000,1,24,right_hip,862.95,620.53,0.0279,-0.0725,-0.0941,1.000,1.000
50,2.0000,1,25,left_knee,880.61,701.84,0.1487,0.3099,0.1292,0.868,1.000
50,2.0000,1,26,right_knee,933.47,674.42,0.2479,0.0903,-0.1598,0.989,1.000
50,2.0000,1,27,left_ankle,892.62,778.86,0.1936,0.5798,0.0280,0.915,1.000
50,2.0000,1,28,right_ankle,869.95,728.87,0.0799,0.3542,-0.1310,0.964,1.000
50,2.0000,1,29,left_heel,888.47,796.29,0.1835,0.6245,0.0347,0.986,1.000
50,2.0000,1,30,right_heel,856.02,728.21,0.0532,0.3826,-0.1618,0.981,1.000
50,2.0000,1,31,left_foot_index,911.44,795.07,0.2015,0.6654,0.0782,0.916,0.999
50,2.0000,1,32,right_foot_index,868.60,765.50,0.0451,0.4010,-0.1352,0.926,1.000
50,2.0000,0,0,nose,1327.63,503.55,-0.1478,-0.6499,-0.0443,1.000,1.000
50,2.0000,0,1,left_eye_inner,1334.11,493.95,-0.1208,-0.6654,-0.0794,1.000,1.000
50,2.0000,0,2,left_eye,1335.50,494.06,-0.1198,-0.6640,-0.0680,1.000,1.000
50,2.0000,0,3,left_eye_outer,1336.79,494.24,-0.1194,-0.6663,-0.0703,1.000,1.000
50,2.0000,0,4,right_eye_inner,1334.54,493.89,-0.1058,-0.6833,-0.0634,1.000,1.000
50,2.0000,0,5,right_eye,1336.20,494.15,-0.1056,-0.6822,-0.0762,1.000,1.000
50,2.0000,0,6,right_eye_outer,1337.85,494.39,-0.0965,-0.6691,-0.0557,1.000,1.000
50,2.0000,0,7,left_ear,1348.19,497.81,-0.0339,-0.6225,-0.1572,1.000,1.000
50,2.0000,0,8,right_ear,1349.72,498.27,0.0170,-0.6038,-0.0184,1.000,1.000
50,2.0000,0,9,mouth_left,1330.98,513.09,-0.1069,-0.6268,-0.0518,1.000,1.000
50,2.0000,0,10,mouth_right,1331.88,512.76,-0.0898,-0.6009,-0.0415,0.999,1.000
50,2.0000,0,11,left_shoulder,1341.76,548.88,-0.0433,-0.4670,-0.1892,1.000,1.000
50,2.0000,0,12,right_shoulder,1385.57,548.15,0.1085,-0.5582,0.1757,0.999,1.000
50,2.0000,0,13,left_elbow,1332.51,622.64,-0.0271,-0.2907,-0.2861,0.999,1.000
50,2.0000,0,14,right_elbow,1416.87,600.34,0.1899,-0.3136,0.2112,0.178,1.000
50,2.0000,0,15,left_wrist,1306.07,677.71,-0.1209,-0.0902,-0.2154,0.991,1.000
50,2.0000,0,16,right_wrist,1376.06,635.19,0.0467,-0.2133,0.1990,0.022,1.000
50,2.0000,0,17,left_pinky,1296.71,696.90,-0.1466,-0.0719,-0.2142,0.981,1.000
50,2.0000,0,18,right_pinky,1365.94,645.86,0.0508,-0.2187,0.1879,0.027,1.000
50,2.0000,0,19,left_index,1295.67,695.14,-0.1676,-0.0626,-0.2035,0.978,1.000
50,2.0000,0,20,right_index,1362.23,643.04,0.0288,-0.2587,0.1757,0.026,1.000
50,2.0000,0,21,left_thumb,1298.64,689.23,-0.1221,-0.0685,-0.2035,0.954,1.000
50,2.0000,0,22,right_thumb,1364.60,639.72,0.0296,-0.2263,0.1860,0.029,1.000
50,2.0000,0,23,left_hip,1337.79,691.12,-0.0401,0.0127,-0.0734,1.000,1.000
50,2.0000,0,24,right_hip,1369.86,689.20,0.0427,-0.0167,0.0736,1.000,1.000
50,2.0000,0,25,left_knee,1314.28,778.50,-0.1180,0.3578,-0.0455,0.994,1.000
50,2.0000,0,26,right_knee,1362.43,770.36,0.0503,0.2730,0.1589,0.822,1.000
50,2.0000,0,27,left_ankle,1313.74,884.32,-0.1485,0.7086,-0.0158,0.998,1.000
50,2.0000,0,28,right_ankle,1368.14,871.77,0.0476,0.6706,0.2446,0.961,1.000
50,2.0000,0,29,left_heel,1329.93,905.83,-0.1758,0.7486,-0.0054,0.995,1.000
50,2.0000,0,30,right_heel,1376.34,893.09,0.0386,0.7040,0.2147,0.978,1.000
50,2.0000,0,31,left_foot_index,1264.02,896.99,-0.2982,0.7336,-0.0305,0.996,1.000
50,2.0000,0,32,right_foot_index,1337.86,881.94,-0.0449,0.6791,0.2149,0.954,1.000
51,2.0400,1,0,nose,784.84,532.17,-0.2207,-0.4510,0.2994,1.000,1.000
51,2.0400,1,1,left_eye_inner,777.97,531.28,-0.2547,-0.4348,0.2993,1.000,1.000
51,2.0400,1,2,left_eye,776.67,532.98,-0.2558,-0.4403,0.3109,1.000,1.000
51,2.0400,1,3,left_eye_outer,775.20,534.80,-0.2548,-0.4399,0.3035,1.000,1.000
51,2.0400,1,4,right_eye_inner,781.39,526.19,-0.2256,-0.4734,0.2697,1.000,1.000
51,2.0400,1,5,right_eye,782.39,524.48,-0.2265,-0.4654,0.2651,1.000,1.000
51,2.0400,1,6,right_eye_outer,783.40,522.77,-0.2109,-0.4635,0.2821,1.000,1.000
51,2.0400,1,7,left_ear,775.15,539.62,-0.2860,-0.3720,0.2645,1.000,1.000
51,2.0400,1,8,right_ear,786.46,522.95,-0.2003,-0.3967,0.2122,1.000,1.000
51,2.0400,1,9,mouth_left,786.76,538.87,-0.2155,-0.4275,0.3044,1.000,1.000
51,2.0400,1,10,mouth_right,790.73,533.08,-0.1890,-0.4164,0.2581,1.000,1.000
51,2.0400,1,11,left_shoulder,780.26,576.57,-0.2299,-0.2304,0.3440,1.000,1.000
51,2.0400,1,12,right_shoulder,818.38,526.37,-0.1383,-0.4987,0.1464,1.000,1.000
51,2.0400,1,13,left_elbow,816.32,592.81,-0.0980,-0.2384,0.4464,0.024,1.000
51,2.0400,1,14,right_elbow,867.45,490.44,0.0917,-0.5209,0.1358,0.848,1.000
51,2.0400,1,15,left_wrist,842.78,563.67,0.0172,-0.3424,0.7142,0.021,1.000
51,2.0400,1,16,right_wrist,858.22,519.82,0.0789,-0.4542,0.2894,0.181,1.000
51,2.0400,1,17,left_pinky,846.26,558.59,0.0141,-0.3932,0.7592,0.031,1.000
51,2.0400,1,18,right_pinky,854.52,520.02,0.0697,-0.4904,0.2811,0.164,1.000
51,2.0400,1,19,left_index,847.68,556.22,0.0111,-0.3879,0.7643,0.033,1.000
51,2.0400,1,20,right_index,850.64,530.69,0.0605,-0.4704,0.2931,0.154,1.000
51,2.0400,1,21,left_thumb,846.74,557.09,0.0344,-0.3474,0.7183,0.036,1.000
51,2.0400,1,22,right_thumb,850.99,534.37,0.0559,-0.4374,0.2948,0.137,1.000
51,2.0400,1,23,left_hip,831.28,644.03,-0.0369,0.0716,0.1097,1.000,1.000
51,2.0400,1,24,right_hip,852.75,621.05,0.0354,-0.0780,-0.1070,1.000,1.000
51,2.0400,1,25,left_knee,866.69,700.43,0.0944,0.3027,0.1556,0.528,1.000
51,2.0400,1,26,right_knee,942.18,646.67,0.3474,-0.0082,-0.0737,0.988,1.000
51,2.0400,1,27,left_ankle,879.02,781.06,0.1593,0.5873,0.0992,0.593,1.000
51,2.0400,1,28,right_ankle,899.64,710.21,0.1944,0.2721,-0.0948,0.957,1.000
51,2.0400,1,29,left_heel,876.77,795.02,0.1498,0.6325,0.1036,0.910,1.000
51,2.0400,1,30,right_heel,881.69,714.46,0.1713,0.3013,-0.1292,0.971,1.000
51,2.0400,1,31,left_foot_index,886.76,795.46,0.1601,0.6867,0.1640,0.682,0.999
51,2.0400,1,32,right_foot_index,906.73,738.31,0.1829,0.3372,-0.0797,0.920,1.000
51,2.0400,0,0,nose,1326.01,505.24,-0.1837,-0.6352,-0.0412,1.000,1.000
51,2.0400,0,1,left_eye_inner,1333.19,495.55,-0.1538,-0.6508,-0.0764,1.000,1.000
51,2.0400,0,2,left_eye,1334.39,495.44,-0.1532,-0.6492,-0.0654,1.000,1.000
51,2.0400,0,3,left_eye_outer,1335.44,495.42,-0.1527,-0.6517,-0.0674,1.000,1.000
51,2.0400,0,4,right_eye_inner,1333.78,495.14,-0.1399,-0.6718,-0.0604,1.000,1.000
51,2.0400,0,5,right_eye,1335.20,494.89,-0.1394,-0.6702,-0.0731,1.000,1.000
51,2.0400,0,6,right_eye_outer,1336.49,494.69,-0.1295,-0.6581,-0.0524,1.000,1.000
51,2.0400,0,7,left_ear,1346.92,499.47,-0.0649,-0.6079,-0.1554,1.000,1.000
51,2.0400,0,8,right_ear,1348.21,499.30,-0.0097,-0.5987,-0.0169,1.000,1.000
51,2.0400,0,9,mouth_left,1329.39,513.89,-0.1444,-0.6126,-0.0498,1.000,1.000
51,2.0400,0,10,mouth_right,1330.39,513.47,-0.1239,-0.5892,-0.0401,1.000,1.000
51,2.0400,0,11,left_shoulder,1338.14,548.79,-0.0799,-0.4523,-0.1850,1.000,1.000
51,2.0400,0,12,right_shoulder,1384.08,548.87,0.0751,-0.5512,0.1677,1.000,1.000
51,2.0400,0,13,left_elbow,1331.70,622.58,-0.0723,-0.2724,-0.2611,1.000,1.000
51,2.0400,0,14,right_elbow,1416.60,602.35,0.1651,-0.2977,0.1949,0.373,1.000
51,2.0400,0,15,left_wrist,1310.61,678.02,-0.1479,-0.0857,-0.1742,0.995,1.000
51,2.0400,0,16,right_wrist,1375.80,637.15,0.0139,-0.1992,0.1815,0.050,1.000
51,2.0400,0,17,left_pinky,1301.82,695.54,-0.1699,-0.0693,-0.1708,0.989,1.000
51,2.0400,0,18,right_pinky,1366.23,647.56,0.0134,-0.2070,0.1709,0.057,1.000
51,2.0400,0,19,left_index,1299.05,694.32,-0.1851,-0.0600,-0.1622,0.988,1.000
51,2.0400,0,20,right_index,1362.63,643.84,-0.0076,-0.2489,0.1602,0.055,1.000
51,2.0400,0,21,left_thumb,1302.34,688.54,-0.1451,-0.0660,-0.1631,0.975,1.000
51,2.0400,0,22,right_thumb,1364.43,642.07,-0.0038,-0.2126,0.1695,0.060,1.000
51,2.0400,0,23,left_hip,1343.30,684.51,-0.0377,0.0148,-0.0682,1.000,1.000
51,2.0400,0,24,right_hip,1374.34,686.25,0.0400,-0.0189,0.0685,1.000,1.000
51,2.0400,0,25,left_knee,1321.88,778.36,-0.1095,0.3654,-0.0846,0.998,1.000
51,2.0400,0,26,right_knee,1362.27,771.53,0.0320,0.2820,0.1426,0.885,1.000
51,2.0400,0,27,left_ankle,1318.16,884.52,-0.1387,0.7094,-0.1047,0.999,1.000
51,2.0400,0,28,right_ankle,1372.47,870.90,0.0323,0.6763,0.2180,0.974,1.000
51,2.0400,0,29,left_heel,1329.22,908.60,-0.1674,0.7504,-0.0994,0.998,1.000
51,2.0400,0,30,right_heel,1377.21,895.89,0.0224,0.7101,0.1860,0.984,1.000
51,2.0400,0,31,left_foot_index,1265.00,897.94,-0.2955,0.7313,-0.1304,0.999,1.000
51,2.0400,0,32,right_foot_index,1338.41,876.03,-0.0565,0.6833,0.1852,0.971,1.000
52,2.0800,1,0,nose,786.42,550.47,-0.2419,-0.4193,0.3622,0.998,1.000
52,2.0800,1,1,left_eye_inner,780.96,549.58,-0.2664,-0.4122,0.3458,0.998,1.000
52,2.0800,1,2,left_eye,779.93,551.02,-0.2652,-0.4152,0.3574,0.998,1.000
52,2.0800,1,3,left_eye_outer,778.77,552.55,-0.2643,-0.4183,0.3457,0.998,1.000
52,2.0800,1,4,right_eye_inner,784.70,544.09,-0.2425,-0.4484,0.3280,0.999,1.000
52,2.0800,1,5,right_eye,786.12,542.25,-0.2416,-0.4435,0.3179,0.999,1.000
52,2.0800,1,6,right_eye_outer,787.41,540.37,-0.2285,-0.4427,0.3372,0.999,1.000
52,2.0800,1,7,left_ear,779.46,556.83,-0.2897,-0.3650,0.2777,0.998,1.000
52,2.0800,1,8,right_ear,791.63,538.85,-0.1815,-0.4118,0.2736,0.998,1.000
52,2.0800,1,9,mouth_left,788.83,555.55,-0.2428,-0.4004,0.3501,0.991,1.000
52,2.0800,1,10,mouth_right,793.18,550.01,-0.2065,-0.3941,0.3170,0.992,1.000
52,2.0800,1,11,left_shoulder,780.56,584.15,-0.2581,-0.2133,0.2954,1.000,1.000
52,2.0800,1,12,right_shoulder,823.95,540.17,-0.0862,-0.4991,0.1928,1.000,1.000
52,2.0800,1,13,left_elbow,808.26,623.48,-0.1605,-0.0648,0.2791,0.020,1.000
52,2.0800,1,14,right_elbow,876.79,538.84,0.1548,-0.4156,0.0644,0.663,1.000
52,2.0800,1,15,left_wrist,835.89,643.88,-0.0092,0.0148,0.3559,0.010,1.000
52,2.0800,1,16,right_wrist,894.06,573.58,0.2657,-0.2998,0.0507,0.301,1.000
52,2.0800,1,17,left_pinky,837.25,651.72,0.0042,0.0264,0.3738,0.018,1.000
52,2.0800,1,18,right_pinky,899.03,580.85,0.3004,-0.3024,0.0252,0.253,1.000
52,2.0800,1,19,left_index,847.14,648.66,0.0159,0.0271,0.3837,0.018,1.000
52,2.0800,1,20,right_index,895.37,587.23,0.3002,-0.2992,0.0337,0.220,1.000
52,2.0800,1,21,left_thumb,846.00,643.61,0.0135,0.0170,0.3611,0.018,1.000
52,2.0800,1,22,right_thumb,891.49,582.84,0.2593,-0.2864,0.0527,0.157,1.000
52,2.0800,1,23,left_hip,827.77,647.98,-0.0753,0.0845,0.0694,1.000,1.000
52,2.0800,1,24,right_hip,852.59,625.87,0.0745,-0.0887,-0.0662,1.000,1.000
52,2.0800,1,25,left_knee,859.40,707.73,0.0556,0.3776,0.1401,0.933,1.000
52,2.0800,1,26,right_knee,935.90,627.84,0.3856,-0.0217,-0.0458,0.978,1.000
52,2.0800,1,27,left_ankle,860.74,786.74,0.0875,0.6764,0.0716,0.947,1.000
52,2.0800,1,28,right_ankle,941.90,706.13,0.4709,0.3107,-0.0701,0.969,1.000
52,2.0800,1,29,left_heel,860.71,799.77,0.0775,0.7248,0.0778,0.986,1.000
52,2.0800,1,30,right_heel,930.95,722.30,0.4794,0.3451,-0.1100,0.981,1.000
52,2.0800,1,31,left_foot_index,860.87,802.04,0.0643,0.7455,0.1164,0.846,1.000
52,2.0800,1,32,right_foot_index,965.12,724.48,0.5271,0.3075,-0.0920,0.840,1.000
52,2.0800,0,0,nose,1327.37,502.29,-0.1154,-0.6835,-0.0690,1.000,1.000
52,2.0800,0,1,left_eye_inner,1332.72,492.78,-0.0849,-0.6951,-0.1050,1.000,1.000
52,2.0800,0,2,left_eye,1334.22,492.78,-0.0837,-0.6929,-0.0928,1.000,1.000
52,2.0800,0,3,left_eye_outer,1335.53,492.88,-0.0834,-0.6959,-0.0958,1.000,1.000
52,2.0800,0,4,right_eye_inner,1332.90,492.54,-0.0692,-0.7112,-0.0869,1.000,1.000
52,2.0800,0,5,right_eye,1334.46,492.41,-0.0685,-0.7107,-0.1006,1.000,1.000
52,2.0800,0,6,right_eye_outer,1336.05,492.29,-0.0610,-0.6967,-0.0791,1.000,1.000
52,2.0800,0,7,left_ear,1347.26,496.56,0.0061,-0.6346,-0.1869,1.000,1.000
52,2.0800,0,8,right_ear,1348.85,496.28,0.0530,-0.6104,-0.0383,1.000,1.000
52,2.0800,0,9,mouth_left,1330.77,511.51,-0.0752,-0.6535,-0.0786,1.000,1.000
52,2.0800,0,10,mouth_right,1330.92,511.14,-0.0605,-0.6253,-0.0657,1.000,1.000
52,2.0800,0,11,left_shoulder,1341.75,546.87,-0.0163,-0.4675,-0.2043,1.000,1.000
52,2.0800,0,12,right_shoulder,1386.53,550.02,0.1789,-0.5510,0.1374,1.000,1.000
52,2.0800,0,13,left_elbow,1331.33,623.16,-0.0105,-0.2691,-0.2797,0.998,1.000
52,2.0800,0,14,right_elbow,1416.76,602.21,0.2658,-0.2902,0.1541,0.312,1.000
52,2.0800,0,15,left_wrist,1304.99,682.11,-0.0967,-0.0622,-0.1924,0.965,1.000
52,2.0800,0,16,right_wrist,1372.57,634.63,0.0894,-0.2076,0.1390,0.020,1.000
52,2.0800,0,17,left_pinky,1298.03,701.98,-0.1192,-0.0448,-0.1828,0.934,1.000
52,2.0800,0,18,right_pinky,1365.28,641.41,0.0857,-0.2111,0.1302,0.022,1.000
52,2.0800,0,19,left_index,1297.17,700.01,-0.1323,-0.0377,-0.1769,0.927,1.000
52,2.0800,0,20,right_index,1361.73,638.50,0.0653,-0.2539,0.1207,0.020,1.000
52,2.0800,0,21,left_thumb,1298.56,694.19,-0.0962,-0.0404,-0.1817,0.866,1.000
52,2.0800,0,22,right_thumb,1364.16,636.65,0.0722,-0.2225,0.1271,0.023,1.000
52,2.0800,0,23,left_hip,1332.17,696.69,-0.0472,0.0105,-0.0663,1.000,1.000
52,2.0800,0,24,right_hip,1358.69,696.61,0.0502,-0.0136,0.0665,1.000,1.000
52,2.0800,0,25,left_knee,1322.48,782.74,-0.0854,0.3700,-0.0131,0.987,1.000
52,2.0800,0,26,right_knee,1366.50,770.54,0.0795,0.2667,0.1587,0.681,1.000
52,2.0800,0,27,left_ankle,1316.55,885.05,-0.1266,0.7055,0.0139,0.997,1.000
52,2.0800,0,28,right_ankle,1375.24,870.90,0.0873,0.6618,0.2508,0.918,1.000
52,2.0800,0,29,left_heel,1328.16,904.85,-0.1573,0.7407,0.0242,0.993,0.999
52,2.0800,0,30,right_heel,1380.07,893.10,0.0826,0.6949,0.2207,0.959,1.000
52,2.0800,0,31,left_foot_index,1265.90,898.80,-0.2807,0.7102,0.0042,0.992,1.000
52,2.0800,0,32,right_foot_index,1340.24,875.41,0.0149,0.6706,0.2260,0.911,1.000
53,2.1200,1,0,nose,791.93,566.53,-0.2137,-0.3889,0.3633,1.000,1.000
53,2.1200,1,1,left_eye_inner,787.47,566.83,-0.2456,-0.3805,0.3508,1.000,1.000
53,2.1200,1,2,left_eye,786.31,568.18,-0.2451,-0.3879,0.3660,0.999,1.000
53,2.1200,1,3,left_eye_outer,785.02,569.41,-0.2447,-0.3874,0.3469,1.000,1.000
53,2.1200,1,4,right_eye_inner,792.54,562.00,-0.2151,-0.4200,0.3296,1.000,1.000
53,2.1200,1,5,right_eye,794.85,560.14,-0.2203,-0.4077,0.3224,1.000,1.000
53,2.1200,1,6,right_eye_outer,795.57,557.83,-0.2024,-0.4140,0.3414,1.000,1.000
53,2.1200,1,7,left_ear,784.10,572.76,-0.2819,-0.3355,0.2764,1.000,1.000
53,2.1200,1,8,right_ear,799.00,556.36,-0.1684,-0.3822,0.2795,1.000,1.000
53,2.1200,1,9,mouth_left,793.31,571.21,-0.2248,-0.3683,0.3472,0.998,1.000
53,2.1200,1,10,mouth_right,797.81,566.59,-0.1905,-0.3645,0.3125,0.998,1.000
53,2.1200,1,11,left_shoulder,782.36,597.03,-0.2590,-0.1977,0.3091,1.000,1.000
53,2.1200,1,12,right_shoulder,824.55,553.28,-0.0879,-0.4764,0.2046,1.000,1.000
53,2.1200,1,13,left_elbow,809.56,636.78,-0.1555,-0.0405,0.2857,0.010,1.000
53,2.1200,1,14,right_elbow,871.73,568.24,0.1252,-0.3527,0.0368,0.592,1.000
53,2.1200,1,15,left_wrist,832.47,656.57,0.0061,0.0573,0.3454,0.006,1.000
53,2.1200,1,16,right_wrist,889.75,594.88,0.2412,-0.2418,-0.0018,0.230,1.000
53,2.1200,1,17,left_pinky,840.71,666.93,0.0155,0.0717,0.3445,0.013,1.000
53,2.1200,1,18,right_pinky,893.83,601.45,0.2700,-0.2472,-0.0296,0.183,1.000
53,2.1200,1,19,left_index,844.20,660.57,0.0294,0.0760,0.3670,0.013,1.000
53,2.1200,1,20,right_index,889.79,605.46,0.2810,-0.2587,-0.0149,0.151,1.000
53,2.1200,1,21,left_thumb,843.85,655.68,0.0271,0.0558,0.3441,0.012,1.000
53,2.1200,1,22,right_thumb,887.08,602.32,0.2393,-0.2287,0.0011,0.099,1.000
53,2.1200,1,23,left_hip,824.73,653.35,-0.0709,0.1033,0.0722,1.000,1.000
53,2.1200,1,24,right_hip,849.80,630.20,0.0726,-0.1011,-0.0686,1.000,1.000
53,2.1200,1,25,left_knee,853.91,721.20,0.0657,0.4470,0.0725,0.929,1.000
53,2.1200,1,26,right_knee,933.96,618.56,0.4065,-0.1013,-0.0604,0.975,1.000
53,2.1200,1,27,left_ankle,854.00,803.92,0.0623,0.7513,-0.0106,0.931,1.000
53,2.1200,1,28,right_ankle,976.72,682.77,0.6212,0.1502,-0.0733,0.954,1.000
53,2.1200,1,29,left_heel,853.43,815.27,0.0463,0.8000,-0.0099,0.982,1.000
53,2.1200,1,30,right_heel,971.84,701.47,0.6509,0.1749,-0.1100,0.986,1.000
53,2.1200,1,31,left_foot_index,852.57,817.59,0.0256,0.8310,0.0017,0.810,1.000
53,2.1200,1,32,right_foot_index,1013.00,682.44,0.7197,0.1109,-0.1000,0.776,1.000
53,2.1200,0,0,nose,1329.41,500.18,-0.1028,-0.6717,-0.0715,0.999,1.000
53,2.1200,0,1,left_eye_inner,1333.99,491.71,-0.0772,-0.6788,-0.1076,0.999,1.000
53,2.1200,0,2,left_eye,1335.15,491.54,-0.0753,-0.6780,-0.0952,0.999,1.000
53,2.1200,0,3,left_eye_outer,1336.15,491.44,-0.0755,-0.6799,-0.0983,1.000,1.000
53,2.1200,0,4,right_eye_inner,1334.65,491.52,-0.0561,-0.6926,-0.0921,0.999,1.000
53,2.1200,0,5,right_eye,1336.19,491.21,-0.0555,-0.6918,-0.1054,0.999,1.000
53,2.1200,0,6,right_eye_outer,1337.67,490.88,-0.0493,-0.6766,-0.0838,0.999,1.000
53,2.1200,0,7,left_ear,1346.05,495.00,0.0023,-0.6110,-0.1921,1.000,1.000
53,2.1200,0,8,right_ear,1348.73,494.14,0.0491,-0.5827,-0.0547,0.998,1.000
53,2.1200,0,9,mouth_left,1332.32,509.40,-0.0657,-0.6385,-0.0817,0.998,1.000
53,2.1200,0,10,mouth_right,1332.88,508.89,-0.0547,-0.6101,-0.0712,0.996,1.000
53,2.1200,0,11,left_shoulder,1340.83,545.80,-0.0138,-0.4423,-0.1927,1.000,1.000
53,2.1200,0,12,right_shoulder,1387.75,548.32,0.1848,-0.5319,0.1103,0.999,1.000
53,2.1200,0,13,left_elbow,1334.24,622.39,-0.0144,-0.2414,-0.2512,0.991,1.000
53,2.1200,0,14,right_elbow,1419.49,598.46,0.2509,-0.3018,0.1827,0.214,1.000
53,2.1200,0,15,left_wrist,1308.57,678.36,-0.0998,-0.0683,-0.1367,0.839,1.000
53,2.1200,0,16,right_wrist,1376.86,630.36,0.0944,-0.2252,0.2540,0.013,1.000
53,2.1200,0,17,left_pinky,1301.05,697.29,-0.1207,-0.0611,-0.1263,0.760,1.000
53,2.1200,0,18,right_pinky,1368.17,640.33,0.0982,-0.2242,0.2554,0.014,1.000
53,2.1200,0,19,left_index,1299.87,696.11,-0.1343,-0.0622,-0.1236,0.747,1.000
53,2.1200,0,20,right_index,1364.69,638.03,0.0886,-0.2594,0.2445,0.013,1.000
53,2.1200,0,21,left_thumb,1301.64,690.60,-0.1017,-0.0499,-0.1291,0.620,1.000
53,2.1200,0,22,right_thumb,1366.56,635.05,0.0808,-0.2384,0.2423,0.015,1.000
53,2.1200,0,23,left_hip,1331.54,693.40,-0.0417,0.0083,-0.0568,1.000,1.000
53,2.1200,0,24,right_hip,1361.73,688.53,0.0450,-0.0118,0.0563,1.000,1.000
53,2.1200,0,25,left_knee,1328.84,779.59,-0.0886,0.3590,0.0007,0.928,1.000
53,2.1200,0,26,right_knee,1365.97,770.38,0.0551,0.2826,0.1659,0.498,1.000
53,2.1200,0,27,left_ankle,1317.02,882.54,-0.1381,0.7021,0.0386,0.983,0.999
53,2.1200,0,28,right_ankle,1375.73,873.31,0.0777,0.6760,0.2678,0.833,1.000
53,2.1200,0,29,left_heel,1327.10,903.14,-0.1689,0.7347,0.0492,0.959,0.998
53,2.1200,0,30,right_heel,1379.82,894.42,0.0733,0.7087,0.2411,0.910,1.000
53,2.1200,0,31,left_foot_index,1268.33,896.69,-0.2798,0.7337,0.0456,0.952,0.999
53,2.1200,0,32,right_foot_index,1339.31,880.61,0.0061,0.6990,0.2613,0.754,1.000
54,2.1600,1,0,nose,800.61,582.99,-0.2561,-0.1774,0.2189,0.995,1.000
54,2.1600,1,1,left_eye_inner,796.29,579.37,-0.2658,-0.1619,0.1975,0.997,1.000
54,2.1600,1,2,left_eye,795.78,580.22,-0.2661,-0.1601,0.2072,0.998,1.000
54,2.1600,1,3,left_eye_outer,794.39,583.60,-0.2665,-0.1648,0.2029,0.998,1.000
54,2.1600,1,4,right_eye_inner,800.04,577.56,-0.2639,-0.1941,0.1871,0.999,1.000
54,2.1600,1,5,right_eye,800.19,576.87,-0.2603,-0.1968,0.1735,0.999,1.000
54,2.1600,1,6,right_eye_outer,800.25,575.98,-0.2490,-0.1966,0.1927,0.999,1.000
54,2.1600,1,7,left_ear,797.16,588.32,-0.2589,-0.1138,0.1401,0.999,1.000
54,2.1600,1,8,right_ear,801.44,577.03,-0.1542,-0.1876,0.1407,0.999,1.000
54,2.1600,1,9,mouth_left,802.23,589.28,-0.2466,-0.1653,0.2080,0.999,1.000
54,2.1600,1,10,mouth_right,803.69,587.49,-0.1971,-0.1793,0.1801,0.999,1.000
54,2.1600,1,11,left_shoulder,791.83,624.74,-0.2273,-0.0230,0.1017,1.000,1.000
54,2.1600,1,12,right_shoulder,830.09,583.45,-0.1291,-0.2001,0.1685,1.000,1.000
54,2.1600,1,13,left_elbow,841.77,666.70,-0.1170,0.1039,0.0567,0.372,1.000
54,2.1600,1,14,right_elbow,896.36,608.34,0.1091,-0.1071,0.0530,0.271,0.998
54,2.1600,1,15,left_wrist,867.62,682.23,-0.0156,0.2005,0.1173,0.175,1.000
54,2.1600,1,16,right_wrist,887.99,652.16,0.0913,0.0475,-0.0582,0.112,0.998
54,2.1600,1,17,left_pinky,881.00,695.87,-0.0278,0.2176,0.1348,0.189,1.000
54,2.1600,1,18,right_pinky,891.39,653.23,0.0632,0.0332,-0.1023,0.104,0.999
54,2.1600,1,19,left_index,865.89,685.48,-0.0169,0.2135,0.1393,0.172,1.000
54,2.1600,1,20,right_index,883.38,662.41,0.0258,0.0342,-0.1032,0.096,0.999
54,2.1600,1,21,left_thumb,866.50,683.76,0.0048,0.1974,0.1270,0.146,1.000
54,2.1600,1,22,right_thumb,879.42,662.23,0.0654,0.0617,-0.0658,0.077,0.999
54,2.1600,1,23,left_hip,820.80,641.46,-0.0495,0.0715,0.0215,1.000,1.000
54,2.1600,1,24,right_hip,862.57,613.57,0.0448,-0.0759,-0.0194,1.000,1.000
54,2.1600,1,25,left_knee,850.65,725.90,0.0501,0.3486,0.1674,0.987,1.000
54,2.1600,1,26,right_knee,932.01,627.58,0.2884,-0.0372,0.0914,0.985,1.000
54,2.1600,1,27,left_ankle,853.39,811.74,0.0507,0.6601,0.2314,0.991,1.000
54,2.1600,1,28,right_ankle,995.79,661.35,0.5030,0.1377,0.1578,0.994,1.000
54,2.1600,1,29,left_heel,857.69,820.78,0.0458,0.7146,0.2526,0.992,1.000
54,2.1600,1,30,right_heel,1004.22,675.76,0.5181,0.1548,0.1264,0.991,1.000
54,2.1600,1,31,left_foot_index,846.76,837.35,0.0121,0.7825,0.2779,0.942,1.000
54,2.1600,1,32,right_foot_index,1028.47,649.92,0.5184,0.1164,0.1085,0.956,0.999
54,2.1600,0,0,nose,1332.29,498.96,-0.1043,-0.6842,-0.0471,1.000,1.000
54,2.1600,0,1,left_eye_inner,1336.01,491.11,-0.0802,-0.6912,-0.0868,1.000,1.000
54,2.1600,0,2,left_eye,1336.70,490.98,-0.0782,-0.6907,-0.0742,1.000,1.000
54,2.1600,0,3,left_eye_outer,1337.28,490.95,-0.0779,-0.6926,-0.0778,1.000,1.000
54,2.1600,0,4,right_eye_inner,1337.75,491.40,-0.0557,-0.7019,-0.0716,1.000,1.000
54,2.1600,0,5,right_eye,1339.72,491.52,-0.0547,-0.7014,-0.0855,1.000,1.000
54,2.1600,0,6,right_eye_outer,1341.79,491.60,-0.0501,-0.6857,-0.0632,1.000,1.000
54,2.1600,0,7,left_ear,1346.08,495.03,-0.0141,-0.6220,-0.1825,1.000,1.000
54,2.1600,0,8,right_ear,1352.93,495.08,0.0443,-0.5836,-0.0482,1.000,1.000
54,2.1600,0,9,mouth_left,1334.68,508.13,-0.0726,-0.6499,-0.0634,0.999,1.000
54,2.1600,0,10,mouth_right,1337.60,509.17,-0.0600,-0.6187,-0.0530,0.999,1.000
54,2.1600,0,11,left_shoulder,1339.84,545.40,-0.0336,-0.4460,-0.1946,1.000,1.000
54,2.1600,0,12,right_shoulder,1390.31,549.42,0.1939,-0.5262,0.0997,1.000,1.000
54,2.1600,0,13,left_elbow,1330.81,620.12,-0.0177,-0.2383,-0.2692,0.997,1.000
54,2.1600,0,14,right_elbow,1422.84,595.77,0.2679,-0.2856,0.1556,0.342,1.000
54,2.1600,0,15,left_wrist,1306.88,677.90,-0.1041,-0.0428,-0.1683,0.920,1.000
54,2.1600,0,16,right_wrist,1380.23,628.64,0.1022,-0.2116,0.2321,0.019,1.000
54,2.1600,0,17,left_pinky,1302.11,694.67,-0.1219,-0.0301,-0.1560,0.859,1.000
54,2.1600,0,18,right_pinky,1372.61,637.41,0.1027,-0.2066,0.2396,0.019,1.000
54,2.1600,0,19,left_index,1300.07,694.48,-0.1372,-0.0345,-0.1551,0.851,1.000
54,2.1600,0,20,right_index,1368.01,634.61,0.0936,-0.2410,0.2300,0.017,1.000
54,2.1600,0,21,left_thumb,1302.56,688.98,-0.1069,-0.0248,-0.1625,0.748,1.000
54,2.1600,0,22,right_thumb,1369.87,631.83,0.0884,-0.2242,0.2219,0.021,1.000
54,2.1600,0,23,left_hip,1334.21,686.54,-0.0480,0.0076,-0.0582,1.000,1.000
54,2.1600,0,24,right_hip,1362.58,683.11,0.0511,-0.0102,0.0574,1.000,1.000
54,2.1600,0,25,left_knee,1330.22,772.65,-0.0714,0.3567,-0.0088,0.914,1.000
54,2.1600,0,26,right_knee,1366.09,766.06,0.0580,0.3002,0.1578,0.532,1.000
54,2.1600,0,27,left_ankle,1319.04,880.77,-0.0801,0.7035,0.0037,0.980,1.000
54,2.1600,0,28,right_ankle,1375.88,870.44,0.0960,0.7051,0.2525,0.826,1.000
54,2.1600,0,29,left_heel,1331.01,898.53,-0.1088,0.7345,0.0097,0.960,0.999
54,2.1600,0,30,right_heel,1383.79,891.43,0.0918,0.7386,0.2260,0.940,1.000
54,2.1600,0,31,left_foot_index,1268.75,894.98,-0.2510,0.7162,-0.0016,0.953,0.999
54,2.1600,0,32,right_foot_index,1337.74,878.05,0.0121,0.7176,0.2533,0.766,1.000
55,2.2000,1,0,nose,805.43,593.26,-0.2129,-0.2442,0.3727,0.939,1.000
55,2.2000,1,1,left_eye_inner,799.90,590.39,-0.2368,-0.2087,0.3589,0.962,1.000
55,2.2000,1,2,left_eye,798.64,590.87,-0.2478,-0.2189,0.3743,0.970,1.000
55,2.2000,1,3,left_eye_outer,797.32,591.42,-0.2412,-0.2133,0.3531,0.973,1.000
55,2.2000,1,4,right_eye_inner,802.81,587.64,-0.2218,-0.2718,0.3334,0.979,1.000
55,2.2000,1,5,right_eye,803.64,586.27,-0.2180,-0.2445,0.3351,0.986,1.000
55,2.2000,1,6,right_eye_outer,804.40,584.94,-0.2063,-0.2729,0.3503,0.988,1.000
55,2.2000,1,7,left_ear,794.93,596.06,-0.2574,-0.1518,0.2679,0.987,1.000
55,2.2000,1,8,right_ear,804.30,582.79,-0.1469,-0.2484,0.2753,0.984,1.000
55,2.2000,1,9,mouth_left,806.01,598.98,-0.2195,-0.2150,0.3525,0.956,1.000
55,2.2000,1,10,mouth_right,809.24,596.36,-0.1872,-0.2257,0.3182,0.960,1.000
55,2.2000,1,11,left_shoulder,787.22,632.58,-0.2500,-0.0673,0.2631,1.000,1.000
55,2.2000,1,12,right_shoulder,816.92,586.59,-0.1554,-0.2609,0.2916,1.000,1.000
55,2.2000,1,13,left_elbow,823.97,675.02,-0.1572,0.0615,0.2897,0.023,1.000
55,2.2000,1,14,right_elbow,868.94,613.89,0.0637,-0.1610,0.2339,0.015,0.999
55,2.2000,1,15,left_wrist,864.12,696.16,-0.0333,0.1396,0.4868,0.005,1.000
55,2.2000,1,16,right_wrist,898.28,639.95,0.1291,-0.0466,0.2855,0.008,0.999
55,2.2000,1,17,left_pinky,867.05,701.53,-0.0585,0.1369,0.4904,0.006,1.000
55,2.2000,1,18,right_pinky,898.64,644.93,0.1141,-0.0858,0.2734,0.009,0.999
55,2.2000,1,19,left_index,870.47,694.30,-0.0264,0.1475,0.5220,0.006,1.000
55,2.2000,1,20,right_index,894.78,649.44,0.0921,-0.1103,0.2868,0.008,0.999
55,2.2000,1,21,left_thumb,869.06,690.29,-0.0185,0.1337,0.4792,0.005,1.000
55,2.2000,1,22,right_thumb,894.70,648.63,0.1177,-0.0375,0.2886,0.007,1.000
55,2.2000,1,23,left_hip,827.81,661.91,-0.0338,0.0816,0.0367,1.000,1.000
55,2.2000,1,24,right_hip,859.88,630.81,0.0450,-0.0781,-0.0357,1.000,1.000
55,2.2000,1,25,left_knee,852.18,732.99,0.0366,0.3141,0.0945,0.919,1.000
55,2.2000,1,26,right_knee,927.10,636.21,0.2738,-0.0783,0.0214,0.917,1.000
55,2.2000,1,27,left_ankle,852.12,811.31,0.0903,0.6004,0.0802,0.921,1.000
55,2.2000,1,28,right_ankle,985.20,646.63,0.4958,0.0582,0.0109,0.928,1.000
55,2.2000,1,29,left_heel,856.88,824.31,0.0915,0.6587,0.0764,0.968,1.000
55,2.2000,1,30,right_heel,992.51,656.26,0.5215,0.0695,-0.0171,0.958,1.000
55,2.2000,1,31,left_foot_index,851.98,833.40,0.0763,0.7355,0.0918,0.656,1.000
55,2.2000,1,32,right_foot_index,1024.02,636.51,0.5272,0.0126,-0.0301,0.676,1.000
55,2.2000,0,0,nose,1334.99,499.44,-0.1234,-0.6645,-0.0347,1.000,1.000
55,2.2000,0,1,left_eye_inner,1337.70,491.23,-0.0990,-0.6751,-0.0730,1.000,1.000
55,2.2000,0,2,left_eye,1337.85,491.18,-0.0981,-0.6733,-0.0608,1.000,1.000
55,2.2000,0,3,left_eye_outer,1337.94,491.17,-0.0977,-0.6760,-0.0642,1.000,1.000
55,2.2000,0,4,right_eye_inner,1340.29,490.90,-0.0791,-0.6910,-0.0579,1.000,1.000
55,2.2000,0,5,right_eye,1342.19,490.65,-0.0783,-0.6904,-0.0717,1.000,1.000
55,2.2000,0,6,right_eye_outer,1344.12,490.33,-0.0703,-0.6767,-0.0504,1.000,1.000
55,2.2000,0,7,left_ear,1345.17,493.81,-0.0253,-0.6209,-0.1672,1.000,1.000
55,2.2000,0,8,right_ear,1354.05,493.18,0.0426,-0.5937,-0.0321,0.999,1.000
55,2.2000,0,9,mouth_left,1336.34,507.59,-0.0885,-0.6375,-0.0486,1.000,1.000
55,2.2000,0,10,mouth_right,1339.58,507.55,-0.0678,-0.6086,-0.0396,0.999,1.000
55,2.2000,0,11,left_shoulder,1338.94,541.85,-0.0431,-0.4586,-0.1920,1.000,1.000
55,2.2000,0,12,right_shoulder,1392.36,545.66,0.1652,-0.5477,0.1297,1.000,1.000
55,2.2000,0,13,left_elbow,1331.99,617.50,-0.0386,-0.2653,-0.2648,0.998,1.000
55,2.2000,0,14,right_elbow,1427.74,596.15,0.2595,-0.2928,0.1453,0.367,1.000
55,2.2000,0,15,left_wrist,1307.85,680.38,-0.1203,-0.0525,-0.1731,0.974,1.000
55,2.2000,0,16,right_wrist,1385.19,628.77,0.0917,-0.1977,0.1406,0.031,1.000
55,2.2000,0,17,left_pinky,1303.84,697.92,-0.1433,-0.0320,-0.1626,0.945,1.000
55,2.2000,0,18,right_pinky,1378.07,639.59,0.0894,-0.1979,0.1347,0.032,1.000
55,2.2000,0,19,left_index,1303.12,696.77,-0.1561,-0.0248,-0.1573,0.939,1.000
55,2.2000,0,20,right_index,1372.30,636.33,0.0675,-0.2365,0.1236,0.029,1.000
55,2.2000,0,21,left_thumb,1304.42,690.66,-0.1194,-0.0299,-0.1629,0.883,1.000
55,2.2000,0,22,right_thumb,1374.84,632.42,0.0733,-0.2103,0.1294,0.033,1.000
55,2.2000,0,23,left_hip,1339.80,683.06,-0.0504,0.0105,-0.0592,1.000,1.000
55,2.2000,0,24,right_hip,1366.35,680.62,0.0532,-0.0139,0.0594,1.000,1.000
55,2.2000,0,25,left_knee,1331.89,779.11,-0.0929,0.3664,-0.0154,0.973,1.000
55,2.2000,0,26,right_knee,1372.18,769.00,0.0790,0.2822,0.1514,0.586,1.000
55,2.2000,0,27,left_ankle,1320.05,883.21,-0.1401,0.7193,0.0226,0.991,1.000
55,2.2000,0,28,right_ankle,1376.67,872.55,0.0828,0.7007,0.2430,0.872,1.000
55,2.2000,0,29,left_heel,1332.89,904.88,-0.1722,0.7565,0.0344,0.980,0.999
55,2.2000,0,30,right_heel,1384.47,892.48,0.0765,0.7364,0.2125,0.934,1.000
55,2.2000,0,31,left_foot_index,1268.50,894.45,-0.2887,0.7492,0.0265,0.975,0.999
55,2.2000,0,32,right_foot_index,1342.30,879.93,0.0026,0.7174,0.2247,0.838,1.000
56,2.2400,1,0,nose,799.11,588.05,-0.1841,-0.2610,0.3723,0.967,1.000
56,2.2400,1,1,left_eye_inner,794.21,585.24,-0.2143,-0.2396,0.3554,0.980,1.000
56,2.2400,1,2,left_eye,792.45,586.84,-0.2184,-0.2466,0.3699,0.982,1.000
56,2.2400,1,3,left_eye_outer,790.74,587.66,-0.2159,-0.2460,0.3515,0.985,1.000
56,2.2400,1,4,right_eye_inner,798.23,581.06,-0.1877,-0.2960,0.3308,0.989,1.000
56,2.2400,1,5,right_eye,799.37,579.61,-0.1860,-0.2793,0.3251,0.992,1.000
56,2.2400,1,6,right_eye_outer,801.74,579.62,-0.1733,-0.2959,0.3425,0.993,1.000
56,2.2400,1,7,left_ear,788.18,593.67,-0.2464,-0.1774,0.2588,0.992,1.000
56,2.2400,1,8,right_ear,803.82,581.49,-0.0946,-0.2685,0.2605,0.990,1.000
56,2.2400,1,9,mouth_left,798.22,593.61,-0.1914,-0.2303,0.3461,0.983,1.000
56,2.2400,1,10,mouth_right,802.70,589.91,-0.1446,-0.2429,0.3138,0.985,1.000
56,2.2400,1,11,left_shoulder,772.43,625.82,-0.2485,-0.0712,0.2185,1.000,1.000
56,2.2400,1,12,right_shoulder,822.54,586.79,-0.0796,-0.2667,0.2835,1.000,1.000
56,2.2400,1,13,left_elbow,799.22,670.38,-0.1722,0.0790,0.1646,0.159,1.000
56,2.2400,1,14,right_elbow,865.83,621.55,0.1189,-0.1139,0.2192,0.059,0.999
56,2.2400,1,15,left_wrist,840.56,695.16,-0.0320,0.1839,0.2758,0.049,1.000
56,2.2400,1,16,right_wrist,886.60,655.12,0.1548,0.0215,0.2450,0.027,1.000
56,2.2400,1,17,left_pinky,844.55,705.03,-0.0520,0.1787,0.2785,0.054,1.000
56,2.2400,1,18,right_pinky,890.44,662.90,0.1484,-0.0140,0.2292,0.028,0.999
56,2.2400,1,19,left_index,847.83,698.67,-0.0194,0.1837,0.2988,0.049,1.000
56,2.2400,1,20,right_index,887.38,666.90,0.1235,-0.0367,0.2317,0.027,0.999
56,2.2400,1,21,left_thumb,846.73,697.31,-0.0123,0.1803,0.2749,0.044,1.000
56,2.2400,1,22,right_thumb,884.53,667.90,0.1378,0.0284,0.2379,0.024,1.000
56,2.2400,1,23,left_hip,812.44,653.45,-0.0559,0.0821,0.0348,1.000,1.000
56,2.2400,1,24,right_hip,844.74,628.74,0.0626,-0.0812,-0.0343,1.000,1.000
56,2.2400,1,25,left_knee,848.92,727.64,0.0773,0.3407,0.0970,0.900,1.000
56,2.2400,1,26,right_knee,912.05,645.70,0.2741,-0.0364,-0.0821,0.980,1.000
56,2.2400,1,27,left_ankle,852.94,809.34,0.1124,0.6303,0.0689,0.928,1.000
56,2.2400,1,28,right_ankle,966.19,649.53,0.4784,0.0425,-0.1841,0.978,1.000
56,2.2400,1,29,left_heel,857.11,821.45,0.1102,0.6855,0.0659,0.981,1.000
56,2.2400,1,30,right_heel,965.96,657.05,0.4984,0.0505,-0.2238,0.989,1.000
56,2.2400,1,31,left_foot_index,856.28,830.58,0.1242,0.7579,0.1095,0.657,1.000
56,2.2400,1,32,right_foot_index,1007.98,651.59,0.5388,0.0028,-0.2270,0.882,1.000
56,2.2400,0,0,nose,1340.56,502.14,-0.0856,-0.6555,-0.0151,0.998,1.000
56,2.2400,0,1,left_eye_inner,1341.54,494.72,-0.0709,-0.6644,-0.0553,0.998,1.000
56,2.2400,0,2,left_eye,1341.02,494.20,-0.0704,-0.6636,-0.0438,0.998,1.000
56,2.2400,0,3,left_eye_outer,1340.48,493.72,-0.0697,-0.6660,-0.0464,0.999,1.000
56,2.2400,0,4,right_eye_inner,1345.75,494.97,-0.0476,-0.6764,-0.0420,0.998,1.000
56,2.2400,0,5,right_eye,1348.13,494.62,-0.0469,-0.6759,-0.0554,0.998,1.000
56,2.2400,0,6,right_eye_outer,1350.41,494.14,-0.0400,-0.6612,-0.0344,0.999,1.000
56,2.2400,0,7,left_ear,1345.45,495.59,-0.0153,-0.6165,-0.1530,0.999,1.000
56,2.2400,0,8,right_ear,1358.75,495.42,0.0597,-0.5731,-0.0295,0.995,1.000
56,2.2400,0,9,mouth_left,1341.88,509.06,-0.0537,-0.6307,-0.0305,0.997,1.000
56,2.2400,0,10,mouth_right,1345.99,509.85,-0.0326,-0.5982,-0.0243,0.995,1.000
56,2.2400,0,11,left_shoulder,1344.21,540.60,-0.0262,-0.4595,-0.1802,1.000,1.000
56,2.2400,0,12,right_shoulder,1396.75,546.44,0.1724,-0.5318,0.1272,0.999,1.000
56,2.2400,0,13,left_elbow,1332.92,615.91,-0.0356,-0.2674,-0.2576,0.994,1.000
56,2.2400,0,14,right_elbow,1429.14,598.50,0.2243,-0.2921,0.1451,0.161,1.000
56,2.2400,0,15,left_wrist,1310.79,678.46,-0.1155,-0.0724,-0.1777,0.932,1.000
56,2.2400,0,16,right_wrist,1382.03,626.16,0.0716,-0.2111,0.1409,0.026,1.000
56,2.2400,0,17,left_pinky,1305.67,698.52,-0.1370,-0.0564,-0.1722,0.886,1.000
56,2.2400,0,18,right_pinky,1372.29,635.20,0.0708,-0.2140,0.1307,0.030,1.000
56,2.2400,0,19,left_index,1305.80,698.36,-0.1540,-0.0502,-0.1670,0.877,1.000
56,2.2400,0,20,right_index,1367.91,632.74,0.0554,-0.2493,0.1183,0.028,1.000
56,2.2400,0,21,left_thumb,1307.95,691.89,-0.1164,-0.0500,-0.1682,0.782,1.000
56,2.2400,0,22,right_thumb,1370.62,629.01,0.0550,-0.2236,0.1290,0.031,1.000
56,2.2400,0,23,left_hip,1340.24,690.90,-0.0503,0.0040,-0.0529,1.000,1.000
56,2.2400,0,24,right_hip,1368.90,688.27,0.0533,-0.0076,0.0534,1.000,1.000
56,2.2400,0,25,left_knee,1335.43,782.08,-0.1010,0.3556,-0.0056,0.942,1.000
56,2.2400,0,26,right_knee,1376.01,770.30,0.0901,0.2875,0.1538,0.390,1.000
56,2.2400,0,27,left_ankle,1324.39,883.24,-0.1543,0.6919,0.0429,0.982,1.000
56,2.2400,0,28,right_ankle,1382.80,873.00,0.0646,0.6830,0.2506,0.787,1.000
56,2.2400,0,29,left_heel,1333.89,905.34,-0.1856,0.7246,0.0561,0.954,1.000
56,2.2400,0,30,right_heel,1385.66,894.62,0.0556,0.7158,0.2227,0.868,1.000
56,2.2400,0,31,left_foot_index,1271.19,895.89,-0.3044,0.7100,0.0442,0.951,1.000
56,2.2400,0,32,right_foot_index,1349.39,879.04,-0.0045,0.6938,0.2317,0.732,1.000
57,2.2800,1,0,nose,790.36,586.77,-0.1993,-0.3615,0.3633,0.998,1.000
57,2.2800,1,1,left_eye_inner,786.75,585.05,-0.2394,-0.3490,0.3512,0.998,1.000
57,2.2800,1,2,left_eye,785.07,585.94,-0.2414,-0.3636,0.3674,0.997,1.000
57,2.2800,1,3,left_eye_outer,783.41,586.70,-0.2398,-0.3554,0.3431,0.998,1.000
57,2.2800,1,4,right_eye_inner,791.19,582.09,-0.1932,-0.3954,0.3269,0.999,1.000
57,2.2800,1,5,right_eye,792.87,580.78,-0.2046,-0.3710,0.3278,0.999,1.000
57,2.2800,1,6,right_eye_outer,794.46,579.25,-0.1790,-0.3906,0.3450,1.000,1.000
57,2.2800,1,7,left_ear,782.42,590.51,-0.2663,-0.2961,0.2409,0.998,1.000
57,2.2800,1,8,right_ear,797.74,579.33,-0.1256,-0.3417,0.2769,0.999,1.000
57,2.2800,1,9,mouth_left,790.26,590.82,-0.2104,-0.3300,0.3347,0.996,1.000
57,2.2800,1,10,mouth_right,794.75,588.23,-0.1771,-0.3282,0.3080,0.997,1.000
57,2.2800,1,11,left_shoulder,772.95,623.42,-0.2587,-0.1662,0.2568,1.000,1.000
57,2.2800,1,12,right_shoulder,827.27,586.18,-0.0554,-0.3712,0.2608,1.000,1.000
57,2.2800,1,13,left_elbow,791.32,666.60,-0.2059,0.0127,0.2529,0.022,1.000
57,2.2800,1,14,right_elbow,860.22,624.69,0.1370,-0.1204,0.1854,0.077,1.000
57,2.2800,1,15,left_wrist,814.52,678.63,-0.0693,0.0954,0.3948,0.005,1.000
57,2.2800,1,16,right_wrist,875.26,671.48,0.1954,0.0993,0.2324,0.078,1.000
57,2.2800,1,17,left_pinky,817.55,686.83,-0.0721,0.0886,0.3907,0.007,1.000
57,2.2800,1,18,right_pinky,879.52,683.10,0.2249,0.0988,0.2284,0.071,1.000
57,2.2800,1,19,left_index,821.51,681.41,-0.0497,0.1006,0.4273,0.007,1.000
57,2.2800,1,20,right_index,877.09,684.77,0.2272,0.0749,0.2341,0.063,1.000
57,2.2800,1,21,left_thumb,820.92,678.22,-0.0508,0.0913,0.3821,0.007,1.000
57,2.2800,1,22,right_thumb,873.71,682.15,0.1920,0.1129,0.2337,0.051,1.000
57,2.2800,1,23,left_hip,812.34,665.50,-0.0682,0.0897,0.0436,1.000,1.000
57,2.2800,1,24,right_hip,848.06,640.42,0.0744,-0.0789,-0.0436,1.000,1.000
57,2.2800,1,25,left_knee,842.12,730.62,0.0549,0.4202,0.0803,0.918,1.000
57,2.2800,1,26,right_knee,918.28,651.39,0.3720,-0.1056,0.0125,0.839,1.000
57,2.2800,1,27,left_ankle,857.12,813.79,0.1410,0.7547,0.0694,0.909,1.000
57,2.2800,1,28,right_ankle,958.05,668.65,0.6394,0.0396,0.0508,0.806,1.000
57,2.2800,1,29,left_heel,861.03,824.68,0.1292,0.8112,0.0649,0.955,1.000
57,2.2800,1,30,right_heel,962.64,676.57,0.6723,0.0515,0.0272,0.925,1.000
57,2.2800,1,31,left_foot_index,858.21,822.31,0.1368,0.8802,0.0798,0.635,1.000
57,2.2800,1,32,right_foot_index,987.04,673.80,0.7294,0.0142,0.0487,0.410,1.000
57,2.2800,0,0,nose,1341.32,500.59,-0.1135,-0.6774,-0.0075,1.000,1.000
57,2.2800,0,1,left_eye_inner,1343.13,492.68,-0.0919,-0.6876,-0.0482,1.000,1.000
57,2.2800,0,2,left_eye,1342.61,492.42,-0.0918,-0.6865,-0.0360,1.000,1.000
57,2.2800,0,3,left_eye_outer,1342.07,492.32,-0.0907,-0.6894,-0.0392,1.000,1.000
57,2.2800,0,4,right_eye_inner,1347.12,492.56,-0.0708,-0.7013,-0.0321,1.000,1.000
57,2.2800,0,5,right_eye,1349.29,492.16,-0.0701,-0.7012,-0.0468,1.000,1.000
57,2.2800,0,6,right_eye_outer,1351.33,491.72,-0.0631,-0.6868,-0.0250,1.000,1.000
57,2.2800,0,7,left_ear,1346.81,495.26,-0.0311,-0.6364,-0.1484,1.000,1.000
57,2.2800,0,8,right_ear,1359.28,494.08,0.0482,-0.5955,-0.0165,0.999,1.000
57,2.2800,0,9,mouth_left,1341.58,508.37,-0.0819,-0.6513,-0.0250,1.000,1.000
57,2.2800,0,10,mouth_right,1346.33,509.23,-0.0594,-0.6192,-0.0172,0.999,1.000
57,2.2800,0,11,left_shoulder,1342.22,541.90,-0.0465,-0.4661,-0.1937,1.000,1.000
57,2.2800,0,12,right_shoulder,1395.05,543.65,0.1615,-0.5489,0.1281,1.000,1.000
57,2.2800,0,13,left_elbow,1335.15,616.45,-0.0459,-0.2688,-0.2758,0.999,1.000
57,2.2800,0,14,right_elbow,1439.02,594.02,0.2638,-0.3028,0.0867,0.519,1.000
57,2.2800,0,15,left_wrist,1314.35,683.43,-0.1173,-0.0487,-0.2012,0.989,1.000
57,2.2800,0,16,right_wrist,1391.89,626.33,0.0977,-0.2096,0.0153,0.067,1.000
57,2.2800,0,17,left_pinky,1310.40,701.74,-0.1350,-0.0260,-0.1933,0.977,1.000
57,2.2800,0,18,right_pinky,1385.23,635.60,0.0886,-0.2088,-0.0030,0.072,1.000
57,2.2800,0,19,left_index,1310.68,700.48,-0.1507,-0.0189,-0.1905,0.975,1.000
57,2.2800,0,20,right_index,1379.19,633.07,0.0703,-0.2453,-0.0112,0.067,1.000
57,2.2800,0,21,left_thumb,1312.31,694.41,-0.1151,-0.0247,-0.1917,0.944,1.000
57,2.2800,0,22,right_thumb,1381.59,630.12,0.0793,-0.2209,0.0026,0.066,1.000
57,2.2800,0,23,left_hip,1346.03,691.29,-0.0525,0.0054,-0.0591,1.000,1.000
57,2.2800,0,24,right_hip,1371.78,686.93,0.0549,-0.0088,0.0605,1.000,1.000
57,2.2800,0,25,left_knee,1342.81,778.74,-0.0777,0.3581,-0.0068,0.986,1.000
57,2.2800,0,26,right_knee,1376.97,769.72,0.0835,0.2864,0.1569,0.672,1.000
57,2.2800,0,27,left_ankle,1328.07,883.13,-0.1336,0.7023,0.0330,0.994,1.000
57,2.2800,0,28,right_ankle,1385.00,874.56,0.0829,0.6933,0.2424,0.911,1.000
57,2.2800,0,29,left_heel,1337.39,902.91,-0.1659,0.7389,0.0463,0.987,0.999
57,2.2800,0,30,right_heel,1391.12,896.24,0.0762,0.7275,0.2106,0.959,1.000
57,2.2800,0,31,left_foot_index,1275.28,897.84,-0.2969,0.7272,0.0340,0.984,1.000
57,2.2800,0,32,right_foot_index,1350.54,881.80,0.0008,0.7088,0.2200,0.883,1.000
58,2.3200,1,0,nose,795.80,589.92,-0.2159,-0.3739,0.3849,0.977,1.000
58,2.3200,1,1,left_eye_inner,791.04,587.46,-0.2481,-0.3557,0.3729,0.981,1.000
58,2.3200,1,2,left_eye,789.29,588.34,-0.2526,-0.3653,0.3864,0.982,1.000
58,2.3200,1,3,left_eye_outer,787.63,589.13,-0.2487,-0.3618,0.3687,0.986,1.000
58,2.3200,1,4,right_eye_inner,795.14,585.03,-0.2135,-0.4059,0.3469,0.988,1.000
58,2.3200,1,5,right_eye,796.44,584.18,-0.2158,-0.3866,0.3438,0.991,1.000
58,2.3200,1,6,right_eye_outer,797.78,583.11,-0.1986,-0.4046,0.3609,0.993,1.000
58,2.3200,1,7,left_ear,786.55,592.00,-0.2768,-0.2937,0.2773,0.990,1.000
58,2.3200,1,8,right_ear,799.94,583.22,-0.1295,-0.3543,0.2880,0.985,1.000
58,2.3200,1,9,mouth_left,795.52,594.66,-0.2234,-0.3423,0.3631,0.972,1.000
58,2.3200,1,10,mouth_right,799.86,592.88,-0.1802,-0.3427,0.3320,0.974,1.000
58,2.3200,1,11,left_shoulder,772.01,630.51,-0.2802,-0.1706,0.2558,1.000,1.000
58,2.3200,1,12,right_shoulder,826.86,588.53,-0.0811,-0.3513,0.2980,1.000,1.000
58,2.3200,1,13,left_elbow,793.40,671.33,-0.2116,0.0007,0.2415,0.246,1.000
58,2.3200,1,14,right_elbow,865.05,628.95,0.1291,-0.1631,0.2367,0.083,0.999
58,2.3200,1,15,left_wrist,823.04,694.70,-0.0966,0.1282,0.3833,0.024,1.000
58,2.3200,1,16,right_wrist,871.39,670.72,0.1279,0.0126,0.2953,0.008,1.000
58,2.3200,1,17,left_pinky,824.98,704.36,-0.1112,0.1202,0.3885,0.022,1.000
58,2.3200,1,18,right_pinky,873.76,681.20,0.1292,-0.0157,0.2912,0.007,0.999
58,2.3200,1,19,left_index,829.34,698.95,-0.0828,0.1317,0.4161,0.021,1.000
58,2.3200,1,20,right_index,870.19,682.99,0.1036,-0.0458,0.2982,0.006,0.999
58,2.3200,1,21,left_thumb,827.73,694.94,-0.0779,0.1276,0.3782,0.019,1.000
58,2.3200,1,22,right_thumb,867.18,680.03,0.1099,0.0183,0.2949,0.006,1.000
58,2.3200,1,23,left_hip,815.97,671.87,-0.0637,0.0734,0.0342,1.000,1.000
58,2.3200,1,24,right_hip,850.77,648.71,0.0710,-0.0693,-0.0340,1.000,1.000
58,2.3200,1,25,left_knee,844.20,732.86,0.0474,0.3748,0.0672,0.954,1.000
58,2.3200,1,26,right_knee,917.92,664.48,0.3200,-0.0288,-0.0166,0.905,1.000
58,2.3200,1,27,left_ankle,860.34,813.74,0.1322,0.6656,-0.0116,0.955,1.000
58,2.3200,1,28,right_ankle,941.09,687.44,0.4685,0.1576,-0.0648,0.907,1.000
58,2.3200,1,29,left_heel,866.49,825.43,0.1318,0.7204,-0.0195,0.984,1.000
58,2.3200,1,30,right_heel,939.59,697.45,0.4854,0.1753,-0.0989,0.957,1.000
58,2.3200,1,31,left_foot_index,861.98,825.68,0.1539,0.7816,0.0073,0.742,1.000
58,2.3200,1,32,right_foot_index,970.34,699.54,0.5315,0.1421,-0.0924,0.623,1.000
58,2.3200,0,0,nose,1348.94,501.86,-0.0874,-0.6439,0.0489,1.000,1.000
58,2.3200,0,1,left_eye_inner,1349.80,493.37,-0.0754,-0.6551,0.0099,1.000,1.000
58,2.3200,0,2,left_eye,1348.66,492.86,-0.0752,-0.6547,0.0206,1.000,1.000
58,2.3200,0,3,left_eye_outer,1347.57,492.39,-0.0737,-0.6573,0.0179,1.000,1.000
58,2.3200,0,4,right_eye_inner,1354.95,493.62,-0.0506,-0.6662,0.0202,1.000,1.000
58,2.3200,0,5,right_eye,1357.34,493.32,-0.0490,-0.6663,0.0058,1.000,1.000
58,2.3200,0,6,right_eye_outer,1359.55,492.94,-0.0425,-0.6522,0.0272,1.000,1.000
58,2.3200,0,7,left_ear,1350.19,494.32,-0.0370,-0.6097,-0.0902,1.000,1.000
58,2.3200,0,8,right_ear,1366.21,494.46,0.0522,-0.5592,0.0159,0.999,1.000
58,2.3200,0,9,mouth_left,1348.36,508.06,-0.0621,-0.6208,0.0305,0.999,1.000
58,2.3200,0,10,mouth_right,1353.22,509.17,-0.0377,-0.5856,0.0318,0.999,1.000
58,2.3200,0,11,left_shoulder,1347.56,538.88,-0.0552,-0.4485,-0.1364,1.000,1.000
58,2.3200,0,12,right_shoulder,1400.54,542.30,0.1603,-0.5202,0.1326,1.000,1.000
58,2.3200,0,13,left_elbow,1340.42,614.43,-0.0583,-0.2484,-0.2273,0.999,1.000
58,2.3200,0,14,right_elbow,1439.77,595.52,0.2396,-0.2766,0.0733,0.643,1.000
58,2.3200,0,15,left_wrist,1319.69,681.58,-0.1224,-0.0341,-0.1673,0.973,1.000
58,2.3200,0,16,right_wrist,1393.23,622.71,0.0768,-0.1878,0.0035,0.071,1.000
58,2.3200,0,17,left_pinky,1316.35,699.66,-0.1398,-0.0123,-0.1584,0.946,1.000
58,2.3200,0,18,right_pinky,1383.91,634.34,0.0697,-0.1872,-0.0137,0.064,1.000
58,2.3200,0,19,left_index,1317.26,698.59,-0.1529,-0.0084,-0.1551,0.941,1.000
58,2.3200,0,20,right_index,1379.86,630.75,0.0542,-0.2232,-0.0203,0.058,1.000
58,2.3200,0,21,left_thumb,1317.83,692.74,-0.1206,-0.0119,-0.1582,0.887,1.000
58,2.3200,0,22,right_thumb,1382.63,626.69,0.0585,-0.1993,-0.0066,0.059,1.000
58,2.3200,0,23,left_hip,1351.97,683.80,-0.0580,0.0044,-0.0404,1.000,1.000
58,2.3200,0,24,right_hip,1379.43,678.64,0.0607,-0.0081,0.0415,1.000,1.000
58,2.3200,0,25,left_knee,1347.46,783.00,-0.0980,0.3748,-0.0216,0.990,1.000
58,2.3200,0,26,right_knee,1383.39,770.69,0.0935,0.3062,0.0975,0.821,1.000
58,2.3200,0,27,left_ankle,1335.27,886.95,-0.1436,0.7154,0.0051,0.993,1.000
58,2.3200,0,28,right_ankle,1394.15,875.71,0.0786,0.7041,0.1636,0.931,1.000
58,2.3200,0,29,left_heel,1345.03,910.05,-0.1738,0.7509,0.0169,0.986,0.999
58,2.3200,0,30,right_heel,1398.65,899.01,0.0696,0.7378,0.1316,0.966,1.000
58,2.3200,0,31,left_foot_index,1283.46,898.61,-0.2853,0.7342,0.0071,0.973,1.000
58,2.3200,0,32,right_foot_index,1359.87,879.10,0.0067,0.7093,0.1437,0.867,1.000
59,2.3600,1,0,nose,793.47,584.75,-0.1979,-0.3902,0.3799,0.992,1.000
59,2.3600,1,1,left_eye_inner,789.35,582.32,-0.2352,-0.3767,0.3671,0.993,1.000
59,2.3600,1,2,left_eye,787.55,583.21,-0.2376,-0.3874,0.3827,0.993,1.000
59,2.3600,1,3,left_eye_outer,785.77,583.98,-0.2351,-0.3831,0.3623,0.994,1.000
59,2.3600,1,4,right_eye_inner,793.57,579.52,-0.1911,-0.4250,0.3415,0.996,1.000
59,2.3600,1,5,right_eye,794.99,578.40,-0.1963,-0.4044,0.3387,0.997,1.000
59,2.3600,1,6,right_eye_outer,796.38,577.21,-0.1769,-0.4230,0.3571,0.997,1.000
59,2.3600,1,7,left_ear,784.53,586.25,-0.2628,-0.3270,0.2622,0.996,1.000
59,2.3600,1,8,right_ear,799.00,577.29,-0.1062,-0.3722,0.2872,0.994,1.000
59,2.3600,1,9,mouth_left,792.93,589.22,-0.2058,-0.3610,0.3555,0.985,1.000
59,2.3600,1,10,mouth_right,797.61,587.06,-0.1632,-0.3574,0.3288,0.987,1.000
59,2.3600,1,11,left_shoulder,769.89,622.07,-0.2800,-0.2113,0.2598,1.000,1.000
59,2.3600,1,12,right_shoulder,827.23,587.03,-0.0369,-0.3716,0.3108,1.000,1.000
59,2.3600,1,13,left_elbow,778.31,661.68,-0.2690,-0.0289,0.2487,0.427,1.000
59,2.3600,1,14,right_elbow,861.91,626.32,0.1705,-0.1695,0.2399,0.067,0.999
59,2.3600,1,15,left_wrist,801.04,683.63,-0.1796,0.1053,0.4067,0.032,1.000
59,2.3600,1,16,right_wrist,879.10,662.45,0.1807,0.0042,0.3116,0.002,0.999
59,2.3600,1,17,left_pinky,801.57,689.81,-0.2017,0.0878,0.4068,0.026,1.000
59,2.3600,1,18,right_pinky,881.67,665.94,0.1930,-0.0260,0.3112,0.002,0.999
59,2.3600,1,19,left_index,806.80,683.96,-0.1635,0.0972,0.4406,0.023,1.000
59,2.3600,1,20,right_index,876.02,670.01,0.1718,-0.0626,0.3177,0.002,0.999
59,2.3600,1,21,left_thumb,806.37,681.59,-0.1602,0.1015,0.4018,0.020,1.000
59,2.3600,1,22,right_thumb,872.31,668.42,0.1637,0.0084,0.3083,0.002,0.999
59,2.3600,1,23,left_hip,812.01,666.00,-0.0702,0.0677,0.0335,1.000,1.000
59,2.3600,1,24,right_hip,846.07,646.96,0.0787,-0.0607,-0.0332,1.000,1.000
59,2.3600,1,25,left_knee,846.36,737.11,0.0723,0.4122,-0.0115,0.978,1.000
59,2.3600,1,26,right_knee,908.04,677.89,0.3350,0.0407,-0.0825,0.951,1.000
59,2.3600,1,27,left_ankle,863.35,814.55,0.1456,0.6898,-0.1329,0.962,1.000
59,2.3600,1,28,right_ankle,931.06,714.00,0.4348,0.2892,-0.1725,0.928,1.000
59,2.3600,1,29,left_heel,867.46,827.11,0.1425,0.7427,-0.1496,0.984,1.000
59,2.3600,1,30,right_heel,925.30,725.57,0.4492,0.3165,-0.2109,0.956,1.000
59,2.3600,1,31,left_foot_index,866.11,828.47,0.1753,0.8203,-0.1207,0.760,1.000
59,2.3600,1,32,right_foot_index,961.74,736.95,0.4970,0.3041,-0.2078,0.690,0.999
59,2.3600,0,0,nose,1353.22,502.54,-0.1015,-0.6692,0.0385,0.999,1.000
59,2.3600,0,1,left_eye_inner,1352.92,494.03,-0.0876,-0.6789,-0.0027,0.999,1.000
59,2.3600,0,2,left_eye,1351.72,493.61,-0.0877,-0.6779,0.0087,0.999,1.000
59,2.3600,0,3,left_eye_outer,1350.44,493.30,-0.0861,-0.6809,0.0055,1.000,1.000
59,2.3600,0,4,right_eye_inner,1358.17,494.18,-0.0625,-0.6910,0.0090,0.999,1.000
59,2.3600,0,5,right_eye,1360.60,493.79,-0.0613,-0.6912,-0.0059,0.999,1.000
59,2.3600,0,6,right_eye_outer,1362.87,493.29,-0.0543,-0.6768,0.0158,0.999,1.000
59,2.3600,0,7,left_ear,1352.86,495.37,-0.0484,-0.6330,-0.1100,1.000,1.000
59,2.3600,0,8,right_ear,1370.03,494.91,0.0497,-0.5848,0.0022,0.998,1.000
59,2.3600,0,9,mouth_left,1352.31,508.95,-0.0766,-0.6460,0.0184,0.999,1.000
59,2.3600,0,10,mouth_right,1357.87,510.04,-0.0487,-0.6115,0.0204,0.998,1.000
59,2.3600,0,11,left_shoulder,1350.56,539.90,-0.0649,-0.4690,-0.1612,1.000,1.000
59,2.3600,0,12,right_shoulder,1405.21,543.16,0.1618,-0.5440,0.1194,1.000,1.000
59,2.3600,0,13,left_elbow,1344.75,613.85,-0.0598,-0.2751,-0.2551,0.999,1.000
59,2.3600,0,14,right_elbow,1448.56,593.02,0.2599,-0.3042,0.0632,0.626,1.000
59,2.3600,0,15,left_wrist,1324.76,682.74,-0.1254,-0.0501,-0.1998,0.984,1.000
59,2.3600,0,16,right_wrist,1401.38,625.05,0.0934,-0.2110,-0.0018,0.089,1.000
59,2.3600,0,17,left_pinky,1321.26,701.27,-0.1433,-0.0239,-0.1932,0.969,1.000
59,2.3600,0,18,right_pinky,1394.65,633.65,0.0843,-0.2095,-0.0177,0.087,1.000
59,2.3600,0,19,left_index,1320.71,700.22,-0.1606,-0.0156,-0.1903,0.966,1.000
59,2.3600,0,20,right_index,1388.66,631.52,0.0650,-0.2437,-0.0244,0.078,1.000
59,2.3600,0,21,left_thumb,1322.86,694.04,-0.1241,-0.0248,-0.1908,0.926,1.000
59,2.3600,0,22,right_thumb,1390.60,628.72,0.0733,-0.2213,-0.0126,0.074,1.000
59,2.3600,0,23,left_hip,1356.89,691.36,-0.0617,0.0059,-0.0455,1.000,1.000
59,2.3600,0,24,right_hip,1383.78,686.06,0.0641,-0.0095,0.0468,1.000,1.000
59,2.3600,0,25,left_knee,1353.17,780.50,-0.0885,0.3585,-0.0082,0.990,1.000
59,2.3600,0,26,right_knee,1389.58,770.12,0.0918,0.2908,0.1438,0.777,1.000
59,2.3600,0,27,left_ankle,1339.50,884.85,-0.1435,0.6991,0.0195,0.995,1.000
59,2.3600,0,28,right_ankle,1395.80,875.55,0.0793,0.6944,0.2167,0.942,1.000
59,2.3600,0,29,left_heel,1349.45,904.20,-0.1752,0.7360,0.0321,0.989,0.999
59,2.3600,0,30,right_heel,1401.02,896.61,0.0703,0.7285,0.1842,0.972,1.000
59,2.3600,0,31,left_foot_index,1286.72,899.53,-0.2978,0.7296,0.0257,0.979,1.000
59,2.3600,0,32,right_foot_index,1362.89,883.83,-0.0021,0.7046,0.1987,0.886,1.000
60,2.4000,1,0,nose,792.28,576.63,-0.1936,-0.4276,0.3814,0.996,1.000
60,2.4000,1,1,left_eye_inner,789.22,574.84,-0.2230,-0.4191,0.3685,0.997,1.000
60,2.4000,1,2,left_eye,787.51,575.56,-0.2246,-0.4280,0.3839,0.997,1.000
60,2.4000,1,3,left_eye_outer,785.64,576.12,-0.2218,-0.4248,0.3657,0.997,1.000
60,2.4000,1,4,right_eye_inner,793.94,572.11,-0.1820,-0.4588,0.3512,0.998,1.000
60,2.4000,1,5,right_eye,795.51,571.11,-0.1868,-0.4439,0.3478,0.998,1.000
60,2.4000,1,6,right_eye_outer,796.96,569.97,-0.1674,-0.4546,0.3643,0.998,1.000
60,2.4000,1,7,left_ear,784.98,579.02,-0.2437,-0.3821,0.2691,0.998,1.000
60,2.4000,1,8,right_ear,799.86,570.37,-0.0948,-0.4104,0.3099,0.996,1.000
60,2.4000,1,9,mouth_left,791.79,580.69,-0.1977,-0.4071,0.3625,0.992,1.000
60,2.4000,1,10,mouth_right,796.35,578.91,-0.1547,-0.3972,0.3377,0.992,1.000
60,2.4000,1,11,left_shoulder,768.46,608.04,-0.2763,-0.2626,0.2494,1.000,1.000
60,2.4000,1,12,right_shoulder,828.40,581.73,-0.0124,-0.4308,0.3024,1.000,1.000
60,2.4000,1,13,left_elbow,761.66,643.78,-0.3026,-0.1000,0.2318,0.782,1.000
60,2.4000,1,14,right_elbow,860.89,616.20,0.1731,-0.2368,0.2285,0.346,1.000
60,2.4000,1,15,left_wrist,786.29,672.39,-0.2184,0.0645,0.3762,0.313,1.000
60,2.4000,1,16,right_wrist,856.49,650.36,0.1452,-0.0384,0.2609,0.022,1.000
60,2.4000,1,17,left_pinky,787.22,680.32,-0.2267,0.0630,0.3863,0.235,1.000
60,2.4000,1,18,right_pinky,861.44,658.68,0.1569,-0.0604,0.2583,0.016,1.000
60,2.4000,1,19,left_index,791.62,676.13,-0.1877,0.0808,0.4122,0.216,1.000
60,2.4000,1,20,right_index,853.21,658.23,0.1342,-0.0729,0.2651,0.013,1.000
60,2.4000,1,21,left_thumb,792.18,672.76,-0.1916,0.0705,0.3767,0.164,1.000
60,2.4000,1,22,right_thumb,850.70,656.36,0.1252,-0.0300,0.2596,0.012,1.000
60,2.4000,1,23,left_hip,807.53,664.33,-0.0642,0.0563,0.0307,1.000,1.000
60,2.4000,1,24,right_hip,842.14,647.52,0.0685,-0.0522,-0.0297,1.000,1.000
60,2.4000,1,25,left_knee,845.13,736.58,0.1118,0.4225,-0.0112,0.996,1.000
60,2.4000,1,26,right_knee,897.18,690.97,0.3006,0.1301,-0.0506,0.982,1.000
60,2.4000,1,27,left_ankle,868.32,816.72,0.2080,0.7364,-0.1293,0.989,1.000
60,2.4000,1,28,right_ankle,919.19,740.35,0.4415,0.4367,-0.0596,0.962,1.000
60,2.4000,1,29,left_heel,872.50,827.69,0.2034,0.7914,-0.1384,0.994,1.000
60,2.4000,1,30,right_heel,914.58,751.12,0.4598,0.4696,-0.0978,0.977,1.000
60,2.4000,1,31,left_foot_index,870.19,828.72,0.2206,0.8640,-0.1288,0.938,0.999
60,2.4000,1,32,right_foot_index,944.33,764.60,0.4941,0.4713,-0.1043,0.826,0.999
60,2.4000,0,0,nose,1356.85,499.82,-0.1062,-0.6721,0.0627,1.000,1.000
60,2.4000,0,1,left_eye_inner,1356.18,491.77,-0.0947,-0.6824,0.0200,1.000,1.000
60,2.4000,0,2,left_eye,1354.82,491.47,-0.0949,-0.6813,0.0312,1.000,1.000
60,2.4000,0,3,left_eye_outer,1353.50,491.25,-0.0930,-0.6844,0.0279,1.000,1.000
60,2.4000,0,4,right_eye_inner,1362.57,491.18,-0.0675,-0.6950,0.0301,1.000,1.000
60,2.4000,0,5,right_eye,1365.39,490.42,-0.0657,-0.6951,0.0154,1.000,1.000
60,2.4000,0,6,right_eye_outer,1368.01,489.58,-0.0587,-0.6812,0.0369,1.000,1.000
60,2.4000,0,7,left_ear,1358.14,494.27,-0.0642,-0.6355,-0.0929,1.000,1.000
60,2.4000,0,8,right_ear,1374.25,490.79,0.0469,-0.5883,0.0127,1.000,1.000
60,2.4000,0,9,mouth_left,1356.42,506.93,-0.0843,-0.6492,0.0411,1.000,1.000
60,2.4000,0,10,mouth_right,1362.32,506.70,-0.0522,-0.6141,0.0408,0.999,1.000
60,2.4000,0,11,left_shoulder,1357.08,543.35,-0.0791,-0.4701,-0.1371,1.000,1.000
60,2.4000,0,12,right_shoulder,1413.27,545.65,0.1570,-0.5437,0.1190,1.000,1.000
60,2.4000,0,13,left_elbow,1347.89,614.74,-0.0771,-0.2690,-0.2261,0.999,1.000
60,2.4000,0,14,right_elbow,1447.18,595.39,0.2469,-0.2842,0.0456,0.738,1.000
60,2.4000,0,15,left_wrist,1331.43,679.86,-0.1314,-0.0420,-0.1797,0.989,1.000
60,2.4000,0,16,right_wrist,1403.21,632.90,0.0729,-0.1825,-0.0319,0.129,1.000
60,2.4000,0,17,left_pinky,1326.70,697.74,-0.1475,-0.0137,-0.1726,0.978,1.000
60,2.4000,0,18,right_pinky,1395.14,639.38,0.0615,-0.1787,-0.0486,0.120,1.000
60,2.4000,0,19,left_index,1325.54,697.58,-0.1620,-0.0045,-0.1708,0.976,1.000
60,2.4000,0,20,right_index,1390.72,635.96,0.0431,-0.2128,-0.0528,0.107,1.000
60,2.4000,0,21,left_thumb,1327.52,692.09,-0.1285,-0.0167,-0.1715,0.947,1.000
60,2.4000,0,22,right_thumb,1392.82,634.01,0.0523,-0.1918,-0.0413,0.099,1.000
60,2.4000,0,23,left_hip,1361.74,689.26,-0.0662,0.0086,-0.0405,1.000,1.000
60,2.4000,0,24,right_hip,1390.60,686.28,0.0684,-0.0122,0.0419,1.000,1.000
60,2.4000,0,25,left_knee,1358.14,784.49,-0.0972,0.3808,-0.0271,0.996,1.000
60,2.4000,0,26,right_knee,1394.96,774.83,0.0912,0.2924,0.1185,0.860,1.000
60,2.4000,0,27,left_ankle,1344.05,888.00,-0.1442,0.7158,-0.0340,0.998,1.000
60,2.4000,0,28,right_ankle,1401.46,874.26,0.0768,0.6909,0.1864,0.956,1.000
60,2.4000,0,29,left_heel,1358.43,908.94,-0.1752,0.7533,-0.0250,0.995,1.000
60,2.4000,0,30,right_heel,1407.98,897.17,0.0670,0.7249,0.1535,0.979,1.000
60,2.4000,0,31,left_foot_index,1292.18,898.64,-0.3012,0.7349,-0.0408,0.990,1.000
60,2.4000,0,32,right_foot_index,1363.82,881.40,-0.0056,0.6937,0.1670,0.916,1.000
61,2.4400,1,0,nose,788.63,566.94,-0.1742,-0.4226,0.3960,0.999,1.000
61,2.4400,1,1,left_eye_inner,785.11,564.30,-0.2070,-0.4222,0.3761,0.999,1.000
61,2.4400,1,2,left_eye,782.95,564.63,-0.2059,-0.4295,0.3918,0.999,1.000
61,2.4400,1,3,left_eye_outer,780.85,564.75,-0.2043,-0.4282,0.3730,0.999,1.000
61,2.4400,1,4,right_eye_inner,790.28,562.55,-0.1580,-0.4555,0.3591,1.000,1.000
61,2.4400,1,5,right_eye,791.89,561.59,-0.1638,-0.4428,0.3539,1.000,1.000
61,2.4400,1,6,right_eye_outer,793.35,560.36,-0.1454,-0.4491,0.3714,1.000,1.000
61,2.4400,1,7,left_ear,778.22,567.25,-0.2396,-0.4034,0.2693,0.999,1.000
61,2.4400,1,8,right_ear,795.51,559.92,-0.0725,-0.4078,0.3047,0.999,1.000
61,2.4400,1,9,mouth_left,786.64,570.22,-0.1811,-0.4093,0.3698,0.998,1.000
61,2.4400,1,10,mouth_right,791.64,568.67,-0.1340,-0.3935,0.3468,0.998,1.000
61,2.4400,1,11,left_shoulder,765.10,596.27,-0.2900,-0.2835,0.2439,1.000,1.000
61,2.4400,1,12,right_shoulder,824.91,573.20,0.0239,-0.4236,0.3090,1.000,1.000
61,2.4400,1,13,left_elbow,752.97,629.92,-0.3527,-0.1325,0.2119,0.847,1.000
61,2.4400,1,14,right_elbow,856.94,605.78,0.1655,-0.2202,0.2344,0.396,1.000
61,2.4400,1,15,left_wrist,776.36,656.07,-0.2566,0.0260,0.3765,0.673,1.000
61,2.4400,1,16,right_wrist,857.29,643.79,0.1539,-0.0397,0.2538,0.520,1.000
61,2.4400,1,17,left_pinky,780.37,665.25,-0.2581,0.0290,0.3922,0.566,1.000
61,2.4400,1,18,right_pinky,859.23,652.68,0.1822,-0.0539,0.2461,0.446,1.000
61,2.4400,1,19,left_index,784.43,662.16,-0.2135,0.0538,0.4099,0.547,1.000
61,2.4400,1,20,right_index,851.60,652.34,0.1684,-0.0578,0.2414,0.423,1.000
61,2.4400,1,21,left_thumb,784.20,658.21,-0.2257,0.0367,0.3775,0.459,1.000
61,2.4400,1,22,right_thumb,849.42,649.94,0.1379,-0.0297,0.2447,0.366,1.000
61,2.4400,1,23,left_hip,804.75,658.31,-0.0843,0.0529,0.0252,1.000,1.000
61,2.4400,1,24,right_hip,838.29,643.39,0.0883,-0.0484,-0.0244,1.000,1.000
61,2.4400,1,25,left_knee,839.81,731.23,0.1099,0.4257,-0.0705,0.996,1.000
61,2.4400,1,26,right_knee,875.60,698.33,0.2469,0.1642,-0.0909,0.987,1.000
61,2.4400,1,27,left_ankle,872.48,812.46,0.2319,0.7021,-0.2550,0.987,1.000
61,2.4400,1,28,right_ankle,906.19,758.86,0.3626,0.4977,-0.1531,0.968,1.000
61,2.4400,1,29,left_heel,879.72,823.10,0.2269,0.7515,-0.2754,0.992,1.000
61,2.4400,1,30,right_heel,905.88,768.46,0.3758,0.5363,-0.1969,0.982,1.000
61,2.4400,1,31,left_foot_index,874.97,826.86,0.2229,0.8241,-0.2552,0.926,0.999
61,2.4400,1,32,right_foot_index,920.98,784.89,0.3962,0.5486,-0.1865,0.861,0.999
61,2.4400,0,0,nose,1363.18,498.07,-0.1021,-0.6664,0.0350,1.000,1.000
61,2.4400,0,1,left_eye_inner,1363.90,490.19,-0.0863,-0.6766,-0.0053,1.000,1.000
61,2.4400,0,2,left_eye,1362.72,490.35,-0.0859,-0.6755,0.0060,1.000,1.000
61,2.4400,0,3,left_eye_outer,1361.49,490.55,-0.0845,-0.6785,0.0028,1.000,1.000
61,2.4400,0,4,right_eye_inner,1369.45,489.67,-0.0616,-0.6896,0.0069,1.000,1.000
61,2.4400,0,5,right_eye,1371.98,489.42,-0.0602,-0.6895,-0.0075,1.000,1.000
61,2.4400,0,6,right_eye_outer,1374.49,489.04,-0.0534,-0.6756,0.0140,1.000,1.000
61,2.4400,0,7,left_ear,1364.08,493.46,-0.0402,-0.6273,-0.1109,1.000,1.000
61,2.4400,0,8,right_ear,1382.81,491.79,0.0524,-0.5846,0.0062,0.999,1.000
61,2.4400,0,9,mouth_left,1362.40,506.46,-0.0758,-0.6420,0.0157,1.000,1.000
61,2.4400,0,10,mouth_right,1367.56,506.03,-0.0493,-0.6091,0.0189,0.999,1.000
61,2.4400,0,11,left_shoulder,1359.52,539.65,-0.0628,-0.4614,-0.1578,1.000,1.000
61,2.4400,0,12,right_shoulder,1417.45,543.22,0.1608,-0.5400,0.1308,1.000,1.000
61,2.4400,0,13,left_elbow,1355.13,614.52,-0.0583,-0.2632,-0.2435,0.999,1.000
61,2.4400,0,14,right_elbow,1459.94,590.85,0.2512,-0.2968,0.0864,0.642,1.000
61,2.4400,0,15,left_wrist,1336.03,682.44,-0.1219,-0.0378,-0.1850,0.987,1.000
61,2.4400,0,16,right_wrist,1413.90,622.16,0.0973,-0.2039,0.0333,0.091,1.000
61,2.4400,0,17,left_pinky,1331.02,700.96,-0.1383,-0.0139,-0.1781,0.974,1.000
61,2.4400,0,18,right_pinky,1405.97,633.36,0.0923,-0.2051,0.0186,0.088,1.000
61,2.4400,0,19,left_index,1332.38,700.35,-0.1557,-0.0052,-0.1739,0.971,1.000
61,2.4400,0,20,right_index,1401.16,630.13,0.0736,-0.2409,0.0116,0.079,1.000
61,2.4400,0,21,left_thumb,1333.94,694.25,-0.1204,-0.0128,-0.1754,0.938,1.000
61,2.4400,0,22,right_thumb,1403.58,625.99,0.0786,-0.2156,0.0224,0.076,1.000
61,2.4400,0,23,left_hip,1366.83,687.23,-0.0601,0.0054,-0.0450,1.000,1.000
61,2.4400,0,24,right_hip,1395.78,683.87,0.0627,-0.0090,0.0462,1.000,1.000
61,2.4400,0,25,left_knee,1363.91,783.23,-0.0949,0.3795,-0.0216,0.991,1.000
61,2.4400,0,26,right_knee,1401.75,772.75,0.0954,0.3038,0.1116,0.825,1.000
61,2.4400,0,27,left_ankle,1353.28,886.00,-0.1360,0.7295,-0.0015,0.995,1.000
61,2.4400,0,28,right_ankle,1411.36,876.22,0.0966,0.7076,0.1701,0.946,1.000
61,2.4400,0,29,left_heel,1364.50,908.72,-0.1659,0.7665,0.0101,0.989,0.999
61,2.4400,0,30,right_heel,1414.19,897.17,0.0897,0.7411,0.1368,0.970,1.000
61,2.4400,0,31,left_foot_index,1300.54,900.73,-0.2828,0.7532,-0.0005,0.982,1.000
61,2.4400,0,32,right_foot_index,1378.81,881.57,0.0272,0.7138,0.1456,0.901,1.000
62,2.4800,1,0,nose,787.62,553.02,-0.1309,-0.4490,0.3752,0.998,1.000
62,2.4800,1,1,left_eye_inner,784.00,549.77,-0.1687,-0.4419,0.3627,0.996,1.000
62,2.4800,1,2,left_eye,781.85,550.10,-0.1691,-0.4547,0.3800,0.996,1.000
62,2.4800,1,3,left_eye_outer,779.88,550.27,-0.1674,-0.4475,0.3575,0.996,1.000
62,2.4800,1,4,right_eye_inner,789.43,547.96,-0.1167,-0.4780,0.3423,0.998,1.000
62,2.4800,1,5,right_eye,791.14,547.06,-0.1284,-0.4594,0.3439,0.999,1.000
62,2.4800,1,6,right_eye_outer,792.69,546.02,-0.1042,-0.4700,0.3587,0.999,1.000
62,2.4800,1,7,left_ear,776.87,552.70,-0.2050,-0.4103,0.2668,0.996,1.000
62,2.4800,1,8,right_ear,793.91,546.98,-0.0516,-0.4098,0.2959,0.998,1.000
62,2.4800,1,9,mouth_left,784.98,556.54,-0.1426,-0.4309,0.3544,0.990,1.000
62,2.4800,1,10,mouth_right,790.84,555.37,-0.1045,-0.4148,0.3253,0.994,1.000
62,2.4800,1,11,left_shoulder,758.59,584.90,-0.2662,-0.2810,0.2455,1.000,1.000
62,2.4800,1,12,right_shoulder,820.21,563.61,0.0320,-0.4145,0.2942,1.000,1.000
62,2.4800,1,13,left_elbow,748.58,624.11,-0.3413,-0.1386,0.2590,0.223,1.000
62,2.4800,1,14,right_elbow,855.08,596.26,0.1883,-0.2189,0.2562,0.419,1.000
62,2.4800,1,15,left_wrist,778.92,644.03,-0.2128,-0.0295,0.4800,0.052,1.000
62,2.4800,1,16,right_wrist,856.27,636.07,0.1682,-0.0331,0.3245,0.562,1.000
62,2.4800,1,17,left_pinky,784.29,650.90,-0.2129,-0.0420,0.5009,0.047,1.000
62,2.4800,1,18,right_pinky,857.31,645.78,0.1961,-0.0571,0.3266,0.483,1.000
62,2.4800,1,19,left_index,789.23,646.09,-0.1655,-0.0151,0.5238,0.044,1.000
62,2.4800,1,20,right_index,851.44,646.04,0.1771,-0.0607,0.3244,0.448,1.000
62,2.4800,1,21,left_thumb,788.29,643.56,-0.1779,-0.0218,0.4761,0.037,1.000
62,2.4800,1,22,right_thumb,849.94,643.45,0.1522,-0.0244,0.3217,0.359,1.000
62,2.4800,1,23,left_hip,797.21,650.83,-0.0758,0.0518,0.0191,1.000,1.000
62,2.4800,1,24,right_hip,832.32,636.77,0.0811,-0.0432,-0.0194,1.000,1.000
62,2.4800,1,25,left_knee,835.32,728.64,0.0929,0.4370,-0.0512,0.992,1.000
62,2.4800,1,26,right_knee,855.91,707.45,0.1843,0.2337,-0.0293,0.935,1.000
62,2.4800,1,27,left_ankle,873.67,805.68,0.2561,0.7265,-0.2067,0.966,1.000
62,2.4800,1,28,right_ankle,885.05,773.98,0.2876,0.5886,-0.0454,0.869,1.000
62,2.4800,1,29,left_heel,880.86,815.43,0.2500,0.7773,-0.2277,0.979,0.999
62,2.4800,1,30,right_heel,889.66,786.11,0.3006,0.6304,-0.0831,0.943,1.000
62,2.4800,1,31,left_foot_index,873.57,822.24,0.2024,0.8146,-0.2206,0.841,0.999
62,2.4800,1,32,right_foot_index,883.29,785.62,0.2626,0.6148,-0.0789,0.613,1.000
62,2.4800,0,0,nose,1369.02,498.47,-0.0878,-0.6532,0.0293,0.995,1.000
62,2.4800,0,1,left_eye_inner,1367.72,490.24,-0.0803,-0.6628,-0.0118,0.994,1.000
62,2.4800,0,2,left_eye,1366.13,489.56,-0.0804,-0.6625,-0.0009,0.995,1.000
62,2.4800,0,3,left_eye_outer,1364.64,488.93,-0.0791,-0.6649,-0.0039,0.996,1.000
62,2.4800,0,4,right_eye_inner,1374.43,490.34,-0.0533,-0.6755,-0.0034,0.993,1.000
62,2.4800,0,5,right_eye,1377.38,489.66,-0.0525,-0.6752,-0.0169,0.994,1.000
62,2.4800,0,6,right_eye_outer,1380.24,488.85,-0.0454,-0.6610,0.0036,0.995,1.000
62,2.4800,0,7,left_ear,1367.12,490.47,-0.0482,-0.6192,-0.1139,0.997,1.000
62,2.4800,0,8,right_ear,1388.68,489.71,0.0497,-0.5742,-0.0141,0.986,1.000
62,2.4800,0,9,mouth_left,1368.46,504.84,-0.0633,-0.6302,0.0121,0.994,1.000
62,2.4800,0,10,mouth_right,1375.15,505.47,-0.0353,-0.5975,0.0112,0.989,1.000
62,2.4800,0,11,left_shoulder,1367.61,536.35,-0.0599,-0.4654,-0.1418,1.000,1.000
62,2.4800,0,12,right_shoulder,1425.75,541.57,0.1448,-0.5360,0.1212,0.999,1.000
62,2.4800,0,13,left_elbow,1359.19,615.03,-0.0529,-0.2691,-0.2204,0.991,1.000
62,2.4800,0,14,right_elbow,1459.43,593.87,0.1892,-0.3054,0.1217,0.219,0.999
62,2.4800,0,15,left_wrist,1341.71,681.28,-0.1218,-0.0916,-0.1631,0.939,1.000
62,2.4800,0,16,right_wrist,1414.44,623.68,0.0611,-0.2379,0.1132,0.048,1.000
62,2.4800,0,17,left_pinky,1337.83,698.14,-0.1437,-0.0821,-0.1582,0.903,1.000
62,2.4800,0,18,right_pinky,1404.41,631.90,0.0667,-0.2503,0.0985,0.048,1.000
62,2.4800,0,19,left_index,1337.03,696.08,-0.1622,-0.0785,-0.1496,0.896,1.000
62,2.4800,0,20,right_index,1399.16,631.01,0.0523,-0.2884,0.0888,0.045,1.000
62,2.4800,0,21,left_thumb,1338.18,691.17,-0.1217,-0.0718,-0.1529,0.808,1.000
62,2.4800,0,22,right_thumb,1401.75,627.26,0.0454,-0.2526,0.1026,0.043,1.000
62,2.4800,0,23,left_hip,1372.66,703.44,-0.0595,0.0051,-0.0396,1.000,1.000
62,2.4800,0,24,right_hip,1401.66,696.71,0.0621,-0.0092,0.0405,1.000,1.000
62,2.4800,0,25,left_knee,1371.89,780.36,-0.0956,0.3481,0.0392,0.902,1.000
62,2.4800,0,26,right_knee,1402.54,771.82,0.0840,0.2580,0.1636,0.327,1.000
62,2.4800,0,27,left_ankle,1360.92,882.57,-0.1278,0.6552,0.0927,0.961,1.000
62,2.4800,0,28,right_ankle,1411.43,876.77,0.0670,0.6378,0.2505,0.692,1.000
62,2.4800,0,29,left_heel,1366.97,905.89,-0.1553,0.6866,0.1078,0.935,0.999
62,2.4800,0,30,right_heel,1414.49,900.60,0.0587,0.6693,0.2235,0.832,1.000
62,2.4800,0,31,left_foot_index,1307.36,897.39,-0.2538,0.6666,0.1035,0.879,1.000
62,2.4800,0,32,right_foot_index,1381.60,881.11,0.0059,0.6432,0.2395,0.560,1.000
63,2.5200,1,0,nose,787.49,538.35,-0.0882,-0.5133,0.3108,0.997,1.000
63,2.5200,1,1,left_eye_inner,783.29,534.20,-0.1262,-0.5112,0.2858,0.995,1.000
63,2.5200,1,2,left_eye,780.88,534.39,-0.1273,-0.5198,0.2978,0.995,1.000
63,2.5200,1,3,left_eye_outer,778.77,534.58,-0.1240,-0.5153,0.2861,0.994,1.000
63,2.5200,1,4,right_eye_inner,789.34,533.08,-0.0749,-0.5421,0.2640,0.998,1.000
63,2.5200,1,5,right_eye,791.25,532.56,-0.0799,-0.5313,0.2621,0.998,1.000
63,2.5200,1,6,right_eye_outer,792.94,532.07,-0.0612,-0.5329,0.2777,0.999,1.000
63,2.5200,1,7,left_ear,776.18,537.14,-0.1902,-0.4747,0.1775,0.996,1.000
63,2.5200,1,8,right_ear,793.10,533.76,-0.0127,-0.4653,0.1813,0.998,1.000
63,2.5200,1,9,mouth_left,784.74,542.59,-0.1019,-0.4933,0.2898,0.990,1.000
63,2.5200,1,10,mouth_right,791.02,542.09,-0.0531,-0.4729,0.2584,0.995,1.000
63,2.5200,1,11,left_shoulder,751.86,572.75,-0.2586,-0.3188,0.1668,1.000,1.000
63,2.5200,1,12,right_shoulder,815.95,556.73,0.0619,-0.4455,0.1991,1.000,1.000
63,2.5200,1,13,left_elbow,742.68,618.46,-0.3475,-0.1536,0.2052,0.455,1.000
63,2.5200,1,14,right_elbow,850.68,590.61,0.2257,-0.2545,0.1953,0.873,1.000
63,2.5200,1,15,left_wrist,773.08,634.56,-0.2202,-0.0679,0.4416,0.093,1.000
63,2.5200,1,16,right_wrist,852.26,627.02,0.1963,-0.0893,0.2735,0.919,1.000
63,2.5200,1,17,left_pinky,779.29,641.89,-0.2160,-0.0733,0.4824,0.081,1.000
63,2.5200,1,18,right_pinky,853.97,633.95,0.2306,-0.1080,0.2759,0.873,1.000
63,2.5200,1,19,left_index,782.62,635.87,-0.1738,-0.0556,0.4916,0.078,1.000
63,2.5200,1,20,right_index,849.74,634.49,0.2041,-0.1179,0.2722,0.864,1.000
63,2.5200,1,21,left_thumb,781.09,633.56,-0.1830,-0.0550,0.4404,0.066,1.000
63,2.5200,1,22,right_thumb,847.99,632.53,0.1790,-0.0867,0.2730,0.793,1.000
63,2.5200,1,23,left_hip,790.62,648.54,-0.0780,0.0445,0.0197,1.000,1.000
63,2.5200,1,24,right_hip,824.02,636.28,0.0810,-0.0417,-0.0209,1.000,1.000
63,2.5200,1,25,left_knee,829.75,720.65,0.1200,0.4322,-0.0394,0.995,1.000
63,2.5200,1,26,right_knee,838.00,705.20,0.1686,0.2490,0.0255,0.889,1.000
63,2.5200,1,27,left_ankle,869.05,803.93,0.2968,0.7392,-0.1991,0.984,0.999
63,2.5200,1,28,right_ankle,853.11,767.66,0.2193,0.6262,0.0710,0.775,0.999
63,2.5200,1,29,left_heel,873.90,812.76,0.2920,0.7893,-0.2153,0.987,0.996
63,2.5200,1,30,right_heel,857.19,781.44,0.2244,0.6688,0.0402,0.855,0.999
63,2.5200,1,31,left_foot_index,874.36,818.28,0.2617,0.8255,-0.1917,0.887,0.995
63,2.5200,1,32,right_foot_index,855.65,776.56,0.2221,0.6617,0.0735,0.400,0.999
63,2.5200,0,0,nose,1369.82,495.76,-0.0985,-0.6548,0.0098,0.997,1.000
63,2.5200,0,1,left_eye_inner,1369.25,487.27,-0.0889,-0.6637,-0.0305,0.997,1.000
63,2.5200,0,2,left_eye,1367.89,486.85,-0.0886,-0.6632,-0.0190,0.997,1.000
63,2.5200,0,3,left_eye_outer,1366.56,486.55,-0.0877,-0.6655,-0.0221,0.998,1.000
63,2.5200,0,4,right_eye_inner,1375.70,486.73,-0.0629,-0.6751,-0.0203,0.997,1.000
63,2.5200,0,5,right_eye,1378.54,486.02,-0.0622,-0.6751,-0.0345,0.997,1.000
63,2.5200,0,6,right_eye_outer,1381.16,485.31,-0.0552,-0.6604,-0.0134,0.998,1.000
63,2.5200,0,7,left_ear,1370.82,489.13,-0.0511,-0.6141,-0.1317,0.998,1.000
63,2.5200,0,8,right_ear,1388.10,486.26,0.0384,-0.5662,-0.0262,0.992,1.000
63,2.5200,0,9,mouth_left,1369.39,502.92,-0.0721,-0.6298,-0.0079,0.997,1.000
63,2.5200,0,10,mouth_right,1375.59,502.95,-0.0473,-0.5960,-0.0069,0.994,1.000
63,2.5200,0,11,left_shoulder,1369.96,537.09,-0.0600,-0.4498,-0.1633,1.000,1.000
63,2.5200,0,12,right_shoulder,1425.50,538.81,0.1510,-0.5294,0.1106,0.999,1.000
63,2.5200,0,13,left_elbow,1363.45,614.21,-0.0584,-0.2485,-0.2454,0.994,1.000
63,2.5200,0,14,right_elbow,1465.82,589.19,0.2241,-0.2963,0.1041,0.274,1.000
63,2.5200,0,15,left_wrist,1342.91,682.94,-0.1279,-0.0488,-0.1836,0.916,1.000
63,2.5200,0,16,right_wrist,1418.15,620.60,0.0728,-0.2073,0.0872,0.027,1.000
63,2.5200,0,17,left_pinky,1339.91,699.82,-0.1490,-0.0326,-0.1781,0.858,1.000
63,2.5200,0,18,right_pinky,1409.49,633.00,0.0708,-0.2083,0.0761,0.026,1.000
63,2.5200,0,19,left_index,1339.20,698.09,-0.1663,-0.0300,-0.1722,0.847,1.000
63,2.5200,0,20,right_index,1404.71,630.21,0.0532,-0.2431,0.0660,0.025,1.000
63,2.5200,0,21,left_thumb,1339.76,692.20,-0.1283,-0.0277,-0.1742,0.729,1.000
63,2.5200,0,22,right_thumb,1407.31,626.23,0.0548,-0.2184,0.0765,0.025,1.000
63,2.5200,0,23,left_hip,1375.32,691.08,-0.0570,0.0050,-0.0424,1.000,1.000
63,2.5200,0,24,right_hip,1404.54,684.54,0.0597,-0.0087,0.0430,1.000,1.000
63,2.5200,0,25,left_knee,1373.43,784.01,-0.0937,0.3596,0.0188,0.951,1.000
63,2.5200,0,26,right_knee,1412.55,770.28,0.0972,0.2874,0.1583,0.431,1.000
63,2.5200,0,27,left_ankle,1360.61,886.32,-0.1442,0.6919,0.0803,0.981,1.000
63,2.5200,0,28,right_ankle,1421.47,873.11,0.0737,0.6778,0.2639,0.804,1.000
63,2.5200,0,29,left_heel,1369.01,908.46,-0.1747,0.7254,0.0954,0.957,0.999
63,2.5200,0,30,right_heel,1425.96,898.46,0.0637,0.7104,0.2373,0.890,1.000
63,2.5200,0,31,left_foot_index,1309.54,896.31,-0.2876,0.7092,0.0874,0.930,1.000
63,2.5200,0,32,right_foot_index,1387.68,877.29,0.0022,0.6783,0.2496,0.681,1.000
64,2.5600,1,0,nose,793.02,532.52,-0.0138,-0.5364,0.1967,0.998,1.000
64,2.5600,1,1,left_eye_inner,788.04,527.70,-0.0497,-0.5347,0.1692,0.997,1.000
64,2.5600,1,2,left_eye,786.11,527.93,-0.0508,-0.5413,0.1807,0.997,1.000
64,2.5600,1,3,left_eye_outer,784.19,528.23,-0.0488,-0.5376,0.1732,0.997,1.000
64,2.5600,1,4,right_eye_inner,792.24,527.09,-0.0019,-0.5622,0.1449,0.999,1.000
64,2.5600,1,5,right_eye,793.18,526.90,-0.0054,-0.5543,0.1412,0.999,1.000
64,2.5600,1,6,right_eye_outer,794.05,526.67,0.0111,-0.5499,0.1570,0.999,1.000
64,2.5600,1,7,left_ear,779.07,531.38,-0.1307,-0.5016,0.0748,0.998,1.000
64,2.5600,1,8,right_ear,791.22,528.99,0.0290,-0.4826,0.0483,0.999,1.000
64,2.5600,1,9,mouth_left,789.91,537.32,-0.0334,-0.5186,0.1835,0.994,1.000
64,2.5600,1,10,mouth_right,794.54,537.44,0.0121,-0.4958,0.1465,0.996,1.000
64,2.5600,1,11,left_shoulder,746.61,565.86,-0.2193,-0.3441,0.0740,1.000,1.000
64,2.5600,1,12,right_shoulder,812.72,553.58,0.0760,-0.4657,0.1139,1.000,1.000
64,2.5600,1,13,left_elbow,736.05,613.44,-0.3248,-0.1761,0.1863,0.305,1.000
64,2.5600,1,14,right_elbow,846.64,589.38,0.2423,-0.2551,0.1583,0.715,1.000
64,2.5600,1,15,left_wrist,764.21,615.80,-0.1937,-0.1734,0.5200,0.029,1.000
64,2.5600,1,16,right_wrist,846.68,620.20,0.2219,-0.1305,0.2832,0.749,1.000
64,2.5600,1,17,left_pinky,770.16,616.73,-0.1887,-0.1899,0.5752,0.030,1.000
64,2.5600,1,18,right_pinky,849.64,626.33,0.2594,-0.1501,0.2901,0.714,1.000
64,2.5600,1,19,left_index,773.43,613.75,-0.1552,-0.1864,0.5760,0.031,1.000
64,2.5600,1,20,right_index,845.68,626.16,0.2377,-0.1712,0.2851,0.714,1.000
64,2.5600,1,21,left_thumb,771.68,612.70,-0.1567,-0.1648,0.5227,0.029,1.000
64,2.5600,1,22,right_thumb,843.50,624.29,0.2071,-0.1350,0.2831,0.601,1.000
64,2.5600,1,23,left_hip,781.96,647.78,-0.0646,0.0396,0.0126,1.000,1.000
64,2.5600,1,24,right_hip,815.70,638.17,0.0661,-0.0398,-0.0137,1.000,1.000
64,2.5600,1,25,left_knee,821.13,720.90,0.1326,0.4157,-0.0633,0.979,0.999
64,2.5600,1,26,right_knee,808.60,682.66,0.0800,0.1618,0.1057,0.298,0.999
64,2.5600,1,27,left_ankle,861.03,801.64,0.3307,0.7437,-0.1898,0.939,0.997
64,2.5600,1,28,right_ankle,827.53,741.07,0.1198,0.5233,0.2339,0.247,0.998
64,2.5600,1,29,left_heel,867.70,811.98,0.3266,0.7909,-0.2008,0.945,0.991
64,2.5600,1,30,right_heel,830.04,759.04,0.1216,0.5627,0.2102,0.383,0.999
64,2.5600,1,31,left_foot_index,868.69,816.22,0.2968,0.8238,-0.1676,0.716,0.991
64,2.5600,1,32,right_foot_index,832.65,755.99,0.1290,0.5609,0.2758,0.074,0.999
64,2.5600,0,0,nose,1370.91,495.48,-0.1021,-0.6413,0.0202,0.999,1.000
64,2.5600,0,1,left_eye_inner,1370.20,487.06,-0.0951,-0.6499,-0.0197,0.998,1.000
64,2.5600,0,2,left_eye,1368.88,486.68,-0.0943,-0.6496,-0.0088,0.999,1.000
64,2.5600,0,3,left_eye_outer,1367.63,486.45,-0.0936,-0.6518,-0.0114,0.999,1.000
64,2.5600,0,4,right_eye_inner,1376.17,486.88,-0.0656,-0.6617,-0.0116,0.998,1.000
64,2.5600,0,5,right_eye,1378.59,486.33,-0.0646,-0.6610,-0.0247,0.999,1.000
64,2.5600,0,6,right_eye_outer,1380.82,485.67,-0.0575,-0.6464,-0.0039,0.999,1.000
64,2.5600,0,7,left_ear,1372.18,489.29,-0.0593,-0.5960,-0.1240,0.999,1.000
64,2.5600,0,8,right_ear,1387.37,486.49,0.0340,-0.5513,-0.0225,0.996,1.000
64,2.5600,0,9,mouth_left,1371.14,502.61,-0.0765,-0.6142,0.0034,0.998,1.000
64,2.5600,0,10,mouth_right,1377.03,502.31,-0.0506,-0.5811,0.0029,0.997,1.000
64,2.5600,0,11,left_shoulder,1371.55,538.26,-0.0630,-0.4323,-0.1427,1.000,1.000
64,2.5600,0,12,right_shoulder,1428.44,537.92,0.1455,-0.5160,0.1174,1.000,1.000
64,2.5600,0,13,left_elbow,1363.90,614.84,-0.0555,-0.2295,-0.2109,0.993,1.000
64,2.5600,0,14,right_elbow,1467.71,588.16,0.2085,-0.2947,0.1639,0.280,1.000
64,2.5600,0,15,left_wrist,1344.37,679.23,-0.1298,-0.0528,-0.1306,0.900,1.000
64,2.5600,0,16,right_wrist,1422.65,618.03,0.0657,-0.2249,0.2239,0.035,1.000
64,2.5600,0,17,left_pinky,1341.12,696.46,-0.1519,-0.0431,-0.1236,0.839,1.000
64,2.5600,0,18,right_pinky,1414.38,628.93,0.0709,-0.2315,0.2220,0.033,1.000
64,2.5600,0,19,left_index,1340.98,694.09,-0.1713,-0.0430,-0.1175,0.828,1.000
64,2.5600,0,20,right_index,1408.54,626.45,0.0569,-0.2666,0.2122,0.030,1.000
64,2.5600,0,21,left_thumb,1341.48,688.51,-0.1323,-0.0345,-0.1216,0.717,1.000
64,2.5600,0,22,right_thumb,1410.88,623.19,0.0491,-0.2388,0.2142,0.033,1.000
64,2.5600,0,23,left_hip,1379.57,684.67,-0.0523,0.0069,-0.0384,1.000,1.000
64,2.5600,0,24,right_hip,1407.83,677.06,0.0552,-0.0112,0.0385,1.000,1.000
64,2.5600,0,25,left_knee,1376.48,781.57,-0.0885,0.3719,0.0048,0.950,1.000
64,2.5600,0,26,right_knee,1415.91,767.51,0.0972,0.2898,0.1333,0.502,1.000
64,2.5600,0,27,left_ankle,1364.66,883.93,-0.1383,0.6967,0.0459,0.978,1.000
64,2.5600,0,28,right_ankle,1425.63,870.38,0.0725,0.6806,0.2229,0.817,1.000
64,2.5600,0,29,left_heel,1372.09,907.10,-0.1687,0.7291,0.0581,0.945,1.000
64,2.5600,0,30,right_heel,1429.49,895.37,0.0613,0.7133,0.1966,0.878,1.000
64,2.5600,0,31,left_foot_index,1311.76,895.28,-0.2818,0.7154,0.0553,0.922,1.000
64,2.5600,0,32,right_foot_index,1390.75,875.93,-0.0002,0.6820,0.2116,0.689,1.000
65,2.6000,1,0,nose,771.44,529.58,-0.0776,-0.5519,0.2008,1.000,1.000
65,2.6000,1,1,left_eye_inner,767.85,525.38,-0.1070,-0.5518,0.1696,1.000,1.000
65,2.6000,1,2,left_eye,765.81,525.54,-0.1079,-0.5541,0.1784,1.000,1.000
65,2.6000,1,3,left_eye_outer,763.56,525.76,-0.1045,-0.5539,0.1770,1.000,1.000
65,2.6000,1,4,right_eye_inner,773.37,524.17,-0.0638,-0.5778,0.1528,1.000,1.000
65,2.6000,1,5,right_eye,775.41,523.68,-0.0599,-0.5755,0.1454,1.000,1.000
65,2.6000,1,6,right_eye_outer,777.47,523.20,-0.0510,-0.5656,0.1628,1.000,1.000
65,2.6000,1,7,left_ear,761.00,529.52,-0.1659,-0.5104,0.0735,1.000,1.000
65,2.6000,1,8,right_ear,780.75,526.65,-0.0055,-0.4914,0.0635,1.000,1.000
65,2.6000,1,9,mouth_left,769.46,534.69,-0.0799,-0.5335,0.1872,1.000,1.000
65,2.6000,1,10,mouth_right,775.58,534.28,-0.0312,-0.5058,0.1576,1.000,1.000
65,2.6000,1,11,left_shoulder,739.18,562.98,-0.2291,-0.3371,0.0703,1.000,1.000
65,2.6000,1,12,right_shoulder,807.61,554.09,0.0880,-0.4819,0.1037,1.000,1.000
65,2.6000,1,13,left_elbow,730.35,611.02,-0.2874,-0.1915,0.1752,0.306,1.000
65,2.6000,1,14,right_elbow,843.97,590.95,0.2699,-0.2643,0.1285,0.752,1.000
65,2.6000,1,15,left_wrist,758.19,608.12,-0.1544,-0.2342,0.5139,0.040,1.000
65,2.6000,1,16,right_wrist,838.32,622.12,0.2289,-0.1457,0.2225,0.775,1.000
65,2.6000,1,17,left_pinky,764.91,605.68,-0.1500,-0.2566,0.5794,0.043,1.000
65,2.6000,1,18,right_pinky,840.23,626.19,0.2605,-0.1598,0.2230,0.733,1.000
65,2.6000,1,19,left_index,767.06,603.78,-0.1260,-0.2671,0.5731,0.044,1.000
65,2.6000,1,20,right_index,836.72,625.50,0.2255,-0.1691,0.2146,0.726,1.000
65,2.6000,1,21,left_thumb,765.48,603.96,-0.1209,-0.2289,0.5228,0.042,1.000
65,2.6000,1,22,right_thumb,834.88,624.00,0.2063,-0.1498,0.2192,0.632,1.000
65,2.6000,1,23,left_hip,773.14,649.78,-0.0754,0.0392,0.0094,1.000,1.000
65,2.6000,1,24,right_hip,807.76,641.25,0.0757,-0.0455,-0.0094,1.000,1.000
65,2.6000,1,25,left_knee,808.65,721.29,0.1026,0.4039,-0.0583,0.979,1.000
65,2.6000,1,26,right_knee,803.19,710.16,0.0677,0.2628,0.0466,0.530,1.000
65,2.6000,1,27,left_ankle,854.55,798.47,0.3106,0.6932,-0.2288,0.940,0.999
65,2.6000,1,28,right_ankle,790.95,777.19,-0.0316,0.6549,0.1210,0.520,0.999
65,2.6000,1,29,left_heel,860.29,806.71,0.3088,0.7367,-0.2392,0.965,0.997
65,2.6000,1,30,right_heel,785.60,789.87,-0.0503,0.6980,0.0919,0.692,0.999
65,2.6000,1,31,left_foot_index,861.43,819.99,0.2821,0.7776,-0.1942,0.799,0.996
65,2.6000,1,32,right_foot_index,781.92,794.88,-0.0756,0.7053,0.1498,0.237,0.999
65,2.6000,0,0,nose,1372.37,493.46,-0.1379,-0.6497,0.0087,0.999,1.000
65,2.6000,0,1,left_eye_inner,1372.83,485.66,-0.1227,-0.6604,-0.0313,0.999,1.000
65,2.6000,0,2,left_eye,1371.44,485.85,-0.1223,-0.6591,-0.0196,0.999,1.000
65,2.6000,0,3,left_eye_outer,1370.14,486.06,-0.1212,-0.6617,-0.0231,0.999,1.000
65,2.6000,0,4,right_eye_inner,1378.86,484.45,-0.0981,-0.6751,-0.0197,0.999,1.000
65,2.6000,0,5,right_eye,1381.36,483.97,-0.0972,-0.6748,-0.0340,0.999,1.000
65,2.6000,0,6,right_eye_outer,1383.68,483.49,-0.0891,-0.6608,-0.0125,0.999,1.000
65,2.6000,0,7,left_ear,1374.98,488.86,-0.0721,-0.6141,-0.1362,1.000,1.000
65,2.6000,0,8,right_ear,1390.79,486.63,0.0190,-0.5784,-0.0192,0.997,1.000
65,2.6000,0,9,mouth_left,1372.34,501.91,-0.1095,-0.6264,-0.0098,0.999,1.000
65,2.6000,0,10,mouth_right,1377.48,500.76,-0.0824,-0.5954,-0.0060,0.997,1.000
65,2.6000,0,11,left_shoulder,1372.06,536.72,-0.0849,-0.4527,-0.1748,1.000,1.000
65,2.6000,0,12,right_shoulder,1425.09,537.25,0.1374,-0.5419,0.1205,0.999,1.000
65,2.6000,0,13,left_elbow,1365.14,610.81,-0.0773,-0.2581,-0.2649,0.999,1.000
65,2.6000,0,14,right_elbow,1469.38,586.88,0.2276,-0.2906,0.1129,0.349,1.000
65,2.6000,0,15,left_wrist,1348.42,678.49,-0.1347,-0.0332,-0.1949,0.980,1.000
65,2.6000,0,16,right_wrist,1426.59,621.92,0.0714,-0.1913,0.1042,0.029,1.000
65,2.6000,0,17,left_pinky,1343.50,697.64,-0.1516,-0.0099,-0.1871,0.958,1.000
65,2.6000,0,18,right_pinky,1420.13,632.22,0.0701,-0.1912,0.0995,0.029,1.000
65,2.6000,0,19,left_index,1343.31,697.64,-0.1664,-0.0003,-0.1802,0.953,1.000
65,2.6000,0,20,right_index,1414.49,629.50,0.0483,-0.2284,0.0907,0.026,1.000
65,2.6000,0,21,left_thumb,1345.85,691.61,-0.1327,-0.0090,-0.1851,0.902,1.000
65,2.6000,0,22,right_thumb,1416.04,626.43,0.0517,-0.2028,0.0944,0.029,1.000
65,2.6000,0,23,left_hip,1381.46,679.70,-0.0578,0.0107,-0.0503,1.000,1.000
65,2.6000,0,24,right_hip,1412.03,675.06,0.0605,-0.0144,0.0507,1.000,1.000
65,2.6000,0,25,left_knee,1376.48,776.04,-0.0932,0.3597,-0.0121,0.974,1.000
65,2.6000,0,26,right_knee,1418.76,767.20,0.0879,0.2823,0.1587,0.535,1.000
65,2.6000,0,27,left_ankle,1366.06,881.45,-0.1308,0.7100,0.0049,0.990,1.000
65,2.6000,0,28,right_ankle,1423.11,873.23,0.0854,0.6963,0.2460,0.857,1.000
65,2.6000,0,29,left_heel,1377.84,902.28,-0.1613,0.7486,0.0145,0.982,0.999
65,2.6000,0,30,right_heel,1428.11,893.91,0.0767,0.7324,0.2156,0.936,1.000
65,2.6000,0,31,left_foot_index,1310.32,896.98,-0.2786,0.7478,0.0054,0.969,0.999
65,2.6000,0,32,right_foot_index,1387.71,880.05,0.0007,0.7110,0.2342,0.785,1.000
66,2.6400,1,0,nose,770.23,531.29,-0.0393,-0.5554,0.2394,1.000,1.000
66,2.6400,1,1,left_eye_inner,766.25,527.30,-0.0752,-0.5570,0.2158,1.000,1.000
66,2.6400,1,2,left_eye,764.28,527.53,-0.0761,-0.5643,0.2294,1.000,1.000
66,2.6400,1,3,left_eye_outer,761.80,527.92,-0.0739,-0.5601,0.2206,1.000,1.000
66,2.6400,1,4,right_eye_inner,771.80,526.11,-0.0235,-0.5864,0.1949,1.000,1.000
66,2.6400,1,5,right_eye,773.64,525.52,-0.0289,-0.5786,0.1917,1.000,1.000
66,2.6400,1,6,right_eye_outer,775.36,525.17,-0.0119,-0.5730,0.2075,1.000,1.000
66,2.6400,1,7,left_ear,758.59,531.85,-0.1474,-0.5172,0.1212,1.000,1.000
66,2.6400,1,8,right_ear,777.38,528.97,0.0146,-0.4991,0.1087,1.000,1.000
66,2.6400,1,9,mouth_left,767.79,536.44,-0.0534,-0.5329,0.2242,1.000,1.000
66,2.6400,1,10,mouth_right,774.34,536.13,-0.0103,-0.5091,0.1914,1.000,1.000
66,2.6400,1,11,left_shoulder,732.38,562.48,-0.2245,-0.3605,0.1051,1.000,1.000
66,2.6400,1,12,right_shoulder,802.75,557.28,0.1031,-0.4904,0.1329,1.000,1.000
66,2.6400,1,13,left_elbow,723.16,610.53,-0.3017,-0.2356,0.2204,0.755,1.000
66,2.6400,1,14,right_elbow,837.81,599.29,0.2867,-0.2535,0.1257,0.992,1.000
66,2.6400,1,15,left_wrist,749.53,600.05,-0.1605,-0.2782,0.5701,0.078,1.000
66,2.6400,1,16,right_wrist,825.76,628.83,0.1981,-0.1197,0.2301,0.604,1.000
66,2.6400,1,17,left_pinky,755.88,596.92,-0.1557,-0.3266,0.6236,0.072,1.000
66,2.6400,1,18,right_pinky,824.97,631.95,0.2159,-0.1393,0.2408,0.437,1.000
66,2.6400,1,19,left_index,758.49,595.99,-0.1194,-0.3320,0.6290,0.073,1.000
66,2.6400,1,20,right_index,819.67,632.19,0.1919,-0.1675,0.2450,0.413,1.000
66,2.6400,1,21,left_thumb,756.88,596.53,-0.1225,-0.2794,0.5757,0.070,1.000
66,2.6400,1,22,right_thumb,818.84,630.33,0.1764,-0.1263,0.2329,0.346,1.000
66,2.6400,1,23,left_hip,764.48,652.57,-0.0655,0.0403,-0.0042,1.000,1.000
66,2.6400,1,24,right_hip,799.25,646.80,0.0670,-0.0387,0.0052,1.000,1.000
66,2.6400,1,25,left_knee,794.56,727.13,0.0862,0.3709,-0.0813,0.998,1.000
66,2.6400,1,26,right_knee,784.04,718.91,-0.0006,0.2471,0.0954,0.753,1.000
66,2.6400,1,27,left_ankle,841.71,793.44,0.3056,0.6320,-0.2062,0.991,1.000
66,2.6400,1,28,right_ankle,771.51,782.21,-0.1151,0.6209,0.2106,0.839,1.000
66,2.6400,1,29,left_heel,852.38,798.54,0.3022,0.6733,-0.2144,0.995,0.999
66,2.6400,1,30,right_heel,772.65,797.03,-0.1297,0.6649,0.1853,0.938,1.000
66,2.6400,1,31,left_foot_index,847.75,826.81,0.2464,0.7388,-0.1614,0.973,0.999
66,2.6400,1,32,right_foot_index,752.81,794.69,-0.1851,0.6629,0.2445,0.652,1.000
66,2.6400,0,0,nose,1369.84,497.02,-0.1350,-0.6316,0.0153,0.999,1.000
66,2.6400,0,1,left_eye_inner,1370.53,488.96,-0.1212,-0.6433,-0.0248,0.999,1.000
66,2.6400,0,2,left_eye,1369.46,488.81,-0.1209,-0.6424,-0.0135,0.999,1.000
66,2.6400,0,3,left_eye_outer,1368.40,488.70,-0.1200,-0.6449,-0.0164,0.999,1.000
66,2.6400,0,4,right_eye_inner,1375.59,487.89,-0.0977,-0.6571,-0.0117,0.999,1.000
66,2.6400,0,5,right_eye,1378.06,487.20,-0.0966,-0.6569,-0.0259,0.999,1.000
66,2.6400,0,6,right_eye_outer,1380.40,486.58,-0.0886,-0.6430,-0.0047,0.999,1.000
66,2.6400,0,7,left_ear,1373.50,490.67,-0.0689,-0.6041,-0.1269,1.000,1.000
66,2.6400,0,8,right_ear,1388.02,488.87,0.0201,-0.5649,-0.0076,0.997,1.000
66,2.6400,0,9,mouth_left,1370.23,505.26,-0.1041,-0.6115,-0.0032,0.999,1.000
66,2.6400,0,10,mouth_right,1374.97,504.47,-0.0780,-0.5801,0.0019,0.998,1.000
66,2.6400,0,11,left_shoulder,1373.02,535.63,-0.0743,-0.4490,-0.1699,1.000,1.000
66,2.6400,0,12,right_shoulder,1428.50,537.91,0.1317,-0.5338,0.1262,1.000,1.000
66,2.6400,0,13,left_elbow,1366.20,612.80,-0.0753,-0.2545,-0.2617,0.999,1.000
66,2.6400,0,14,right_elbow,1468.43,587.45,0.2149,-0.2846,0.0936,0.434,1.000
66,2.6400,0,15,left_wrist,1348.94,678.49,-0.1362,-0.0407,-0.1966,0.982,1.000
66,2.6400,0,16,right_wrist,1424.04,623.54,0.0678,-0.1810,0.0437,0.041,1.000
66,2.6400,0,17,left_pinky,1344.97,697.32,-0.1548,-0.0212,-0.1912,0.963,1.000
66,2.6400,0,18,right_pinky,1416.51,636.65,0.0648,-0.1812,0.0298,0.039,1.000
66,2.6400,0,19,left_index,1345.52,697.19,-0.1700,-0.0135,-0.1853,0.959,1.000
66,2.6400,0,20,right_index,1411.52,632.84,0.0471,-0.2175,0.0212,0.036,1.000
66,2.6400,0,21,left_thumb,1347.07,691.38,-0.1343,-0.0174,-0.1868,0.914,1.000
66,2.6400,0,22,right_thumb,1413.45,628.48,0.0499,-0.1917,0.0327,0.037,1.000
66,2.6400,0,23,left_hip,1381.09,680.27,-0.0577,0.0081,-0.0490,1.000,1.000
66,2.6400,0,24,right_hip,1414.26,675.34,0.0603,-0.0118,0.0500,1.000,1.000
66,2.6400,0,25,left_knee,1379.82,781.38,-0.0966,0.3670,-0.0279,0.981,1.000
66,2.6400,0,26,right_knee,1420.44,772.70,0.1010,0.2982,0.1395,0.620,1.000
66,2.6400,0,27,left_ankle,1365.23,886.07,-0.1364,0.7108,0.0198,0.988,1.000
66,2.6400,0,28,right_ankle,1424.82,872.88,0.0951,0.7041,0.2229,0.876,1.000
66,2.6400,0,29,left_heel,1378.85,906.75,-0.1652,0.7477,0.0343,0.979,0.999
66,2.6400,0,30,right_heel,1430.84,896.28,0.0870,0.7389,0.1928,0.940,1.000
66,2.6400,0,31,left_foot_index,1314.81,899.57,-0.2765,0.7460,0.0308,0.964,1.000
66,2.6400,0,32,right_foot_index,1388.50,880.88,0.0158,0.7175,0.2083,0.808,1.000
67,2.6800,1,0,nose,761.62,535.61,-0.0528,-0.6049,0.1647,1.000,1.000
67,2.6800,1,1,left_eye_inner,758.43,531.31,-0.0761,-0.6113,0.1289,1.000,1.000
67,2.6800,1,2,left_eye,756.47,531.31,-0.0768,-0.6128,0.1399,1.000,1.000
67,2.6800,1,3,left_eye_outer,754.38,531.42,-0.0740,-0.6128,0.1387,1.000,1.000
67,2.6800,1,4,right_eye_inner,763.55,530.77,-0.0351,-0.6347,0.1144,1.000,1.000
67,2.6800,1,5,right_eye,765.43,530.46,-0.0310,-0.6338,0.1043,1.000,1.000
67,2.6800,1,6,right_eye_outer,767.41,530.16,-0.0241,-0.6214,0.1235,1.000,1.000
67,2.6800,1,7,left_ear,751.33,534.44,-0.1420,-0.5698,0.0338,1.000,1.000
67,2.6800,1,8,right_ear,770.52,532.91,0.0173,-0.5422,0.0228,1.000,1.000
67,2.6800,1,9,mouth_left,759.54,540.28,-0.0603,-0.5840,0.1512,1.000,1.000
67,2.6800,1,10,mouth_right,765.14,540.26,-0.0131,-0.5515,0.1218,1.000,1.000
67,2.6800,1,11,left_shoulder,727.09,566.51,-0.2153,-0.4031,0.0042,1.000,1.000
67,2.6800,1,12,right_shoulder,796.57,565.35,0.1079,-0.5363,0.0864,1.000,1.000
67,2.6800,1,13,left_elbow,718.11,616.42,-0.2841,-0.2665,0.0817,0.870,1.000
67,2.6800,1,14,right_elbow,830.92,607.81,0.2777,-0.2912,0.0782,0.995,1.000
67,2.6800,1,15,left_wrist,739.79,603.54,-0.1612,-0.3121,0.3768,0.045,1.000
67,2.6800,1,16,right_wrist,817.29,631.03,0.1844,-0.1671,0.1526,0.571,1.000
67,2.6800,1,17,left_pinky,747.13,595.58,-0.1519,-0.3504,0.4328,0.046,1.000
67,2.6800,1,18,right_pinky,814.42,633.92,0.2076,-0.1647,0.1542,0.441,1.000
67,2.6800,1,19,left_index,748.68,595.70,-0.1232,-0.3679,0.4273,0.047,1.000
67,2.6800,1,20,right_index,809.36,632.32,0.1852,-0.1988,0.1535,0.423,1.000
67,2.6800,1,21,left_thumb,746.91,596.90,-0.1256,-0.3094,0.3875,0.046,1.000
67,2.6800,1,22,right_thumb,810.02,630.85,0.1664,-0.1786,0.1521,0.373,1.000
67,2.6800,1,23,left_hip,756.45,661.64,-0.0551,0.0293,-0.0309,1.000,1.000
67,2.6800,1,24,right_hip,790.35,657.45,0.0556,-0.0345,0.0314,1.000,1.000
67,2.6800,1,25,left_knee,775.40,731.51,0.0578,0.3704,-0.0923,0.999,1.000
67,2.6800,1,26,right_knee,770.71,723.81,-0.0200,0.2607,0.1136,0.850,1.000
67,2.6800,1,27,left_ankle,823.93,789.06,0.2993,0.5995,-0.1666,0.996,1.000
67,2.6800,1,28,right_ankle,767.49,790.97,-0.1115,0.6488,0.1901,0.963,1.000
67,2.6800,1,29,left_heel,837.58,789.55,0.2998,0.6331,-0.1645,0.997,1.000
67,2.6800,1,30,right_heel,772.07,806.01,-0.1281,0.6903,0.1580,0.980,1.000
67,2.6800,1,31,left_foot_index,827.63,824.92,0.2368,0.6861,-0.1036,0.987,1.000
67,2.6800,1,32,right_foot_index,746.77,799.15,-0.1951,0.6945,0.2114,0.889,1.000
67,2.6800,0,0,nose,1373.18,497.45,-0.1117,-0.6514,0.0271,0.996,1.000
67,2.6800,0,1,left_eye_inner,1373.46,489.10,-0.1025,-0.6605,-0.0141,0.995,1.000
67,2.6800,0,2,left_eye,1371.94,489.21,-0.1022,-0.6602,-0.0028,0.996,1.000
67,2.6800,0,3,left_eye_outer,1370.48,489.36,-0.1011,-0.6625,-0.0058,0.997,1.000
67,2.6800,0,4,right_eye_inner,1379.28,488.43,-0.0756,-0.6727,-0.0045,0.995,1.000
67,2.6800,0,5,right_eye,1381.75,488.11,-0.0747,-0.6725,-0.0187,0.995,1.000
67,2.6800,0,6,right_eye_outer,1384.05,487.79,-0.0679,-0.6579,0.0026,0.996,1.000
67,2.6800,0,7,left_ear,1375.39,492.21,-0.0649,-0.6146,-0.1170,0.997,1.000
67,2.6800,0,8,right_ear,1391.48,490.59,0.0278,-0.5685,-0.0131,0.988,1.000
67,2.6800,0,9,mouth_left,1372.68,506.85,-0.0862,-0.6276,0.0088,0.994,1.000
67,2.6800,0,10,mouth_right,1377.67,505.60,-0.0604,-0.5944,0.0096,0.990,1.000
67,2.6800,0,11,left_shoulder,1373.94,538.55,-0.0749,-0.4556,-0.1475,1.000,1.000
67,2.6800,0,12,right_shoulder,1430.99,542.87,0.1483,-0.5343,0.1122,0.999,1.000
67,2.6800,0,13,left_elbow,1366.22,614.88,-0.0711,-0.2599,-0.2348,0.993,1.000
67,2.6800,0,14,right_elbow,1473.29,586.95,0.2302,-0.2985,0.1062,0.272,1.000
67,2.6800,0,15,left_wrist,1347.49,678.95,-0.1342,-0.0583,-0.1739,0.910,1.000
67,2.6800,0,16,right_wrist,1424.69,622.79,0.0812,-0.2106,0.1060,0.033,1.000
67,2.6800,0,17,left_pinky,1344.10,700.67,-0.1533,-0.0409,-0.1657,0.854,1.000
67,2.6800,0,18,right_pinky,1416.55,633.62,0.0800,-0.2119,0.0982,0.032,1.000
67,2.6800,0,19,left_index,1344.30,700.27,-0.1687,-0.0367,-0.1601,0.844,1.000
67,2.6800,0,20,right_index,1411.78,631.17,0.0604,-0.2461,0.0895,0.029,1.000
67,2.6800,0,21,left_thumb,1345.67,693.41,-0.1332,-0.0365,-0.1644,0.728,1.000
67,2.6800,0,22,right_thumb,1414.42,625.86,0.0616,-0.2222,0.0967,0.030,1.000
67,2.6800,0,23,left_hip,1381.13,689.28,-0.0600,0.0065,-0.0390,1.000,1.000
67,2.6800,0,24,right_hip,1412.46,685.02,0.0628,-0.0102,0.0394,1.000,1.000
67,2.6800,0,25,left_knee,1380.51,785.82,-0.0897,0.3547,0.0288,0.937,1.000
67,2.6800,0,26,right_knee,1421.18,772.73,0.1030,0.2861,0.1502,0.451,1.000
67,2.6800,0,27,left_ankle,1369.76,886.71,-0.1320,0.6817,0.0751,0.980,1.000
67,2.6800,0,28,right_ankle,1428.97,874.06,0.0855,0.6744,0.2545,0.815,1.000
67,2.6800,0,29,left_heel,1380.30,908.08,-0.1632,0.7152,0.0881,0.958,0.999
67,2.6800,0,30,right_heel,1432.75,895.85,0.0754,0.7070,0.2285,0.903,1.000
67,2.6800,0,31,left_foot_index,1311.04,900.06,-0.2855,0.7066,0.0840,0.925,1.000
67,2.6800,0,32,right_foot_index,1394.85,879.81,0.0123,0.6793,0.2478,0.683,1.000
68,2.7200,1,0,nose,752.49,539.33,-0.0667,-0.6250,0.2059,1.000,1.000
68,2.7200,1,1,left_eye_inner,749.99,534.40,-0.0853,-0.6312,0.1703,1.000,1.000
68,2.7200,1,2,left_eye,748.06,534.59,-0.0853,-0.6330,0.1810,1.000,1.000
68,2.7200,1,3,left_eye_outer,746.11,534.87,-0.0827,-0.6330,0.1792,1.000,1.000
68,2.7200,1,4,right_eye_inner,755.18,533.74,-0.0423,-0.6533,0.1584,1.000,1.000
68,2.7200,1,5,right_eye,757.11,533.50,-0.0386,-0.6524,0.1482,1.000,1.000
68,2.7200,1,6,right_eye_outer,759.19,533.27,-0.0316,-0.6401,0.1676,1.000,1.000
68,2.7200,1,7,left_ear,743.87,537.87,-0.1375,-0.5833,0.0643,1.000,1.000
68,2.7200,1,8,right_ear,762.74,535.94,0.0223,-0.5545,0.0731,1.000,1.000
68,2.7200,1,9,mouth_left,749.66,544.75,-0.0704,-0.6007,0.1878,1.000,1.000
68,2.7200,1,10,mouth_right,755.89,544.47,-0.0244,-0.5676,0.1639,1.000,1.000
68,2.7200,1,11,left_shoulder,722.78,571.00,-0.2090,-0.4141,0.0122,1.000,1.000
68,2.7200,1,12,right_shoulder,787.62,572.14,0.1252,-0.5296,0.1347,1.000,1.000
68,2.7200,1,13,left_elbow,713.54,621.99,-0.2652,-0.2729,0.0560,0.920,1.000
68,2.7200,1,14,right_elbow,819.46,612.03,0.2887,-0.2716,0.1424,0.976,1.000
68,2.7200,1,15,left_wrist,735.13,605.43,-0.1457,-0.3154,0.3185,0.125,1.000
68,2.7200,1,16,right_wrist,805.62,632.64,0.1832,-0.1838,0.2293,0.466,1.000
68,2.7200,1,17,left_pinky,742.42,609.85,-0.1327,-0.3544,0.3705,0.128,1.000
68,2.7200,1,18,right_pinky,803.14,634.94,0.2048,-0.1905,0.2360,0.402,1.000
68,2.7200,1,19,left_index,746.72,600.98,-0.1024,-0.3723,0.3676,0.132,1.000
68,2.7200,1,20,right_index,797.73,633.27,0.1797,-0.2286,0.2331,0.381,1.000
68,2.7200,1,21,left_thumb,741.91,601.81,-0.1106,-0.3134,0.3292,0.119,1.000
68,2.7200,1,22,right_thumb,798.46,632.07,0.1618,-0.2000,0.2282,0.339,1.000
68,2.7200,1,23,left_hip,749.64,667.83,-0.0712,0.0264,-0.0413,1.000,1.000
68,2.7200,1,24,right_hip,781.41,664.66,0.0723,-0.0317,0.0413,1.000,1.000
68,2.7200,1,25,left_knee,756.19,735.85,-0.0294,0.3845,-0.0740,0.999,1.000
68,2.7200,1,26,right_knee,760.31,725.75,0.0099,0.2623,0.1128,0.882,1.000
68,2.7200,1,27,left_ankle,807.92,782.94,0.2349,0.5680,-0.1379,0.997,1.000
68,2.7200,1,28,right_ankle,768.73,793.59,-0.0388,0.6437,0.1619,0.975,1.000
68,2.7200,1,29,left_heel,819.55,781.10,0.2389,0.5958,-0.1342,0.998,1.000
68,2.7200,1,30,right_heel,774.92,807.23,-0.0512,0.6831,0.1282,0.990,1.000
68,2.7200,1,31,left_foot_index,809.51,816.13,0.1749,0.6511,-0.0650,0.991,1.000
68,2.7200,1,32,right_foot_index,747.91,802.66,-0.1265,0.6915,0.1847,0.931,1.000
68,2.7200,0,0,nose,1370.83,499.13,-0.0930,-0.6578,-0.0057,0.994,1.000
68,2.7200,0,1,left_eye_inner,1372.30,490.07,-0.0824,-0.6672,-0.0462,0.994,1.000
68,2.7200,0,2,left_eye,1371.64,489.78,-0.0821,-0.6670,-0.0344,0.994,1.000
68,2.7200,0,3,left_eye_outer,1370.94,489.51,-0.0814,-0.6690,-0.0374,0.996,1.000
68,2.7200,0,4,right_eye_inner,1377.72,489.77,-0.0579,-0.6787,-0.0350,0.993,1.000
68,2.7200,0,5,right_eye,1380.53,489.28,-0.0573,-0.6783,-0.0487,0.994,1.000
68,2.7200,0,6,right_eye_outer,1383.13,488.65,-0.0511,-0.6632,-0.0277,0.995,1.000
68,2.7200,0,7,left_ear,1377.28,491.10,-0.0385,-0.6216,-0.1441,0.996,1.000
68,2.7200,0,8,right_ear,1391.30,490.34,0.0394,-0.5771,-0.0325,0.987,0.999
68,2.7200,0,9,mouth_left,1371.64,506.91,-0.0639,-0.6332,-0.0222,0.992,1.000
68,2.7200,0,10,mouth_right,1376.54,506.96,-0.0430,-0.6008,-0.0191,0.988,0.999
68,2.7200,0,11,left_shoulder,1378.50,538.29,-0.0420,-0.4647,-0.1659,1.000,1.000
68,2.7200,0,12,right_shoulder,1430.57,541.26,0.1574,-0.5387,0.1118,0.999,1.000
68,2.7200,0,13,left_elbow,1367.17,617.45,-0.0451,-0.2630,-0.2473,0.981,1.000
68,2.7200,0,14,right_elbow,1470.62,590.28,0.2117,-0.3117,0.1333,0.197,1.000
68,2.7200,0,15,left_wrist,1349.71,680.42,-0.1155,-0.0877,-0.1847,0.803,1.000
68,2.7200,0,16,right_wrist,1422.80,626.00,0.0701,-0.2468,0.1489,0.039,1.000
68,2.7200,0,17,left_pinky,1345.93,699.49,-0.1347,-0.0808,-0.1792,0.738,1.000
68,2.7200,0,18,right_pinky,1411.98,636.55,0.0710,-0.2548,0.1385,0.040,1.000
68,2.7200,0,19,left_index,1344.73,698.97,-0.1490,-0.0800,-0.1739,0.724,1.000
68,2.7200,0,20,right_index,1407.91,634.04,0.0592,-0.2912,0.1272,0.038,1.000
68,2.7200,0,21,left_thumb,1346.75,692.23,-0.1151,-0.0685,-0.1765,0.585,1.000
68,2.7200,0,22,right_thumb,1410.97,628.92,0.0541,-0.2607,0.1376,0.039,1.000
68,2.7200,0,23,left_hip,1379.61,698.30,-0.0552,0.0027,-0.0492,1.000,1.000
68,2.7200,0,24,right_hip,1410.16,693.83,0.0581,-0.0065,0.0499,1.000,1.000
68,2.7200,0,25,left_knee,1385.25,779.14,-0.0977,0.3489,0.0272,0.901,1.000
68,2.7200,0,26,right_knee,1416.52,770.26,0.0968,0.2726,0.1841,0.287,1.000
68,2.7200,0,27,left_ankle,1371.31,889.52,-0.1308,0.6745,0.0856,0.970,1.000
68,2.7200,0,28,right_ankle,1426.78,878.87,0.0836,0.6677,0.2816,0.727,1.000
68,2.7200,0,29,left_heel,1382.51,912.28,-0.1585,0.7055,0.1006,0.940,0.999
68,2.7200,0,30,right_heel,1429.70,900.07,0.0761,0.7005,0.2552,0.847,1.000
68,2.7200,0,31,left_foot_index,1313.85,901.99,-0.2651,0.6975,0.1009,0.912,0.999
68,2.7200,0,32,right_foot_index,1395.92,885.58,0.0165,0.6833,0.2723,0.618,1.000
69,2.7600,1,0,nose,746.46,539.89,-0.0736,-0.6107,0.2267,0.999,1.000
69,2.7600,1,1,left_eye_inner,744.00,535.01,-0.0923,-0.6183,0.1961,0.999,1.000
69,2.7600,1,2,left_eye,742.06,535.14,-0.0920,-0.6198,0.2068,0.999,1.000
69,2.7600,1,3,left_eye_outer,740.11,535.38,-0.0889,-0.6201,0.2040,0.999,1.000
69,2.7600,1,4,right_eye_inner,748.88,534.61,-0.0500,-0.6367,0.1828,0.999,1.000
69,2.7600,1,5,right_eye,750.55,534.44,-0.0455,-0.6356,0.1720,0.999,1.000
69,2.7600,1,6,right_eye_outer,752.29,534.30,-0.0390,-0.6246,0.1911,0.999,1.000
69,2.7600,1,7,left_ear,737.47,538.59,-0.1398,-0.5741,0.0911,0.999,1.000
69,2.7600,1,8,right_ear,755.22,537.30,0.0131,-0.5383,0.1055,0.999,1.000
69,2.7600,1,9,mouth_left,743.80,545.21,-0.0764,-0.5882,0.2097,0.997,1.000
69,2.7600,1,10,mouth_right,749.40,544.89,-0.0319,-0.5523,0.1857,0.997,1.000
69,2.7600,1,11,left_shoulder,718.63,569.73,-0.2124,-0.4183,0.0295,1.000,1.000
69,2.7600,1,12,right_shoulder,781.59,572.97,0.1269,-0.4962,0.1563,1.000,1.000
69,2.7600,1,13,left_elbow,710.21,618.14,-0.2867,-0.2707,0.0464,0.916,1.000
69,2.7600,1,14,right_elbow,808.79,616.79,0.2562,-0.2289,0.1741,0.370,1.000
69,2.7600,1,15,left_wrist,709.71,616.27,-0.2694,-0.2575,0.2874,0.129,1.000
69,2.7600,1,16,right_wrist,788.05,633.23,0.1112,-0.1711,0.2999,0.009,1.000
69,2.7600,1,17,left_pinky,706.18,618.43,-0.2771,-0.2807,0.3372,0.112,1.000
69,2.7600,1,18,right_pinky,782.37,638.24,0.1277,-0.1888,0.3165,0.009,1.000
69,2.7600,1,19,left_index,710.49,615.65,-0.2549,-0.2962,0.3386,0.114,1.000
69,2.7600,1,20,right_index,779.53,636.19,0.0936,-0.2306,0.3179,0.008,1.000
69,2.7600,1,21,left_thumb,712.58,614.67,-0.2440,-0.2519,0.2996,0.091,1.000
69,2.7600,1,22,right_thumb,780.56,634.06,0.0831,-0.1916,0.2999,0.008,1.000
69,2.7600,1,23,left_hip,746.06,666.38,-0.0793,0.0209,-0.0269,1.000,1.000
69,2.7600,1,24,right_hip,775.76,660.88,0.0810,-0.0264,0.0268,1.000,1.000
69,2.7600,1,25,left_knee,737.79,734.72,-0.0893,0.3934,-0.0758,0.987,1.000
69,2.7600,1,26,right_knee,756.50,724.15,0.0181,0.2964,0.0573,0.634,1.000
69,2.7600,1,27,left_ankle,786.49,778.97,0.1476,0.5768,-0.1758,0.978,1.000
69,2.7600,1,28,right_ankle,768.57,793.33,0.0114,0.6610,0.0611,0.863,1.000
69,2.7600,1,29,left_heel,800.21,778.82,0.1507,0.6051,-0.1751,0.988,1.000
69,2.7600,1,30,right_heel,772.91,805.42,0.0048,0.6976,0.0236,0.945,1.000
69,2.7600,1,31,left_foot_index,781.82,814.30,0.1014,0.6748,-0.1176,0.929,1.000
69,2.7600,1,32,right_foot_index,750.85,805.10,-0.0389,0.7261,0.0656,0.666,1.000
69,2.7600,0,0,nose,1374.92,500.27,-0.0849,-0.6549,0.0445,0.997,1.000
69,2.7600,0,1,left_eye_inner,1375.24,491.65,-0.0790,-0.6642,0.0030,0.996,1.000
69,2.7600,0,2,left_eye,1374.27,490.91,-0.0792,-0.6649,0.0138,0.997,1.000
69,2.7600,0,3,left_eye_outer,1373.21,490.34,-0.0774,-0.6666,0.0109,0.998,1.000
69,2.7600,0,4,right_eye_inner,1381.20,491.93,-0.0511,-0.6762,0.0103,0.996,1.000
69,2.7600,0,5,right_eye,1384.27,491.45,-0.0500,-0.6761,-0.0036,0.996,1.000
69,2.7600,0,6,right_eye_outer,1387.32,490.99,-0.0438,-0.6608,0.0171,0.996,1.000
69,2.7600,0,7,left_ear,1376.18,491.88,-0.0532,-0.6242,-0.0984,0.998,1.000
69,2.7600,0,8,right_ear,1395.27,491.79,0.0451,-0.5755,-0.0062,0.990,1.000
69,2.7600,0,9,mouth_left,1375.18,506.52,-0.0624,-0.6321,0.0257,0.995,1.000
69,2.7600,0,10,mouth_right,1381.41,507.81,-0.0352,-0.5989,0.0234,0.992,1.000
69,2.7600,0,11,left_shoulder,1374.40,538.74,-0.0651,-0.4712,-0.1266,1.000,1.000
69,2.7600,0,12,right_shoulder,1433.90,542.74,0.1499,-0.5382,0.1068,0.999,1.000
69,2.7600,0,13,left_elbow,1367.23,617.71,-0.0633,-0.2870,-0.2158,0.995,1.000
69,2.7600,0,14,right_elbow,1473.49,589.85,0.2033,-0.3148,0.0934,0.384,1.000
69,2.7600,0,15,left_wrist,1351.05,681.66,-0.1266,-0.1047,-0.1840,0.980,1.000
69,2.7600,0,16,right_wrist,1425.81,629.57,0.0769,-0.2321,0.0825,0.107,1.000
69,2.7600,0,17,left_pinky,1346.81,700.90,-0.1457,-0.0892,-0.1777,0.964,1.000
69,2.7600,0,18,right_pinky,1416.49,640.70,0.0830,-0.2344,0.0715,0.100,1.000
69,2.7600,0,19,left_index,1344.48,700.11,-0.1622,-0.0844,-0.1731,0.962,1.000
69,2.7600,0,20,right_index,1411.89,638.51,0.0674,-0.2681,0.0614,0.094,1.000
69,2.7600,0,21,left_thumb,1346.97,694.49,-0.1260,-0.0833,-0.1759,0.925,1.000
69,2.7600,0,22,right_thumb,1414.47,633.24,0.0601,-0.2444,0.0728,0.087,1.000
69,2.7600,0,23,left_hip,1379.70,703.99,-0.0673,0.0045,-0.0357,1.000,1.000
69,2.7600,0,24,right_hip,1411.93,700.57,0.0699,-0.0081,0.0362,1.000,1.000
69,2.7600,0,25,left_knee,1388.71,786.20,-0.0835,0.3319,0.0484,0.921,1.000
69,2.7600,0,26,right_knee,1424.92,776.67,0.1179,0.2513,0.1970,0.292,1.000
69,2.7600,0,27,left_ankle,1375.84,889.53,-0.0927,0.6343,0.0844,0.971,1.000
69,2.7600,0,28,right_ankle,1429.87,878.46,0.0767,0.6106,0.3206,0.688,1.000
69,2.7600,0,29,left_heel,1385.75,910.91,-0.1173,0.6655,0.0978,0.956,1.000
69,2.7600,0,30,right_heel,1431.58,902.82,0.0659,0.6408,0.2975,0.841,1.000
69,2.7600,0,31,left_foot_index,1322.19,901.75,-0.2125,0.6573,0.1011,0.915,1.000
69,2.7600,0,32,right_foot_index,1397.76,879.64,0.0170,0.6162,0.3287,0.562,1.000
70,2.8000,1,0,nose,740.99,535.78,-0.0653,-0.6160,0.1799,0.999,1.000
70,2.8000,1,1,left_eye_inner,738.49,530.92,-0.0818,-0.6276,0.1502,0.999,1.000
70,2.8000,1,2,left_eye,736.51,530.88,-0.0810,-0.6288,0.1595,0.999,1.000
70,2.8000,1,3,left_eye_outer,734.49,530.98,-0.0785,-0.6294,0.1573,0.999,1.000
70,2.8000,1,4,right_eye_inner,743.47,531.12,-0.0420,-0.6457,0.1338,0.999,1.000
70,2.8000,1,5,right_eye,745.25,531.15,-0.0372,-0.6449,0.1223,0.999,1.000
70,2.8000,1,6,right_eye_outer,747.08,531.12,-0.0305,-0.6347,0.1420,0.999,1.000
70,2.8000,1,7,left_ear,732.19,534.68,-0.1324,-0.5829,0.0464,1.000,1.000
70,2.8000,1,8,right_ear,750.07,533.98,0.0155,-0.5549,0.0570,0.998,1.000
70,2.8000,1,9,mouth_left,738.04,540.94,-0.0712,-0.5930,0.1644,0.998,1.000
70,2.8000,1,10,mouth_right,743.84,541.48,-0.0273,-0.5589,0.1376,0.997,1.000
70,2.8000,1,11,left_shoulder,712.24,566.80,-0.1878,-0.4314,0.0062,1.000,1.000
70,2.8000,1,12,right_shoulder,774.17,568.37,0.1113,-0.5073,0.1190,1.000,1.000
70,2.8000,1,13,left_elbow,710.96,615.65,-0.1923,-0.2569,-0.0195,0.941,1.000
70,2.8000,1,14,right_elbow,795.39,616.18,0.2192,-0.2278,0.1358,0.259,1.000
70,2.8000,1,15,left_wrist,702.18,617.97,-0.2397,-0.2152,0.1462,0.221,1.000
70,2.8000,1,16,right_wrist,771.22,618.40,0.0571,-0.2129,0.2628,0.002,1.000
70,2.8000,1,17,left_pinky,696.94,621.95,-0.2638,-0.2319,0.1831,0.176,1.000
70,2.8000,1,18,right_pinky,764.60,618.65,0.0710,-0.2427,0.2801,0.002,1.000
70,2.8000,1,19,left_index,698.27,615.42,-0.2564,-0.2594,0.1896,0.172,1.000
70,2.8000,1,20,right_index,759.97,615.14,0.0340,-0.3034,0.2838,0.002,1.000
70,2.8000,1,21,left_thumb,701.07,613.72,-0.2263,-0.2145,0.1557,0.122,1.000
70,2.8000,1,22,right_thumb,762.13,614.83,0.0268,-0.2421,0.2635,0.002,1.000
70,2.8000,1,23,left_hip,740.34,661.22,-0.0693,0.0169,-0.0137,1.000,1.000
70,2.8000,1,24,right_hip,771.13,657.79,0.0711,-0.0225,0.0132,1.000,1.000
70,2.8000,1,25,left_knee,723.25,726.88,-0.1222,0.3677,-0.0897,0.892,1.000
70,2.8000,1,26,right_knee,755.24,720.85,0.0475,0.2969,0.0162,0.415,1.000
70,2.8000,1,27,left_ankle,768.30,777.72,0.0670,0.5741,-0.2051,0.833,1.000
70,2.8000,1,28,right_ankle,767.33,790.77,0.0397,0.6641,-0.0242,0.652,1.000
70,2.8000,1,29,left_heel,779.66,781.23,0.0663,0.6049,-0.2062,0.938,1.000
70,2.8000,1,30,right_heel,772.05,802.06,0.0336,0.6998,-0.0649,0.842,1.000
70,2.8000,1,31,left_foot_index,757.77,804.26,0.0295,0.6770,-0.1489,0.661,1.000
70,2.8000,1,32,right_foot_index,754.17,803.92,0.0023,0.7254,-0.0275,0.362,1.000
70,2.8000,0,0,nose,1378.35,503.04,-0.0996,-0.6490,0.0107,0.995,1.000
70,2.8000,0,1,left_eye_inner,1377.85,493.93,-0.0908,-0.6574,-0.0313,0.995,1.000
70,2.8000,0,2,left_eye,1376.82,493.28,-0.0910,-0.6569,-0.0196,0.995,1.000
70,2.8000,0,3,left_eye_outer,1375.77,492.71,-0.0899,-0.6594,-0.0227,0.997,1.000
70,2.8000,0,4,right_eye_inner,1383.70,493.92,-0.0649,-0.6699,-0.0217,0.994,1.000
70,2.8000,0,5,right_eye,1386.55,493.29,-0.0639,-0.6700,-0.0364,0.995,1.000
70,2.8000,0,6,right_eye_outer,1389.25,492.61,-0.0572,-0.6552,-0.0148,0.996,1.000
70,2.8000,0,7,left_ear,1378.73,494.25,-0.0596,-0.6155,-0.1345,0.997,1.000
70,2.8000,0,8,right_ear,1396.66,493.82,0.0373,-0.5687,-0.0339,0.987,1.000
70,2.8000,0,9,mouth_left,1378.67,509.86,-0.0764,-0.6274,-0.0071,0.994,1.000
70,2.8000,0,10,mouth_right,1384.20,510.65,-0.0484,-0.5938,-0.0081,0.990,1.000
70,2.8000,0,11,left_shoulder,1379.53,540.16,-0.0674,-0.4575,-0.1634,1.000,1.000
70,2.8000,0,12,right_shoulder,1436.34,543.30,0.1484,-0.5417,0.0916,0.999,1.000
70,2.8000,0,13,left_elbow,1371.58,620.21,-0.0649,-0.2583,-0.2478,0.992,1.000
70,2.8000,0,14,right_elbow,1475.40,591.38,0.2248,-0.3054,0.0586,0.287,1.000
70,2.8000,0,15,left_wrist,1352.71,685.80,-0.1293,-0.0585,-0.1992,0.912,1.000
70,2.8000,0,16,right_wrist,1426.23,628.25,0.0733,-0.2085,0.0217,0.032,1.000
70,2.8000,0,17,left_pinky,1348.27,706.26,-0.1497,-0.0439,-0.1942,0.860,1.000
70,2.8000,0,18,right_pinky,1416.63,638.82,0.0688,-0.2106,0.0063,0.032,1.000
70,2.8000,0,19,left_index,1349.22,706.24,-0.1663,-0.0407,-0.1890,0.851,1.000
70,2.8000,0,20,right_index,1412.51,636.68,0.0507,-0.2452,-0.0006,0.029,1.000
70,2.8000,0,21,left_thumb,1350.67,700.05,-0.1277,-0.0371,-0.1899,0.723,1.000
70,2.8000,0,22,right_thumb,1415.29,632.29,0.0541,-0.2194,0.0113,0.027,1.000
70,2.8000,0,23,left_hip,1386.36,700.12,-0.0614,0.0074,-0.0386,1.000,1.000
70,2.8000,0,24,right_hip,1414.65,693.04,0.0639,-0.0111,0.0395,1.000,1.000
70,2.8000,0,25,left_knee,1385.05,788.16,-0.0847,0.3520,0.0345,0.918,1.000
70,2.8000,0,26,right_knee,1423.51,775.11,0.1042,0.2685,0.1704,0.303,1.000
70,2.8000,0,27,left_ankle,1373.35,891.79,-0.1318,0.6705,0.0870,0.971,1.000
70,2.8000,0,28,right_ankle,1434.13,877.81,0.0901,0.6622,0.2758,0.744,1.000
70,2.8000,0,29,left_heel,1382.22,912.36,-0.1627,0.7029,0.1019,0.942,0.999
70,2.8000,0,30,right_heel,1437.97,901.35,0.0811,0.6948,0.2490,0.857,1.000
70,2.8000,0,31,left_foot_index,1317.30,905.11,-0.2831,0.6903,0.1005,0.900,1.000
70,2.8000,0,32,right_foot_index,1399.16,887.37,0.0175,0.6669,0.2662,0.605,1.000
71,2.8400,1,0,nose,730.27,530.87,-0.1029,-0.6217,0.1692,1.000,1.000
71,2.8400,1,1,left_eye_inner,729.03,525.76,-0.1109,-0.6342,0.1359,1.000,1.000
71,2.8400,1,2,left_eye,727.36,525.63,-0.1100,-0.6347,0.1459,1.000,1.000
71,2.8400,1,3,left_eye_outer,725.54,525.61,-0.1085,-0.6360,0.1429,1.000,1.000
71,2.8400,1,4,right_eye_inner,734.05,525.73,-0.0737,-0.6530,0.1260,1.000,1.000
71,2.8400,1,5,right_eye,735.87,525.62,-0.0693,-0.6523,0.1134,1.000,1.000
71,2.8400,1,6,right_eye_outer,737.71,525.44,-0.0622,-0.6427,0.1339,1.000,1.000
71,2.8400,1,7,left_ear,724.55,529.23,-0.1352,-0.5871,0.0254,1.000,1.000
71,2.8400,1,8,right_ear,741.73,528.76,0.0071,-0.5628,0.0627,0.999,1.000
71,2.8400,1,9,mouth_left,727.86,536.03,-0.1011,-0.5978,0.1508,0.999,1.000
71,2.8400,1,10,mouth_right,733.59,536.54,-0.0588,-0.5649,0.1315,0.999,1.000
71,2.8400,1,11,left_shoulder,706.68,561.63,-0.1781,-0.4372,-0.0077,1.000,1.000
71,2.8400,1,12,right_shoulder,767.32,563.32,0.1058,-0.5179,0.1350,1.000,1.000
71,2.8400,1,13,left_elbow,708.75,610.19,-0.1705,-0.2660,-0.0324,0.979,1.000
71,2.8400,1,14,right_elbow,786.23,609.58,0.1992,-0.2333,0.1317,0.335,1.000
71,2.8400,1,15,left_wrist,702.45,612.86,-0.2194,-0.2376,0.1238,0.457,1.000
71,2.8400,1,16,right_wrist,759.82,613.16,0.0185,-0.2155,0.2164,0.005,1.000
71,2.8400,1,17,left_pinky,694.25,615.84,-0.2458,-0.2579,0.1569,0.380,1.000
71,2.8400,1,18,right_pinky,750.97,614.64,0.0233,-0.2417,0.2256,0.005,1.000
71,2.8400,1,19,left_index,695.32,607.62,-0.2388,-0.2890,0.1643,0.370,1.000
71,2.8400,1,20,right_index,746.52,610.19,-0.0090,-0.3021,0.2270,0.004,1.000
71,2.8400,1,21,left_thumb,698.81,606.72,-0.2068,-0.2389,0.1335,0.274,1.000
71,2.8400,1,22,right_thumb,748.76,609.52,-0.0104,-0.2427,0.2161,0.005,1.000
71,2.8400,1,23,left_hip,732.69,656.11,-0.0707,0.0151,-0.0192,1.000,1.000
71,2.8400,1,24,right_hip,763.90,653.60,0.0723,-0.0201,0.0189,1.000,1.000
71,2.8400,1,25,left_knee,709.54,721.17,-0.1515,0.3851,-0.0633,0.961,1.000
71,2.8400,1,26,right_knee,757.36,720.07,0.0617,0.2988,0.0075,0.782,1.000
71,2.8400,1,27,left_ankle,748.66,781.20,-0.0025,0.6245,-0.1154,0.930,1.000
71,2.8400,1,28,right_ankle,770.47,792.07,0.0926,0.6896,-0.0145,0.888,1.000
71,2.8400,1,29,left_heel,757.90,788.63,-0.0114,0.6581,-0.1097,0.958,1.000
71,2.8400,1,30,right_heel,776.39,803.19,0.0893,0.7266,-0.0536,0.950,1.000
71,2.8400,1,31,left_foot_index,734.75,803.71,-0.0794,0.7262,-0.0530,0.792,1.000
71,2.8400,1,32,right_foot_index,751.63,804.05,0.0419,0.7424,-0.0132,0.692,1.000
71,2.8400,0,0,nose,1379.81,499.47,-0.1222,-0.6461,0.0103,0.999,1.000
71,2.8400,0,1,left_eye_inner,1379.59,492.48,-0.1098,-0.6555,-0.0307,0.999,1.000
71,2.8400,0,2,left_eye,1377.83,492.67,-0.1100,-0.6543,-0.0189,0.999,1.000
71,2.8400,0,3,left_eye_outer,1376.16,492.78,-0.1087,-0.6571,-0.0224,0.999,1.000
71,2.8400,0,4,right_eye_inner,1386.09,491.40,-0.0851,-0.6710,-0.0213,0.998,1.000
71,2.8400,0,5,right_eye,1388.97,490.91,-0.0841,-0.6709,-0.0361,0.998,1.000
71,2.8400,0,6,right_eye_outer,1391.56,490.42,-0.0762,-0.6571,-0.0145,0.998,1.000
71,2.8400,0,7,left_ear,1378.62,495.51,-0.0735,-0.6137,-0.1353,0.999,1.000
71,2.8400,0,8,right_ear,1399.21,493.40,0.0264,-0.5786,-0.0315,0.995,1.000
71,2.8400,0,9,mouth_left,1378.92,507.76,-0.0990,-0.6252,-0.0078,0.998,1.000
71,2.8400,0,10,mouth_right,1385.18,506.72,-0.0689,-0.5947,-0.0082,0.996,1.000
71,2.8400,0,11,left_shoulder,1375.47,543.41,-0.0875,-0.4573,-0.1735,1.000,1.000
71,2.8400,0,12,right_shoulder,1435.62,544.31,0.1314,-0.5507,0.1002,0.999,1.000
71,2.8400,0,13,left_elbow,1369.18,620.15,-0.0755,-0.2677,-0.2544,0.998,1.000
71,2.8400,0,14,right_elbow,1474.50,592.82,0.2186,-0.3016,0.0641,0.330,1.000
71,2.8400,0,15,left_wrist,1353.59,683.31,-0.1351,-0.0477,-0.1916,0.979,1.000
71,2.8400,0,16,right_wrist,1429.31,630.25,0.0705,-0.1901,0.0252,0.027,1.000
71,2.8400,0,17,left_pinky,1349.72,703.33,-0.1551,-0.0250,-0.1871,0.957,1.000
71,2.8400,0,18,right_pinky,1422.86,643.96,0.0673,-0.1899,0.0124,0.027,1.000
71,2.8400,0,19,left_index,1348.80,704.05,-0.1749,-0.0150,-0.1804,0.953,1.000
71,2.8400,0,20,right_index,1417.85,639.56,0.0463,-0.2244,0.0056,0.024,1.000
71,2.8400,0,21,left_thumb,1351.15,697.60,-0.1339,-0.0225,-0.1814,0.896,1.000
71,2.8400,0,22,right_thumb,1419.23,635.16,0.0511,-0.1997,0.0149,0.024,1.000
71,2.8400,0,23,left_hip,1386.15,691.50,-0.0620,0.0115,-0.0429,1.000,1.000
71,2.8400,0,24,right_hip,1420.71,686.26,0.0644,-0.0152,0.0438,1.000,1.000
71,2.8400,0,25,left_knee,1385.85,786.40,-0.0798,0.3618,0.0132,0.967,1.000
71,2.8400,0,26,right_knee,1427.51,776.98,0.0981,0.2808,0.1633,0.475,1.000
71,2.8400,0,27,left_ankle,1373.64,892.73,-0.1179,0.7027,0.0472,0.986,1.000
71,2.8400,0,28,right_ankle,1433.76,878.66,0.1045,0.6840,0.2538,0.848,1.000
71,2.8400,0,29,left_heel,1385.26,912.04,-0.1480,0.7405,0.0602,0.974,0.999
71,2.8400,0,30,right_heel,1440.21,902.18,0.0971,0.7179,0.2239,0.926,1.000
71,2.8400,0,31,left_foot_index,1319.41,906.08,-0.2579,0.7434,0.0582,0.950,1.000
71,2.8400,0,32,right_foot_index,1398.47,882.96,0.0256,0.6950,0.2424,0.747,1.000
72,2.8800,1,0,nose,724.01,525.07,-0.1019,-0.6228,0.1701,1.000,1.000
72,2.8800,1,1,left_eye_inner,720.75,520.84,-0.1105,-0.6358,0.1351,1.000,1.000
72,2.8800,1,2,left_eye,718.51,521.09,-0.1094,-0.6368,0.1451,1.000,1.000
72,2.8800,1,3,left_eye_outer,716.03,521.37,-0.1084,-0.6379,0.1424,1.000,1.000
72,2.8800,1,4,right_eye_inner,726.42,519.97,-0.0725,-0.6525,0.1249,1.000,1.000
72,2.8800,1,5,right_eye,728.20,519.67,-0.0685,-0.6518,0.1124,1.000,1.000
72,2.8800,1,6,right_eye_outer,730.07,519.31,-0.0612,-0.6416,0.1332,1.000,1.000
72,2.8800,1,7,left_ear,714.26,524.90,-0.1348,-0.5887,0.0277,1.000,1.000
72,2.8800,1,8,right_ear,734.44,522.14,0.0033,-0.5591,0.0639,1.000,1.000
72,2.8800,1,9,mouth_left,721.10,530.35,-0.1002,-0.5974,0.1531,1.000,1.000
72,2.8800,1,10,mouth_right,727.64,530.44,-0.0606,-0.5642,0.1346,0.999,1.000
72,2.8800,1,11,left_shoulder,698.18,557.18,-0.1710,-0.4395,-0.0051,1.000,1.000
72,2.8800,1,12,right_shoulder,760.27,557.85,0.1048,-0.5161,0.1584,1.000,1.000
72,2.8800,1,13,left_elbow,705.06,605.37,-0.1535,-0.2563,-0.0550,0.987,1.000
72,2.8800,1,14,right_elbow,775.60,602.73,0.1780,-0.2571,0.1817,0.418,1.000
72,2.8800,1,15,left_wrist,693.88,605.14,-0.2149,-0.2330,0.0741,0.560,1.000
72,2.8800,1,16,right_wrist,749.69,596.33,0.0136,-0.2794,0.3020,0.010,1.000
72,2.8800,1,17,left_pinky,687.91,608.24,-0.2411,-0.2580,0.0987,0.489,1.000
72,2.8800,1,18,right_pinky,742.81,594.95,0.0245,-0.3126,0.3114,0.012,1.000
72,2.8800,1,19,left_index,687.95,599.86,-0.2372,-0.2880,0.1074,0.479,1.000
72,2.8800,1,20,right_index,739.73,591.91,0.0011,-0.3752,0.3132,0.010,1.000
72,2.8800,1,21,left_thumb,689.96,598.28,-0.2054,-0.2346,0.0819,0.375,1.000
72,2.8800,1,22,right_thumb,740.76,592.33,-0.0129,-0.3095,0.3021,0.011,1.000
72,2.8800,1,23,left_hip,724.92,649.90,-0.0733,0.0115,-0.0349,1.000,1.000
72,2.8800,1,24,right_hip,756.93,648.19,0.0748,-0.0166,0.0343,1.000,1.000
72,2.8800,1,25,left_knee,697.94,716.65,-0.1848,0.3859,-0.0928,0.992,1.000
72,2.8800,1,26,right_knee,757.72,719.07,0.0921,0.3059,0.0264,0.878,1.000
72,2.8800,1,27,left_ankle,723.87,786.43,-0.0828,0.6788,-0.1237,0.983,1.000
72,2.8800,1,28,right_ankle,768.47,791.38,0.1222,0.7133,0.0135,0.961,1.000
72,2.8800,1,29,left_heel,735.00,794.38,-0.0983,0.7167,-0.1158,0.985,1.000
72,2.8800,1,30,right_heel,772.33,800.96,0.1154,0.7513,-0.0234,0.983,1.000
72,2.8800,1,31,left_foot_index,701.74,811.18,-0.1964,0.7870,-0.0681,0.935,1.000
72,2.8800,1,32,right_foot_index,749.35,804.51,0.0411,0.7575,0.0190,0.879,1.000
72,2.8800,0,0,nose,1379.35,499.18,-0.1239,-0.6562,0.0210,0.999,1.000
72,2.8800,0,1,left_eye_inner,1379.02,491.50,-0.1105,-0.6651,-0.0211,0.999,1.000
72,2.8800,0,2,left_eye,1377.39,491.55,-0.1109,-0.6639,-0.0095,0.999,1.000
72,2.8800,0,3,left_eye_outer,1375.78,491.71,-0.1096,-0.6669,-0.0129,0.999,1.000
72,2.8800,0,4,right_eye_inner,1385.12,490.85,-0.0851,-0.6807,-0.0113,0.999,1.000
72,2.8800,0,5,right_eye,1387.81,490.51,-0.0838,-0.6810,-0.0265,0.999,1.000
72,2.8800,0,6,right_eye_outer,1390.23,490.16,-0.0761,-0.6669,-0.0046,0.999,1.000
72,2.8800,0,7,left_ear,1379.02,495.57,-0.0764,-0.6200,-0.1302,1.000,1.000
72,2.8800,0,8,right_ear,1397.52,493.87,0.0293,-0.5840,-0.0255,0.997,1.000
72,2.8800,0,9,mouth_left,1378.36,507.01,-0.1021,-0.6339,0.0007,0.999,1.000
72,2.8800,0,10,mouth_right,1384.58,506.34,-0.0707,-0.6030,0.0005,0.998,1.000
72,2.8800,0,11,left_shoulder,1374.98,545.21,-0.0908,-0.4613,-0.1727,1.000,1.000
72,2.8800,0,12,right_shoulder,1433.89,544.86,0.1412,-0.5526,0.0891,1.000,1.000
72,2.8800,0,13,left_elbow,1369.36,621.50,-0.0752,-0.2694,-0.2585,0.999,1.000
72,2.8800,0,14,right_elbow,1478.78,590.78,0.2462,-0.3000,0.0284,0.541,1.000
72,2.8800,0,15,left_wrist,1354.64,686.90,-0.1271,-0.0417,-0.2001,0.980,1.000
72,2.8800,0,16,right_wrist,1430.17,628.39,0.0851,-0.1969,-0.0306,0.045,1.000
72,2.8800,0,17,left_pinky,1350.97,705.92,-0.1448,-0.0153,-0.1931,0.960,1.000
72,2.8800,0,18,right_pinky,1422.80,641.14,0.0777,-0.1959,-0.0450,0.044,1.000
72,2.8800,0,19,left_index,1350.96,706.43,-0.1607,-0.0051,-0.1892,0.956,1.000
72,2.8800,0,20,right_index,1418.06,636.99,0.0569,-0.2308,-0.0497,0.039,1.000
72,2.8800,0,21,left_thumb,1352.53,700.40,-0.1243,-0.0159,-0.1906,0.904,1.000
72,2.8800,0,22,right_thumb,1419.80,632.78,0.0645,-0.2069,-0.0401,0.038,1.000
72,2.8800,0,23,left_hip,1386.79,694.93,-0.0654,0.0110,-0.0400,1.000,1.000
72,2.8800,0,24,right_hip,1419.25,690.48,0.0677,-0.0146,0.0409,1.000,1.000
72,2.8800,0,25,left_knee,1385.64,787.98,-0.0821,0.3594,0.0258,0.982,1.000
72,2.8800,0,26,right_knee,1427.70,777.67,0.1069,0.2829,0.1648,0.633,1.000
72,2.8800,0,27,left_ankle,1372.73,892.74,-0.1302,0.6944,0.0600,0.992,1.000
72,2.8800,0,28,right_ankle,1431.75,882.03,0.1013,0.6873,0.2590,0.916,1.000
72,2.8800,0,29,left_heel,1386.45,914.89,-0.1621,0.7321,0.0732,0.986,1.000
72,2.8800,0,30,right_heel,1436.77,902.53,0.0927,0.7216,0.2288,0.960,1.000
72,2.8800,0,31,left_foot_index,1320.23,906.00,-0.2800,0.7354,0.0726,0.971,1.000
72,2.8800,0,32,right_foot_index,1394.22,887.04,0.0201,0.6988,0.2479,0.839,1.000
73,2.9200,1,0,nose,715.49,519.41,-0.0917,-0.6316,0.1824,1.000,1.000
73,2.9200,1,1,left_eye_inner,712.33,515.17,-0.1013,-0.6414,0.1474,1.000,1.000
73,2.9200,1,2,left_eye,710.08,515.39,-0.1009,-0.6422,0.1570,1.000,1.000
73,2.9200,1,3,left_eye_outer,707.74,515.62,-0.0996,-0.6433,0.1554,1.000,1.000
73,2.9200,1,4,right_eye_inner,718.22,514.40,-0.0614,-0.6600,0.1389,1.000,1.000
73,2.9200,1,5,right_eye,720.12,514.06,-0.0577,-0.6587,0.1279,1.000,1.000
73,2.9200,1,6,right_eye_outer,722.08,513.63,-0.0503,-0.6481,0.1478,1.000,1.000
73,2.9200,1,7,left_ear,706.59,519.34,-0.1195,-0.5872,0.0369,1.000,1.000
73,2.9200,1,8,right_ear,726.75,516.28,0.0170,-0.5583,0.0812,1.000,1.000
73,2.9200,1,9,mouth_left,712.56,524.71,-0.0860,-0.6039,0.1669,1.000,1.000
73,2.9200,1,10,mouth_right,719.06,524.68,-0.0469,-0.5708,0.1507,1.000,1.000
73,2.9200,1,11,left_shoulder,691.67,552.67,-0.1564,-0.4327,0.0117,1.000,1.000
73,2.9200,1,12,right_shoulder,753.74,553.31,0.1136,-0.5133,0.1745,1.000,1.000
73,2.9200,1,13,left_elbow,696.80,601.18,-0.1395,-0.2463,0.0130,0.992,1.000
73,2.9200,1,14,right_elbow,764.81,600.96,0.1942,-0.2525,0.2171,0.423,0.999
73,2.9200,1,15,left_wrist,686.40,603.36,-0.1985,-0.2446,0.2257,0.575,1.000
73,2.9200,1,16,right_wrist,738.87,591.81,0.0201,-0.2853,0.3643,0.013,1.000
73,2.9200,1,17,left_pinky,679.61,605.72,-0.2274,-0.2725,0.2619,0.488,1.000
73,2.9200,1,18,right_pinky,732.48,589.96,0.0317,-0.3261,0.3746,0.016,1.000
73,2.9200,1,19,left_index,680.94,596.98,-0.2277,-0.3039,0.2714,0.474,1.000
73,2.9200,1,20,right_index,729.69,587.51,0.0024,-0.3885,0.3772,0.014,1.000
73,2.9200,1,21,left_thumb,683.55,596.12,-0.1887,-0.2472,0.2370,0.387,1.000
73,2.9200,1,22,right_thumb,730.72,587.98,-0.0088,-0.3166,0.3650,0.016,1.000
73,2.9200,1,23,left_hip,714.10,647.18,-0.0702,0.0129,-0.0253,1.000,1.000
73,2.9200,1,24,right_hip,748.89,645.24,0.0719,-0.0191,0.0239,1.000,1.000
73,2.9200,1,25,left_knee,688.27,716.12,-0.1845,0.3927,-0.0751,0.998,1.000
73,2.9200,1,26,right_knee,752.89,715.45,0.1157,0.2949,0.0140,0.961,1.000
73,2.9200,1,27,left_ankle,698.48,793.16,-0.1411,0.7116,-0.1385,0.996,1.000
73,2.9200,1,28,right_ankle,765.20,786.66,0.1414,0.7048,-0.0090,0.987,1.000
73,2.9200,1,29,left_heel,705.90,802.56,-0.1644,0.7532,-0.1348,0.995,1.000
73,2.9200,1,30,right_heel,773.31,796.02,0.1336,0.7445,-0.0465,0.993,1.000
73,2.9200,1,31,left_foot_index,674.32,813.69,-0.2728,0.8239,-0.0900,0.979,1.000
73,2.9200,1,32,right_foot_index,749.13,805.29,0.0707,0.7565,-0.0007,0.948,1.000
73,2.9200,0,0,nose,1375.98,502.54,-0.1273,-0.6489,0.0251,0.999,1.000
73,2.9200,0,1,left_eye_inner,1376.49,494.33,-0.1144,-0.6591,-0.0165,0.999,1.000
73,2.9200,0,2,left_eye,1375.19,494.42,-0.1141,-0.6580,-0.0050,0.999,1.000
73,2.9200,0,3,left_eye_outer,1373.92,494.53,-0.1130,-0.6608,-0.0083,0.999,1.000
73,2.9200,0,4,right_eye_inner,1382.25,493.60,-0.0886,-0.6737,-0.0053,0.998,1.000
73,2.9200,0,5,right_eye,1384.89,493.31,-0.0877,-0.6735,-0.0198,0.999,1.000
73,2.9200,0,6,right_eye_outer,1387.29,493.03,-0.0802,-0.6594,0.0016,0.999,1.000
73,2.9200,0,7,left_ear,1377.21,497.36,-0.0714,-0.6152,-0.1238,0.999,1.000
73,2.9200,0,8,right_ear,1394.52,496.13,0.0265,-0.5774,-0.0118,0.996,1.000
73,2.9200,0,9,mouth_left,1375.59,511.09,-0.1010,-0.6265,0.0056,0.998,1.000
73,2.9200,0,10,mouth_right,1380.66,510.41,-0.0723,-0.5954,0.0079,0.997,1.000
73,2.9200,0,11,left_shoulder,1376.13,543.39,-0.0841,-0.4558,-0.1603,1.000,1.000
73,2.9200,0,12,right_shoulder,1433.59,546.06,0.1367,-0.5450,0.1188,0.999,1.000
73,2.9200,0,13,left_elbow,1370.13,621.14,-0.0710,-0.2614,-0.2470,0.997,1.000
73,2.9200,0,14,right_elbow,1474.94,595.21,0.2242,-0.3046,0.0984,0.320,1.000
73,2.9200,0,15,left_wrist,1353.64,686.09,-0.1302,-0.0525,-0.1907,0.975,1.000
73,2.9200,0,16,right_wrist,1426.90,630.02,0.0733,-0.2055,0.0775,0.033,1.000
73,2.9200,0,17,left_pinky,1349.53,705.61,-0.1484,-0.0346,-0.1861,0.953,1.000
73,2.9200,0,18,right_pinky,1419.14,642.30,0.0703,-0.2083,0.0666,0.033,1.000
73,2.9200,0,19,left_index,1349.58,705.99,-0.1686,-0.0273,-0.1787,0.948,1.000
73,2.9200,0,20,right_index,1414.35,638.58,0.0476,-0.2440,0.0592,0.030,1.000
73,2.9200,0,21,left_thumb,1351.21,699.63,-0.1292,-0.0294,-0.1805,0.888,1.000
73,2.9200,0,22,right_thumb,1417.09,634.17,0.0532,-0.2169,0.0673,0.030,1.000
73,2.9200,0,23,left_hip,1386.62,695.75,-0.0612,0.0088,-0.0423,1.000,1.000
73,2.9200,0,24,right_hip,1416.63,690.90,0.0637,-0.0123,0.0431,1.000,1.000
73,2.9200,0,25,left_knee,1383.73,791.16,-0.0787,0.3612,0.0075,0.955,1.000
73,2.9200,0,26,right_knee,1424.32,779.25,0.1013,0.2790,0.1470,0.453,1.000
73,2.9200,0,27,left_ankle,1370.25,894.90,-0.1293,0.7002,0.0531,0.979,1.000
73,2.9200,0,28,right_ankle,1429.62,879.56,0.1037,0.6779,0.2390,0.793,1.000
73,2.9200,0,29,left_heel,1384.83,915.57,-0.1605,0.7364,0.0671,0.965,0.999
73,2.9200,0,30,right_heel,1436.73,903.29,0.0960,0.7112,0.2099,0.900,1.000
73,2.9200,0,31,left_foot_index,1317.97,906.99,-0.2740,0.7272,0.0656,0.928,1.000
73,2.9200,0,32,right_foot_index,1396.70,885.87,0.0295,0.6806,0.2276,0.673,1.000
74,2.9600,1,0,nose,707.81,518.83,-0.0915,-0.6246,0.1763,1.000,1.000
74,2.9600,1,1,left_eye_inner,704.33,514.49,-0.0964,-0.6361,0.1402,1.000,1.000
74,2.9600,1,2,left_eye,701.93,514.76,-0.0956,-0.6364,0.1501,1.000,1.000
74,2.9600,1,3,left_eye_outer,699.79,514.95,-0.0945,-0.6384,0.1474,1.000,1.000
74,2.9600,1,4,right_eye_inner,710.08,513.46,-0.0606,-0.6528,0.1338,1.000,1.000
74,2.9600,1,5,right_eye,711.91,513.07,-0.0569,-0.6520,0.1206,1.000,1.000
74,2.9600,1,6,right_eye_outer,713.79,512.61,-0.0498,-0.6420,0.1420,1.000,1.000
74,2.9600,1,7,left_ear,698.45,518.59,-0.1079,-0.5901,0.0322,1.000,1.000
74,2.9600,1,8,right_ear,718.41,515.34,0.0240,-0.5582,0.0832,1.000,1.000
74,2.9600,1,9,mouth_left,704.73,523.88,-0.0853,-0.6008,0.1590,1.000,1.000
74,2.9600,1,10,mouth_right,711.50,523.37,-0.0467,-0.5667,0.1443,1.000,1.000
74,2.9600,1,11,left_shoulder,684.79,551.25,-0.1420,-0.4414,0.0117,1.000,1.000
74,2.9600,1,12,right_shoulder,746.14,551.14,0.1270,-0.5153,0.1676,1.000,1.000
74,2.9600,1,13,left_elbow,688.65,600.14,-0.1293,-0.2550,-0.0243,0.994,1.000
74,2.9600,1,14,right_elbow,760.21,600.40,0.2070,-0.2382,0.1428,0.599,1.000
74,2.9600,1,15,left_wrist,678.01,598.72,-0.1858,-0.2461,0.1025,0.784,1.000
74,2.9600,1,16,right_wrist,731.04,596.65,0.0218,-0.2462,0.1937,0.026,1.000
74,2.9600,1,17,left_pinky,672.08,598.71,-0.2126,-0.2721,0.1304,0.711,1.000
74,2.9600,1,18,right_pinky,722.43,594.49,0.0218,-0.2741,0.1932,0.026,1.000
74,2.9600,1,19,left_index,673.15,592.60,-0.2052,-0.3036,0.1389,0.700,1.000
74,2.9600,1,20,right_index,720.24,591.72,-0.0045,-0.3348,0.1972,0.022,1.000
74,2.9600,1,21,left_thumb,675.66,592.40,-0.1744,-0.2499,0.1118,0.601,1.000
74,2.9600,1,22,right_thumb,723.05,591.52,-0.0064,-0.2737,0.1941,0.023,1.000
74,2.9600,1,23,left_hip,703.88,647.21,-0.0768,0.0109,-0.0177,1.000,1.000
74,2.9600,1,24,right_hip,739.33,644.51,0.0785,-0.0158,0.0175,1.000,1.000
74,2.9600,1,25,left_knee,680.96,719.70,-0.1662,0.3905,-0.0636,0.997,1.000
74,2.9600,1,26,right_knee,746.14,714.01,0.1405,0.3152,0.0040,0.969,1.000
74,2.9600,1,27,left_ankle,674.15,792.79,-0.1929,0.6986,-0.1077,0.997,1.000
74,2.9600,1,28,right_ankle,760.66,783.99,0.1857,0.6998,0.0056,0.986,1.000
74,2.9600,1,29,left_heel,681.66,803.51,-0.2241,0.7367,-0.1001,0.996,1.000
74,2.9600,1,30,right_heel,767.85,793.44,0.1817,0.7345,-0.0308,0.993,1.000
74,2.9600,1,31,left_foot_index,654.81,809.68,-0.3282,0.7864,-0.0647,0.981,1.000
74,2.9600,1,32,right_foot_index,749.76,806.10,0.1296,0.7370,0.0063,0.941,1.000
74,2.9600,0,0,nose,1376.90,504.79,-0.1166,-0.6446,0.0135,0.998,1.000
74,2.9600,0,1,left_eye_inner,1376.02,496.05,-0.1053,-0.6535,-0.0271,0.997,1.000
74,2.9600,0,2,left_eye,1374.61,495.58,-0.1052,-0.6526,-0.0155,0.997,1.000
74,2.9600,0,3,left_eye_outer,1373.13,495.20,-0.1042,-0.6553,-0.0189,0.998,1.000
74,2.9600,0,4,right_eye_inner,1381.99,495.78,-0.0804,-0.6678,-0.0169,0.997,1.000
74,2.9600,0,5,right_eye,1384.68,495.12,-0.0796,-0.6677,-0.0314,0.997,1.000
74,2.9600,0,6,right_eye_outer,1387.11,494.42,-0.0721,-0.6534,-0.0101,0.998,1.000
74,2.9600,0,7,left_ear,1375.53,497.24,-0.0666,-0.6104,-0.1300,0.998,1.000
74,2.9600,0,8,right_ear,1394.24,496.20,0.0288,-0.5712,-0.0239,0.992,1.000
74,2.9600,0,9,mouth_left,1376.30,511.62,-0.0914,-0.6230,-0.0039,0.997,1.000
74,2.9600,0,10,mouth_right,1382.04,512.39,-0.0630,-0.5915,-0.0035,0.994,1.000
74,2.9600,0,11,left_shoulder,1376.20,543.23,-0.0766,-0.4536,-0.1653,1.000,1.000
74,2.9600,0,12,right_shoulder,1431.80,544.47,0.1323,-0.5438,0.1085,0.999,1.000
74,2.9600,0,13,left_elbow,1371.21,619.28,-0.0672,-0.2629,-0.2581,0.995,1.000
74,2.9600,0,14,right_elbow,1473.95,593.76,0.2128,-0.3112,0.0883,0.285,1.000
74,2.9600,0,15,left_wrist,1353.09,685.40,-0.1285,-0.0591,-0.2115,0.953,1.000
74,2.9600,0,16,right_wrist,1426.68,628.70,0.0679,-0.2083,0.0653,0.029,1.000
74,2.9600,0,17,left_pinky,1350.14,705.72,-0.1481,-0.0426,-0.2092,0.918,1.000
74,2.9600,0,18,right_pinky,1418.45,641.72,0.0657,-0.2101,0.0530,0.028,1.000
74,2.9600,0,19,left_index,1348.93,705.91,-0.1685,-0.0356,-0.2017,0.910,1.000
74,2.9600,0,20,right_index,1414.51,637.75,0.0461,-0.2449,0.0451,0.026,1.000
74,2.9600,0,21,left_thumb,1349.92,699.52,-0.1277,-0.0365,-0.2013,0.815,1.000
74,2.9600,0,22,right_thumb,1416.63,633.22,0.0490,-0.2186,0.0546,0.025,1.000
74,2.9600,0,23,left_hip,1385.83,698.93,-0.0588,0.0091,-0.0417,1.000,1.000
74,2.9600,0,24,right_hip,1416.25,693.81,0.0613,-0.0127,0.0425,1.000,1.000
74,2.9600,0,25,left_knee,1383.26,791.14,-0.0816,0.3553,0.0088,0.934,1.000
74,2.9600,0,26,right_knee,1422.45,779.10,0.0957,0.2671,0.1602,0.342,1.000
74,2.9600,0,27,left_ankle,1370.99,893.87,-0.1348,0.6825,0.0573,0.975,1.000
74,2.9600,0,28,right_ankle,1429.83,879.80,0.0956,0.6654,0.2607,0.758,1.000
74,2.9600,0,29,left_heel,1382.82,915.30,-0.1657,0.7169,0.0720,0.954,1.000
74,2.9600,0,30,right_heel,1437.32,903.15,0.0880,0.6987,0.2327,0.870,1.000
74,2.9600,0,31,left_foot_index,1317.16,908.36,-0.2795,0.7051,0.0682,0.916,1.000
74,2.9600,0,32,right_foot_index,1395.62,888.87,0.0239,0.6698,0.2461,0.627,1.000
